user_id,event_sequence,country,device_type,membership,rage_clicks_5m,policy_views_5m,cart_additions_5m,active_session_duration,total_events,churned
user_0,"[""remove_from_cart"", ""search"", ""view_returns"", ""begin_checkout"", ""check_policy"", ""contact_support"", ""add_to_cart"", ""check_policy"", ""search"", ""search"", ""view_returns""]",FR,desktop,premium,0,0,1,164.73685963427315,34,0
user_1,"[""remove_from_cart"", ""view_returns"", ""view_returns"", ""add_to_cart"", ""purchase"", ""begin_checkout"", ""view_item"", ""view_returns"", ""wishlist_add""]",IN,desktop,free,0,0,2,21.32640768286608,18,0
user_2,"[""purchase"", ""view_item"", ""wishlist_add"", ""begin_checkout"", ""page_view"", ""wishlist_add"", ""contact_support"", ""purchase"", ""wishlist_add"", ""rage_click"", ""page_view"", ""search"", ""search"", ""contact_support"", ""wishlist_add"", ""wishlist_add"", ""add_to_cart"", ""wishlist_add""]",DE,tablet,premium,1,0,0,628.6827595972911,96,1
user_3,"[""remove_from_cart"", ""rage_click"", ""add_to_cart"", ""begin_checkout"", ""add_to_cart"", ""check_policy"", ""begin_checkout"", ""rage_click"", ""check_policy"", ""view_item"", ""remove_from_cart""]",JP,desktop,free,1,0,2,257.03957721394266,96,0
user_4,"[""wishlist_add"", ""view_item"", ""contact_support"", ""rage_click"", ""contact_support"", ""begin_checkout"", ""view_item"", ""remove_from_cart"", ""wishlist_add"", ""wishlist_add"", ""check_policy"", ""wishlist_add"", ""view_returns""]",US,tablet,premium,0,0,1,311.57392122701015,35,0
user_5,"[""add_to_cart"", ""page_view"", ""remove_from_cart"", ""view_item"", ""view_returns"", ""remove_from_cart"", ""view_item"", ""purchase"", ""purchase"", ""contact_support"", ""remove_from_cart"", ""purchase"", ""view_item"", ""contact_support"", ""wishlist_add"", ""view_item"", ""contact_support"", ""remove_from_cart"", ""view_returns""]",US,desktop,free,0,0,2,102.2674722434629,73,1
user_6,"[""check_policy"", ""wishlist_add"", ""rage_click"", ""view_returns"", ""begin_checkout"", ""view_item"", ""begin_checkout"", ""view_returns"", ""contact_support"", ""rage_click"", ""wishlist_add"", ""wishlist_add"", ""wishlist_add"", ""rage_click"", ""page_view"", ""rage_click"", ""check_policy"", ""rage_click""]",CN,tablet,enterprise,0,0,0,76.78567943826232,27,0
user_7,"[""page_view"", ""wishlist_add"", ""view_returns"", ""view_returns"", ""search"", ""add_to_cart"", ""page_view"", ""view_returns"", ""add_to_cart"", ""add_to_cart"", ""page_view"", ""search""]",CN,mobile,enterprise,0,0,1,369.20311206506955,97,0
user_8,"[""contact_support"", ""check_policy"", ""contact_support"", ""rage_click"", ""wishlist_add"", ""check_policy"", ""rage_click"", ""view_returns"", ""wishlist_add""]",US,mobile,free,1,1,0,334.0253401248833,11,0
user_9,"[""page_view"", ""check_policy"", ""check_policy"", ""view_returns"", ""begin_checkout"", ""add_to_cart""]",IN,desktop,free,1,1,2,39.26451401662682,10,0
user_10,"[""view_returns"", ""purchase"", ""search"", ""add_to_cart"", ""page_view"", ""add_to_cart"", ""begin_checkout"", ""add_to_cart"", ""page_view"", ""begin_checkout"", ""contact_support"", ""check_policy"", ""check_policy"", ""search"", ""rage_click"", ""contact_support""]",FR,desktop,enterprise,1,1,2,81.79523635185758,57,0
user_11,"[""wishlist_add"", ""add_to_cart"", ""check_policy"", ""page_view"", ""remove_from_cart"", ""remove_from_cart"", ""begin_checkout"", ""check_policy"", ""check_policy"", ""search"", ""remove_from_cart"", ""check_policy"", ""search"", ""add_to_cart""]",UK,tablet,premium,1,0,3,878.847359669993,89,1
user_12,"[""wishlist_add"", ""view_item"", ""contact_support"", ""rage_click"", ""begin_checkout"", ""purchase"", ""wishlist_add"", ""wishlist_add"", ""wishlist_add"", ""wishlist_add""]",US,tablet,free,2,0,0,108.79817186595511,72,0
user_13,"[""search"", ""contact_support"", ""check_policy"", ""wishlist_add"", ""rage_click"", ""check_policy"", ""page_view"", ""page_view""]",IN,mobile,premium,0,0,0,7.851300884527321,97,0
user_14,"[""search"", ""rage_click"", ""remove_from_cart"", ""rage_click"", ""add_to_cart"", ""check_policy"", ""purchase"", ""view_returns"", ""search"", ""rage_click"", ""begin_checkout"", ""page_view"", ""add_to_cart""]",IN,desktop,enterprise,1,0,0,19.772093378626078,45,0
user_15,"[""wishlist_add"", ""view_returns"", ""search"", ""purchase"", ""view_returns"", ""rage_click"", ""remove_from_cart"", ""page_view"", ""page_view"", ""contact_support"", ""remove_from_cart"", ""wishlist_add"", ""check_policy"", ""view_item""]",CN,tablet,enterprise,0,1,1,448.1569187696489,72,0
user_16,"[""page_view"", ""begin_checkout"", ""page_view"", ""view_returns"", ""page_view"", ""search"", ""page_view""]",CN,mobile,free,0,0,0,424.600415456173,84,1
user_17,"[""view_item"", ""wishlist_add"", ""purchase"", ""check_policy"", ""begin_checkout"", ""page_view""]",FR,mobile,premium,0,0,3,144.29620838374348,35,1
user_18,"[""add_to_cart"", ""view_item"", ""begin_checkout"", ""wishlist_add"", ""contact_support""]",US,tablet,enterprise,0,0,4,49.88749699134382,15,0
user_19,"[""check_policy"", ""remove_from_cart"", ""check_policy"", ""search"", ""view_returns"", ""search"", ""page_view"", ""purchase"", ""view_returns"", ""begin_checkout""]",FR,desktop,premium,0,0,2,206.80943301398406,35,1
user_20,"[""view_item"", ""purchase"", ""purchase"", ""search"", ""page_view"", ""rage_click"", ""wishlist_add"", ""search""]",IN,mobile,enterprise,0,0,1,120.9901306601982,52,1
user_21,"[""add_to_cart"", ""remove_from_cart"", ""wishlist_add"", ""search"", ""remove_from_cart"", ""add_to_cart"", ""contact_support"", ""add_to_cart"", ""add_to_cart"", ""remove_from_cart""]",US,tablet,free,1,0,1,140.50630400871054,10,0
user_22,"[""remove_from_cart"", ""rage_click"", ""page_view"", ""view_returns"", ""check_policy"", ""view_item"", ""view_returns"", ""page_view"", ""search"", ""wishlist_add"", ""rage_click""]",UK,mobile,premium,0,0,1,90.73126190264,18,1
user_23,"[""view_item"", ""check_policy"", ""contact_support"", ""add_to_cart"", ""check_policy"", ""wishlist_add"", ""contact_support"", ""rage_click"", ""remove_from_cart"", ""wishlist_add"", ""page_view"", ""view_item"", ""page_view""]",JP,desktop,premium,0,0,2,19.476110276521315,36,1
user_24,"[""wishlist_add"", ""begin_checkout"", ""begin_checkout"", ""search"", ""check_policy"", ""rage_click"", ""rage_click"", ""add_to_cart"", ""add_to_cart"", ""add_to_cart"", ""remove_from_cart"", ""view_returns"", ""purchase"", ""view_returns"", ""page_view"", ""view_returns"", ""remove_from_cart"", ""search""]",US,tablet,free,0,1,1,469.8550223129149,80,0
user_25,"[""view_returns"", ""remove_from_cart"", ""purchase"", ""view_returns"", ""remove_from_cart""]",JP,desktop,free,2,1,1,288.87387389892757,12,0
user_26,"[""add_to_cart"", ""rage_click"", ""add_to_cart"", ""rage_click"", ""view_item"", ""view_item"", ""view_item"", ""purchase"", ""add_to_cart"", ""rage_click"", ""remove_from_cart"", ""page_view"", ""remove_from_cart"", ""page_view"", ""begin_checkout"", ""remove_from_cart"", ""view_returns"", ""view_returns""]",US,desktop,free,0,1,1,539.8802626411562,70,1
user_27,"[""add_to_cart"", ""page_view"", ""page_view"", ""wishlist_add"", ""search"", ""add_to_cart"", ""purchase"", ""check_policy"", ""purchase"", ""purchase"", ""purchase""]",UK,mobile,free,1,0,1,209.87151858345445,82,0
user_28,"[""add_to_cart"", ""purchase"", ""view_returns"", ""search"", ""search"", ""view_item"", ""begin_checkout"", ""page_view"", ""wishlist_add"", ""page_view"", ""begin_checkout"", ""wishlist_add"", ""add_to_cart"", ""remove_from_cart"", ""add_to_cart"", ""page_view"", ""page_view""]",IN,desktop,enterprise,0,1,1,1259.6444244044326,11,1
user_29,"[""wishlist_add"", ""begin_checkout"", ""purchase"", ""add_to_cart"", ""wishlist_add"", ""rage_click"", ""begin_checkout"", ""view_returns"", ""page_view"", ""begin_checkout"", ""add_to_cart"", ""wishlist_add"", ""page_view"", ""remove_from_cart"", ""begin_checkout"", ""check_policy""]",BR,mobile,premium,0,0,4,985.2236452522633,83,0
user_30,"[""add_to_cart"", ""view_item"", ""rage_click"", ""contact_support"", ""purchase""]",CN,tablet,enterprise,1,0,0,95.14706015039228,90,0
user_31,"[""add_to_cart"", ""view_returns"", ""view_returns"", ""view_item"", ""purchase"", ""check_policy"", ""view_item"", ""search"", ""contact_support"", ""view_item"", ""contact_support"", ""page_view"", ""view_returns"", ""page_view""]",JP,tablet,free,0,0,1,146.80580958699392,40,0
user_32,"[""search"", ""purchase"", ""check_policy"", ""contact_support"", ""check_policy"", ""contact_support"", ""add_to_cart"", ""view_item"", ""rage_click"", ""view_returns"", ""wishlist_add"", ""contact_support"", ""check_policy""]",IN,mobile,enterprise,0,0,1,419.1573504426655,74,0
user_33,"[""remove_from_cart"", ""remove_from_cart"", ""page_view"", ""view_returns"", ""wishlist_add"", ""add_to_cart"", ""check_policy"", ""wishlist_add"", ""view_item"", ""view_item"", ""check_policy"", ""purchase"", ""add_to_cart""]",FR,mobile,enterprise,0,0,2,449.64206677027136,27,0
user_34,"[""contact_support"", ""purchase"", ""contact_support"", ""contact_support"", ""purchase"", ""page_view"", ""remove_from_cart"", ""contact_support"", ""purchase"", ""purchase"", ""search"", ""wishlist_add"", ""begin_checkout""]",US,mobile,premium,0,0,1,724.723235575373,15,1
user_35,"[""view_returns"", ""begin_checkout"", ""wishlist_add"", ""wishlist_add"", ""wishlist_add""]",CN,desktop,premium,0,2,0,317.2127462484837,51,0
user_36,"[""check_policy"", ""remove_from_cart"", ""purchase"", ""remove_from_cart"", ""add_to_cart"", ""check_policy"", ""view_returns"", ""remove_from_cart"", ""view_item""]",US,tablet,premium,1,3,2,193.37624254791837,77,0
user_37,"[""contact_support"", ""add_to_cart"", ""page_view"", ""view_returns"", ""add_to_cart"", ""wishlist_add"", ""contact_support"", ""check_policy"", ""contact_support"", ""begin_checkout"", ""contact_support"", ""begin_checkout"", ""check_policy"", ""rage_click"", ""wishlist_add"", ""begin_checkout""]",FR,tablet,free,0,0,2,142.27654006299485,13,0
user_38,"[""contact_support"", ""contact_support"", ""page_view"", ""view_item"", ""purchase""]",IN,desktop,free,0,0,1,162.9935660221753,13,0
user_39,"[""view_returns"", ""begin_checkout"", ""page_view"", ""check_policy"", ""begin_checkout"", ""purchase"", ""check_policy"", ""add_to_cart"", ""wishlist_add"", ""contact_support"", ""add_to_cart"", ""begin_checkout"", ""purchase""]",UK,mobile,premium,1,0,2,569.9473938708146,74,1
user_40,"[""wishlist_add"", ""begin_checkout"", ""page_view"", ""remove_from_cart"", ""begin_checkout"", ""wishlist_add"", ""contact_support"", ""contact_support"", ""begin_checkout"", ""check_policy"", ""remove_from_cart"", ""page_view"", ""begin_checkout""]",DE,tablet,enterprise,0,1,2,1173.739585076533,50,1
user_41,"[""contact_support"", ""contact_support"", ""purchase"", ""begin_checkout"", ""remove_from_cart"", ""view_item"", ""remove_from_cart"", ""contact_support"", ""contact_support"", ""add_to_cart"", ""contact_support""]",US,desktop,premium,1,0,1,15.991495445213854,52,0
user_42,"[""view_returns"", ""begin_checkout"", ""remove_from_cart"", ""view_returns"", ""check_policy""]",BR,mobile,free,1,0,1,260.42498054715713,64,0
user_43,"[""page_view"", ""wishlist_add"", ""search"", ""remove_from_cart"", ""view_returns"", ""wishlist_add""]",FR,tablet,enterprise,0,0,1,220.22448695880612,28,0
user_44,"[""add_to_cart"", ""wishlist_add"", ""page_view"", ""page_view"", ""add_to_cart"", ""search""]",DE,mobile,free,0,0,1,141.54988235216547,30,0
user_45,"[""wishlist_add"", ""add_to_cart"", ""page_view"", ""page_view"", ""view_returns"", ""contact_support"", ""search"", ""wishlist_add"", ""wishlist_add""]",US,desktop,premium,0,0,1,572.3055663392596,67,1
user_46,"[""view_item"", ""add_to_cart"", ""view_item"", ""add_to_cart"", ""check_policy"", ""page_view"", ""contact_support"", ""view_returns"", ""contact_support"", ""contact_support"", ""contact_support"", ""view_item"", ""add_to_cart"", ""rage_click"", ""check_policy"", ""remove_from_cart"", ""contact_support"", ""begin_checkout"", ""view_item""]",JP,tablet,premium,1,0,1,257.2247745362797,39,0
user_47,"[""search"", ""view_returns"", ""remove_from_cart"", ""rage_click"", ""begin_checkout"", ""rage_click"", ""remove_from_cart"", ""contact_support"", ""begin_checkout"", ""rage_click"", ""view_returns"", ""add_to_cart"", ""page_view"", ""add_to_cart"", ""remove_from_cart"", ""view_item"", ""page_view""]",IN,mobile,enterprise,0,0,1,112.67698250760769,16,0
user_48,"[""view_returns"", ""check_policy"", ""begin_checkout"", ""wishlist_add"", ""page_view"", ""check_policy"", ""check_policy"", ""rage_click"", ""add_to_cart"", ""rage_click"", ""page_view""]",CN,mobile,premium,2,0,1,176.15223646556655,78,0
user_49,"[""remove_from_cart"", ""rage_click"", ""purchase"", ""search"", ""add_to_cart""]",CN,mobile,free,0,1,1,132.39152756736237,73,1
user_50,"[""remove_from_cart"", ""wishlist_add"", ""rage_click"", ""add_to_cart"", ""wishlist_add""]",FR,desktop,free,0,0,0,168.6807355226008,11,1
user_51,"[""check_policy"", ""wishlist_add"", ""remove_from_cart"", ""add_to_cart"", ""contact_support"", ""begin_checkout"", ""begin_checkout"", ""add_to_cart"", ""wishlist_add"", ""rage_click"", ""remove_from_cart"", ""search"", ""begin_checkout""]",JP,mobile,free,1,0,1,22.179805443280628,76,1
user_52,"[""begin_checkout"", ""check_policy"", ""rage_click"", ""check_policy"", ""begin_checkout"", ""contact_support"", ""contact_support"", ""check_policy""]",UK,tablet,enterprise,0,1,2,35.60662167774902,88,1
user_53,"[""contact_support"", ""begin_checkout"", ""add_to_cart"", ""check_policy"", ""search"", ""search"", ""view_item"", ""wishlist_add"", ""rage_click"", ""contact_support"", ""contact_support"", ""wishlist_add"", ""page_view"", ""purchase"", ""check_policy"", ""view_returns"", ""contact_support"", ""rage_click""]",DE,tablet,free,0,0,4,293.2039441162691,83,1
user_54,"[""search"", ""contact_support"", ""view_item"", ""begin_checkout"", ""begin_checkout"", ""purchase""]",FR,mobile,premium,0,0,3,345.66884189268023,18,1
user_55,"[""view_returns"", ""page_view"", ""purchase"", ""remove_from_cart"", ""page_view"", ""check_policy"", ""rage_click""]",BR,desktop,enterprise,0,1,2,303.6921909294944,32,1
user_56,"[""remove_from_cart"", ""remove_from_cart"", ""purchase"", ""wishlist_add"", ""add_to_cart"", ""wishlist_add"", ""purchase"", ""check_policy"", ""search"", ""contact_support"", ""contact_support"", ""add_to_cart"", ""check_policy"", ""add_to_cart"", ""view_item"", ""wishlist_add"", ""contact_support""]",US,tablet,free,1,0,4,432.00399628186176,23,1
user_57,"[""wishlist_add"", ""view_returns"", ""rage_click"", ""check_policy"", ""page_view"", ""add_to_cart"", ""wishlist_add"", ""rage_click""]",CN,tablet,free,0,0,2,862.2350916730193,63,0
user_58,"[""wishlist_add"", ""page_view"", ""rage_click"", ""view_returns"", ""page_view"", ""purchase"", ""begin_checkout"", ""purchase"", ""contact_support"", ""wishlist_add"", ""begin_checkout"", ""purchase"", ""begin_checkout"", ""search"", ""wishlist_add"", ""begin_checkout"", ""remove_from_cart"", ""add_to_cart"", ""add_to_cart""]",US,tablet,premium,0,0,3,591.161734687781,54,0
user_59,"[""rage_click"", ""view_item"", ""rage_click"", ""page_view"", ""page_view"", ""begin_checkout"", ""purchase"", ""purchase""]",DE,mobile,premium,0,0,0,162.64823421372228,25,0
user_60,"[""check_policy"", ""rage_click"", ""search"", ""wishlist_add"", ""contact_support"", ""view_returns"", ""purchase""]",JP,tablet,enterprise,0,0,0,73.59494554299711,93,0
user_61,"[""view_returns"", ""wishlist_add"", ""begin_checkout"", ""view_returns"", ""contact_support"", ""wishlist_add"", ""remove_from_cart"", ""contact_support"", ""view_returns"", ""contact_support"", ""wishlist_add"", ""view_item"", ""wishlist_add"", ""wishlist_add"", ""begin_checkout"", ""rage_click""]",JP,mobile,free,2,0,1,112.12549661933141,81,1
user_62,"[""search"", ""purchase"", ""page_view"", ""rage_click"", ""page_view"", ""begin_checkout"", ""remove_from_cart"", ""wishlist_add""]",FR,mobile,free,1,1,1,265.8314009872903,66,1
user_63,"[""add_to_cart"", ""purchase"", ""view_item"", ""add_to_cart"", ""begin_checkout"", ""rage_click"", ""view_item"", ""contact_support"", ""view_returns"", ""view_item"", ""search"", ""begin_checkout"", ""check_policy"", ""view_returns"", ""page_view"", ""purchase"", ""page_view""]",FR,mobile,premium,0,0,0,581.8169382151706,17,0
user_64,"[""page_view"", ""search"", ""begin_checkout"", ""contact_support"", ""rage_click"", ""purchase""]",JP,mobile,enterprise,0,0,1,362.920938205946,34,0
user_65,"[""search"", ""page_view"", ""page_view"", ""view_item"", ""rage_click"", ""add_to_cart"", ""page_view"", ""begin_checkout"", ""check_policy"", ""purchase"", ""wishlist_add"", ""page_view"", ""begin_checkout"", ""begin_checkout"", ""purchase""]",FR,mobile,premium,0,0,3,234.93016924276813,50,1
user_66,"[""begin_checkout"", ""check_policy"", ""begin_checkout"", ""begin_checkout"", ""begin_checkout"", ""contact_support"", ""contact_support""]",JP,tablet,premium,0,0,1,276.2993073439976,71,0
user_67,"[""page_view"", ""begin_checkout"", ""rage_click"", ""page_view"", ""add_to_cart"", ""remove_from_cart"", ""page_view""]",DE,mobile,enterprise,1,0,3,225.39895965157544,86,0
user_68,"[""view_returns"", ""view_item"", ""wishlist_add"", ""view_returns"", ""check_policy""]",FR,mobile,free,2,0,1,1068.7005936319058,27,1
user_69,"[""contact_support"", ""view_item"", ""purchase"", ""purchase"", ""add_to_cart"", ""search"", ""view_item"", ""wishlist_add"", ""page_view"", ""purchase"", ""wishlist_add"", ""begin_checkout"", ""search"", ""rage_click""]",JP,mobile,free,1,0,4,507.9950004174401,59,0
user_70,"[""check_policy"", ""begin_checkout"", ""begin_checkout"", ""view_item"", ""search""]",FR,mobile,free,0,0,2,455.98505242403377,50,0
user_71,"[""check_policy"", ""purchase"", ""wishlist_add"", ""view_item"", ""purchase"", ""view_item"", ""view_item""]",US,mobile,enterprise,1,1,3,218.52599688856606,43,0
user_72,"[""search"", ""add_to_cart"", ""view_item"", ""remove_from_cart"", ""rage_click"", ""purchase""]",IN,mobile,enterprise,0,0,0,120.95457088806525,90,0
user_73,"[""view_returns"", ""wishlist_add"", ""check_policy"", ""contact_support"", ""add_to_cart""]",CN,tablet,enterprise,1,0,2,5.912102427707168,21,0
user_74,"[""begin_checkout"", ""remove_from_cart"", ""contact_support"", ""view_returns"", ""page_view""]",US,mobile,enterprise,0,0,3,13.320400429158717,89,0
user_75,"[""page_view"", ""wishlist_add"", ""remove_from_cart"", ""view_returns"", ""begin_checkout"", ""view_item"", ""purchase"", ""begin_checkout"", ""view_item"", ""search"", ""search"", ""search"", ""add_to_cart"", ""rage_click""]",UK,mobile,enterprise,0,0,3,9.211356373287632,86,0
user_76,"[""check_policy"", ""search"", ""purchase"", ""view_returns"", ""remove_from_cart"", ""view_returns"", ""remove_from_cart"", ""view_returns"", ""rage_click"", ""add_to_cart"", ""add_to_cart""]",JP,tablet,premium,0,0,2,1180.8450225979082,84,0
user_77,"[""view_item"", ""contact_support"", ""add_to_cart"", ""add_to_cart"", ""begin_checkout"", ""begin_checkout"", ""view_item"", ""wishlist_add"", ""contact_support"", ""purchase"", ""begin_checkout"", ""purchase"", ""page_view"", ""begin_checkout"", ""rage_click""]",UK,tablet,free,1,0,2,36.47486300796214,87,1
user_78,"[""contact_support"", ""view_item"", ""page_view"", ""contact_support"", ""search"", ""rage_click"", ""contact_support"", ""rage_click"", ""rage_click"", ""purchase"", ""view_returns"", ""search"", ""page_view"", ""contact_support"", ""remove_from_cart"", ""page_view""]",JP,desktop,enterprise,1,0,1,45.986913711371486,51,0
user_79,"[""page_view"", ""add_to_cart"", ""remove_from_cart"", ""view_returns"", ""purchase"", ""contact_support"", ""wishlist_add"", ""check_policy"", ""view_returns"", ""view_item"", ""contact_support"", ""search""]",IN,tablet,free,1,0,0,198.5817687368031,64,0
user_80,"[""add_to_cart"", ""check_policy"", ""add_to_cart"", ""check_policy"", ""search"", ""wishlist_add"", ""view_item"", ""contact_support"", ""purchase"", ""add_to_cart"", ""add_to_cart"", ""rage_click""]",CN,tablet,enterprise,1,0,0,196.98739678899796,68,0
user_81,"[""begin_checkout"", ""wishlist_add"", ""contact_support"", ""check_policy"", ""rage_click"", ""page_view"", ""check_policy"", ""purchase"", ""contact_support"", ""wishlist_add"", ""rage_click""]",FR,mobile,free,0,0,2,757.6202367366013,60,0
user_82,"[""remove_from_cart"", ""rage_click"", ""remove_from_cart"", ""contact_support"", ""add_to_cart""]",JP,desktop,premium,2,0,2,22.91296865519721,97,0
user_83,"[""view_item"", ""remove_from_cart"", ""purchase"", ""view_item"", ""view_returns"", ""view_returns"", ""page_view"", ""wishlist_add"", ""add_to_cart"", ""contact_support"", ""rage_click"", ""begin_checkout"", ""purchase""]",IN,mobile,free,0,0,2,945.6398007253823,62,0
user_84,"[""contact_support"", ""view_item"", ""search"", ""view_returns"", ""search"", ""purchase"", ""begin_checkout"", ""rage_click""]",US,desktop,free,1,0,2,73.15324066135507,90,1
user_85,"[""begin_checkout"", ""purchase"", ""begin_checkout"", ""purchase"", ""purchase""]",FR,mobile,enterprise,1,0,3,1053.5094186567844,18,1
user_86,"[""remove_from_cart"", ""search"", ""view_returns"", ""check_policy"", ""rage_click"", ""check_policy"", ""add_to_cart"", ""add_to_cart"", ""view_returns"", ""begin_checkout"", ""remove_from_cart""]",CN,tablet,free,1,0,1,233.82342478053087,12,0
user_87,"[""purchase"", ""view_item"", ""remove_from_cart"", ""wishlist_add"", ""search"", ""remove_from_cart"", ""purchase"", ""purchase"", ""page_view"", ""view_returns"", ""purchase"", ""add_to_cart""]",US,tablet,premium,1,0,3,316.6768278351036,17,0
user_88,"[""rage_click"", ""view_item"", ""search"", ""view_returns"", ""contact_support"", ""add_to_cart"", ""wishlist_add"", ""begin_checkout"", ""purchase"", ""contact_support"", ""purchase"", ""remove_from_cart"", ""add_to_cart"", ""remove_from_cart"", ""page_view"", ""remove_from_cart"", ""page_view"", ""wishlist_add""]",FR,desktop,premium,2,0,2,113.82027262782628,91,0
user_89,"[""page_view"", ""contact_support"", ""purchase"", ""begin_checkout"", ""search"", ""remove_from_cart"", ""search"", ""add_to_cart"", ""page_view"", ""purchase"", ""view_item"", ""view_returns"", ""contact_support"", ""begin_checkout"", ""check_policy"", ""contact_support"", ""wishlist_add"", ""view_item"", ""view_returns""]",JP,mobile,premium,1,1,0,283.88889239572234,68,0
user_90,"[""remove_from_cart"", ""page_view"", ""begin_checkout"", ""rage_click"", ""page_view"", ""rage_click""]",JP,mobile,enterprise,0,0,1,372.2219302117182,39,1
user_91,"[""view_returns"", ""purchase"", ""check_policy"", ""add_to_cart"", ""page_view"", ""begin_checkout"", ""wishlist_add"", ""wishlist_add"", ""view_item"", ""begin_checkout"", ""view_returns"", ""search"", ""rage_click"", ""view_item"", ""wishlist_add""]",US,tablet,enterprise,1,0,1,3.127293638933035,76,0
user_92,"[""add_to_cart"", ""page_view"", ""view_returns"", ""purchase"", ""wishlist_add"", ""view_returns"", ""search""]",DE,tablet,enterprise,1,1,2,10.448381316985587,64,1
user_93,"[""begin_checkout"", ""wishlist_add"", ""add_to_cart"", ""begin_checkout"", ""begin_checkout"", ""begin_checkout"", ""add_to_cart"", ""search"", ""contact_support"", ""remove_from_cart"", ""rage_click"", ""contact_support"", ""rage_click""]",JP,desktop,enterprise,0,0,2,1291.0092666917146,43,1
user_94,"[""view_returns"", ""view_returns"", ""check_policy"", ""view_returns"", ""add_to_cart"", ""purchase""]",IN,tablet,enterprise,0,1,1,183.50173847497243,52,0
user_95,"[""check_policy"", ""page_view"", ""rage_click"", ""page_view"", ""page_view""]",DE,desktop,premium,0,0,0,823.8075262291062,37,0
user_96,"[""check_policy"", ""view_item"", ""begin_checkout"", ""view_returns"", ""view_returns"", ""add_to_cart"", ""check_policy"", ""add_to_cart"", ""purchase"", ""purchase"", ""add_to_cart"", ""check_policy"", ""add_to_cart"", ""view_returns"", ""contact_support"", ""remove_from_cart"", ""page_view"", ""remove_from_cart"", ""check_policy""]",FR,desktop,free,0,0,0,392.68625846563924,46,0
user_97,"[""remove_from_cart"", ""purchase"", ""rage_click"", ""page_view"", ""begin_checkout"", ""search"", ""check_policy"", ""page_view"", ""remove_from_cart"", ""purchase"", ""view_item"", ""contact_support"", ""begin_checkout"", ""search"", ""contact_support""]",DE,desktop,premium,2,0,2,140.0274582360105,98,0
user_98,"[""purchase"", ""purchase"", ""remove_from_cart"", ""view_returns"", ""remove_from_cart""]",US,desktop,enterprise,0,0,2,49.05300425277105,39,1
user_99,"[""view_returns"", ""begin_checkout"", ""remove_from_cart"", ""wishlist_add"", ""view_item"", ""search"", ""add_to_cart"", ""add_to_cart"", ""remove_from_cart"", ""remove_from_cart"", ""contact_support"", ""search""]",UK,tablet,premium,1,0,3,1147.0901029156116,80,0
user_100,"[""begin_checkout"", ""remove_from_cart"", ""search"", ""contact_support"", ""view_returns"", ""purchase"", ""purchase"", ""view_returns"", ""check_policy"", ""contact_support"", ""search"", ""wishlist_add"", ""contact_support"", ""view_returns"", ""view_item""]",UK,desktop,free,0,0,1,263.4790969621242,71,0
user_101,"[""page_view"", ""view_returns"", ""wishlist_add"", ""search"", ""wishlist_add"", ""wishlist_add"", ""remove_from_cart"", ""remove_from_cart"", ""begin_checkout"", ""view_returns"", ""begin_checkout"", ""view_returns"", ""contact_support""]",US,tablet,enterprise,0,0,1,64.09040503396852,38,1
user_102,"[""wishlist_add"", ""contact_support"", ""rage_click"", ""purchase"", ""add_to_cart""]",BR,desktop,premium,1,0,1,343.3839702765702,11,0
user_103,"[""view_returns"", ""rage_click"", ""purchase"", ""search"", ""check_policy"", ""page_view"", ""begin_checkout"", ""begin_checkout"", ""contact_support"", ""remove_from_cart"", ""purchase"", ""check_policy"", ""rage_click"", ""page_view"", ""purchase"", ""check_policy"", ""add_to_cart""]",IN,tablet,premium,0,0,0,28.96929801938561,99,0
user_104,"[""begin_checkout"", ""rage_click"", ""begin_checkout"", ""rage_click"", ""contact_support"", ""remove_from_cart"", ""rage_click"", ""begin_checkout"", ""contact_support"", ""rage_click"", ""add_to_cart"", ""remove_from_cart""]",UK,desktop,free,1,0,0,607.5707455675149,66,0
user_105,"[""contact_support"", ""search"", ""purchase"", ""view_item"", ""check_policy"", ""view_item"", ""search"", ""view_item"", ""search"", ""page_view"", ""search"", ""search"", ""wishlist_add""]",US,tablet,enterprise,1,0,0,28.338486573690435,66,0
user_106,"[""add_to_cart"", ""purchase"", ""view_returns"", ""rage_click"", ""check_policy"", ""remove_from_cart"", ""purchase"", ""begin_checkout"", ""view_returns"", ""page_view"", ""page_view"", ""search"", ""purchase"", ""contact_support"", ""wishlist_add""]",JP,mobile,enterprise,0,0,0,80.83257535462593,51,0
user_107,"[""begin_checkout"", ""page_view"", ""check_policy"", ""page_view"", ""remove_from_cart"", ""rage_click""]",DE,desktop,free,0,0,2,28.765269153006123,58,0
user_108,"[""remove_from_cart"", ""purchase"", ""purchase"", ""wishlist_add"", ""view_returns""]",UK,desktop,free,0,0,4,32.87322390198277,66,0
user_109,"[""check_policy"", ""page_view"", ""check_policy"", ""add_to_cart"", ""search""]",JP,mobile,free,0,0,4,222.5967206253975,80,0
user_110,"[""add_to_cart"", ""page_view"", ""view_returns"", ""add_to_cart"", ""view_item"", ""page_view"", ""add_to_cart"", ""view_item"", ""view_item"", ""purchase"", ""wishlist_add"", ""page_view""]",UK,mobile,free,0,0,1,348.4558527870712,27,0
user_111,"[""purchase"", ""add_to_cart"", ""remove_from_cart"", ""page_view"", ""view_returns"", ""check_policy""]",FR,desktop,enterprise,0,0,3,466.03324603585554,79,1
user_112,"[""add_to_cart"", ""contact_support"", ""contact_support"", ""add_to_cart"", ""view_item"", ""wishlist_add"", ""page_view"", ""check_policy"", ""check_policy"", ""wishlist_add"", ""view_item""]",US,tablet,enterprise,0,0,1,356.28743885741073,36,0
user_113,"[""view_returns"", ""page_view"", ""rage_click"", ""check_policy"", ""add_to_cart"", ""view_returns"", ""check_policy"", ""search"", ""view_returns"", ""purchase"", ""rage_click""]",US,desktop,premium,1,0,3,135.52645646552315,63,0
user_114,"[""begin_checkout"", ""add_to_cart"", ""add_to_cart"", ""page_view"", ""wishlist_add"", ""view_returns"", ""view_item"", ""add_to_cart"", ""view_returns"", ""view_returns"", ""search"", ""remove_from_cart"", ""remove_from_cart"", ""begin_checkout"", ""purchase"", ""begin_checkout"", ""check_policy"", ""view_item"", ""check_policy""]",IN,tablet,premium,1,0,2,244.45060565993853,33,1
user_115,"[""check_policy"", ""page_view"", ""check_policy"", ""begin_checkout"", ""add_to_cart"", ""add_to_cart"", ""remove_from_cart"", ""wishlist_add"", ""view_item"", ""view_item"", ""page_view"", ""begin_checkout"", ""remove_from_cart"", ""search""]",JP,mobile,premium,1,0,2,787.9303132062595,43,1
user_116,"[""view_item"", ""add_to_cart"", ""check_policy"", ""check_policy"", ""wishlist_add"", ""remove_from_cart"", ""begin_checkout"", ""begin_checkout"", ""purchase"", ""rage_click"", ""view_item"", ""begin_checkout"", ""wishlist_add"", ""add_to_cart""]",BR,tablet,enterprise,0,0,3,147.09942939980291,31,1
user_117,"[""contact_support"", ""purchase"", ""wishlist_add"", ""view_returns"", ""page_view"", ""contact_support"", ""view_returns"", ""search""]",FR,desktop,enterprise,0,1,0,87.26791424690025,97,0
user_118,"[""check_policy"", ""page_view"", ""view_item"", ""add_to_cart"", ""page_view"", ""rage_click"", ""view_returns"", ""view_item"", ""rage_click"", ""check_policy"", ""rage_click"", ""purchase"", ""purchase"", ""search"", ""remove_from_cart"", ""contact_support"", ""contact_support"", ""view_item""]",DE,mobile,enterprise,2,2,2,219.76565107734615,72,0
user_119,"[""begin_checkout"", ""search"", ""purchase"", ""view_item"", ""begin_checkout"", ""contact_support"", ""remove_from_cart"", ""rage_click"", ""purchase"", ""view_item"", ""page_view""]",IN,mobile,premium,0,1,1,105.86259941764126,45,0
user_120,"[""rage_click"", ""purchase"", ""contact_support"", ""wishlist_add"", ""check_policy"", ""begin_checkout"", ""contact_support"", ""purchase"", ""begin_checkout""]",FR,desktop,free,1,1,0,91.06907640973122,93,1
user_121,"[""rage_click"", ""purchase"", ""search"", ""view_returns"", ""view_item"", ""wishlist_add"", ""rage_click"", ""begin_checkout"", ""check_policy"", ""contact_support"", ""page_view"", ""contact_support"", ""begin_checkout"", ""wishlist_add"", ""contact_support""]",BR,desktop,free,0,0,0,452.6108801210251,70,0
user_122,"[""view_item"", ""wishlist_add"", ""purchase"", ""search"", ""page_view"", ""add_to_cart"", ""begin_checkout"", ""remove_from_cart"", ""add_to_cart"", ""contact_support"", ""begin_checkout"", ""search"", ""view_returns"", ""search"", ""remove_from_cart"", ""page_view"", ""search"", ""check_policy""]",FR,mobile,free,0,0,1,664.4707902123122,91,0
user_123,"[""add_to_cart"", ""purchase"", ""view_item"", ""check_policy"", ""view_returns"", ""purchase"", ""purchase"", ""begin_checkout"", ""view_returns"", ""page_view"", ""contact_support"", ""remove_from_cart""]",CN,tablet,free,0,0,1,209.33739401036888,51,0
user_124,"[""remove_from_cart"", ""add_to_cart"", ""add_to_cart"", ""remove_from_cart"", ""search"", ""page_view"", ""search"", ""search"", ""view_item"", ""rage_click"", ""contact_support"", ""view_item"", ""begin_checkout"", ""rage_click"", ""rage_click"", ""view_returns"", ""page_view"", ""page_view"", ""rage_click""]",DE,tablet,free,0,0,1,453.9423957441565,42,0
user_125,"[""search"", ""view_returns"", ""contact_support"", ""rage_click"", ""check_policy"", ""add_to_cart"", ""add_to_cart"", ""view_item"", ""begin_checkout"", ""wishlist_add"", ""wishlist_add"", ""add_to_cart"", ""purchase"", ""view_item"", ""wishlist_add"", ""add_to_cart"", ""begin_checkout""]",IN,tablet,enterprise,1,0,2,62.14025124204466,83,0
user_126,"[""search"", ""search"", ""page_view"", ""page_view"", ""contact_support"", ""rage_click"", ""check_policy"", ""page_view"", ""wishlist_add"", ""view_returns"", ""add_to_cart"", ""view_returns"", ""begin_checkout"", ""page_view"", ""check_policy"", ""begin_checkout""]",DE,desktop,premium,0,1,3,237.98508501141637,18,1
user_127,"[""purchase"", ""view_returns"", ""rage_click"", ""view_item"", ""rage_click"", ""wishlist_add"", ""search"", ""contact_support"", ""rage_click"", ""contact_support""]",FR,mobile,free,0,0,2,303.3452566228736,34,1
user_128,"[""contact_support"", ""check_policy"", ""page_view"", ""check_policy"", ""contact_support"", ""begin_checkout"", ""purchase"", ""contact_support"", ""check_policy"", ""begin_checkout"", ""check_policy"", ""rage_click"", ""add_to_cart"", ""view_returns"", ""view_item"", ""search"", ""check_policy"", ""view_item"", ""remove_from_cart""]",IN,tablet,free,1,0,0,202.39430754507381,22,0
user_129,"[""add_to_cart"", ""view_item"", ""search"", ""contact_support"", ""check_policy"", ""page_view"", ""view_returns"", ""add_to_cart"", ""wishlist_add"", ""wishlist_add"", ""view_item""]",UK,mobile,free,0,0,1,37.288329676116746,56,1
user_130,"[""begin_checkout"", ""search"", ""view_returns"", ""contact_support"", ""check_policy"", ""check_policy"", ""wishlist_add""]",CN,tablet,enterprise,0,0,1,397.3907557684766,54,0
user_131,"[""view_returns"", ""page_view"", ""remove_from_cart"", ""purchase"", ""rage_click"", ""view_item"", ""page_view"", ""contact_support"", ""wishlist_add"", ""view_item"", ""check_policy""]",UK,mobile,free,1,0,4,548.0509813595443,14,0
user_132,"[""contact_support"", ""view_item"", ""search"", ""check_policy"", ""view_item"", ""add_to_cart"", ""search""]",FR,desktop,premium,0,1,0,302.543398279244,40,0
user_133,"[""remove_from_cart"", ""page_view"", ""begin_checkout"", ""wishlist_add"", ""rage_click"", ""view_returns"", ""wishlist_add"", ""rage_click"", ""contact_support"", ""rage_click"", ""check_policy""]",UK,desktop,enterprise,0,0,2,55.59577419664382,40,0
user_134,"[""begin_checkout"", ""page_view"", ""page_view"", ""add_to_cart"", ""view_returns"", ""view_item"", ""remove_from_cart"", ""view_item""]",DE,desktop,enterprise,0,0,4,23.243342902325498,99,0
user_135,"[""begin_checkout"", ""rage_click"", ""page_view"", ""begin_checkout"", ""rage_click"", ""page_view"", ""rage_click"", ""view_returns"", ""remove_from_cart"", ""wishlist_add"", ""search"", ""contact_support"", ""begin_checkout"", ""begin_checkout"", ""search"", ""wishlist_add"", ""purchase"", ""check_policy""]",IN,tablet,enterprise,0,0,4,107.69066111082657,80,0
user_136,"[""view_returns"", ""search"", ""view_item"", ""rage_click"", ""check_policy"", ""remove_from_cart"", ""remove_from_cart"", ""search"", ""view_returns"", ""remove_from_cart"", ""purchase"", ""begin_checkout""]",DE,desktop,free,2,0,2,11.307479750588247,50,1
user_137,"[""contact_support"", ""search"", ""view_item"", ""rage_click"", ""contact_support"", ""rage_click"", ""page_view""]",UK,desktop,free,1,0,1,548.3136460308273,55,1
user_138,"[""add_to_cart"", ""view_returns"", ""purchase"", ""begin_checkout"", ""begin_checkout"", ""purchase"", ""check_policy"", ""page_view"", ""rage_click"", ""add_to_cart"", ""remove_from_cart"", ""contact_support"", ""page_view"", ""search""]",IN,desktop,free,2,0,2,364.2679988425977,61,0
user_139,"[""add_to_cart"", ""view_item"", ""view_item"", ""page_view"", ""view_returns"", ""add_to_cart"", ""add_to_cart"", ""purchase"", ""view_returns"", ""rage_click"", ""rage_click"", ""remove_from_cart"", ""begin_checkout"", ""view_item""]",DE,mobile,free,0,0,0,248.81976305799841,93,0
user_140,"[""rage_click"", ""view_returns"", ""add_to_cart"", ""search"", ""wishlist_add"", ""rage_click"", ""add_to_cart"", ""rage_click"", ""view_item"", ""wishlist_add"", ""contact_support"", ""rage_click"", ""view_returns"", ""rage_click"", ""begin_checkout""]",US,mobile,premium,0,0,1,661.181881230432,95,0
user_141,"[""search"", ""view_item"", ""view_returns"", ""wishlist_add"", ""purchase"", ""view_returns"", ""search"", ""begin_checkout"", ""contact_support"", ""view_item"", ""purchase"", ""begin_checkout"", ""wishlist_add"", ""wishlist_add"", ""begin_checkout""]",DE,mobile,enterprise,2,1,2,34.99166330884187,14,0
user_142,"[""page_view"", ""view_item"", ""view_returns"", ""add_to_cart"", ""contact_support"", ""add_to_cart"", ""view_returns"", ""view_returns"", ""view_item"", ""view_returns"", ""search"", ""page_view"", ""purchase"", ""view_returns"", ""add_to_cart"", ""view_returns"", ""wishlist_add""]",FR,mobile,free,2,0,1,376.01168359596664,21,0
user_143,"[""search"", ""search"", ""rage_click"", ""search"", ""rage_click""]",JP,mobile,premium,0,0,1,47.56939454754128,30,0
user_144,"[""contact_support"", ""remove_from_cart"", ""search"", ""purchase"", ""wishlist_add"", ""check_policy"", ""begin_checkout"", ""search"", ""contact_support""]",UK,mobile,enterprise,0,0,0,18.858115564668875,18,0
user_145,"[""add_to_cart"", ""check_policy"", ""contact_support"", ""contact_support"", ""search"", ""begin_checkout"", ""check_policy"", ""view_item"", ""remove_from_cart"", ""view_item"", ""wishlist_add"", ""check_policy"", ""view_item""]",CN,mobile,enterprise,0,1,0,42.78185004796202,26,0
user_146,"[""search"", ""page_view"", ""rage_click"", ""page_view"", ""view_returns"", ""view_item"", ""wishlist_add"", ""view_returns"", ""add_to_cart"", ""purchase"", ""add_to_cart"", ""check_policy"", ""contact_support"", ""rage_click"", ""view_item"", ""wishlist_add"", ""wishlist_add""]",BR,desktop,enterprise,1,0,3,904.4139267257361,33,0
user_147,"[""begin_checkout"", ""purchase"", ""remove_from_cart"", ""remove_from_cart"", ""remove_from_cart"", ""view_item"", ""remove_from_cart"", ""search"", ""page_view"", ""wishlist_add"", ""purchase"", ""page_view"", ""contact_support"", ""purchase"", ""page_view"", ""purchase"", ""contact_support"", ""view_returns"", ""search""]",UK,desktop,free,2,0,2,174.17780881323554,36,1
user_148,"[""view_item"", ""wishlist_add"", ""remove_from_cart"", ""search"", ""add_to_cart"", ""remove_from_cart""]",BR,tablet,enterprise,0,0,2,15.071007275684492,17,1
user_149,"[""wishlist_add"", ""check_policy"", ""search"", ""page_view"", ""purchase"", ""add_to_cart"", ""search"", ""contact_support"", ""check_policy"", ""contact_support"", ""view_item"", ""view_item"", ""remove_from_cart"", ""page_view"", ""add_to_cart"", ""rage_click"", ""check_policy""]",BR,desktop,free,1,1,1,262.8576464306377,53,0
user_150,"[""check_policy"", ""search"", ""remove_from_cart"", ""view_item"", ""remove_from_cart"", ""purchase"", ""search"", ""search"", ""add_to_cart"", ""page_view"", ""wishlist_add"", ""view_returns"", ""wishlist_add"", ""begin_checkout"", ""begin_checkout"", ""search"", ""remove_from_cart"", ""purchase"", ""add_to_cart""]",DE,mobile,premium,1,0,2,66.83585935148255,71,0
user_151,"[""begin_checkout"", ""add_to_cart"", ""search"", ""page_view"", ""contact_support"", ""wishlist_add"", ""purchase"", ""view_item"", ""add_to_cart"", ""page_view"", ""rage_click"", ""view_returns"", ""wishlist_add""]",DE,mobile,enterprise,0,0,4,2.057965669432107,38,1
user_152,"[""wishlist_add"", ""search"", ""view_returns"", ""wishlist_add"", ""rage_click"", ""page_view""]",IN,tablet,premium,0,0,0,426.12390504567463,92,0
user_153,"[""begin_checkout"", ""view_returns"", ""search"", ""view_item"", ""remove_from_cart"", ""check_policy"", ""add_to_cart"", ""wishlist_add"", ""begin_checkout"", ""view_returns"", ""wishlist_add"", ""contact_support"", ""add_to_cart"", ""remove_from_cart"", ""rage_click"", ""check_policy"", ""page_view""]",IN,desktop,free,0,0,4,50.47698839108359,83,0
user_154,"[""wishlist_add"", ""remove_from_cart"", ""remove_from_cart"", ""rage_click"", ""purchase"", ""rage_click"", ""wishlist_add"", ""purchase"", ""purchase"", ""begin_checkout"", ""begin_checkout"", ""view_item"", ""view_returns"", ""view_returns"", ""search"", ""page_view"", ""view_returns"", ""begin_checkout""]",JP,desktop,free,0,0,1,856.7205286627208,33,0
user_155,"[""view_item"", ""purchase"", ""search"", ""rage_click"", ""page_view"", ""wishlist_add""]",JP,tablet,free,1,0,1,269.53514745375253,43,0
user_156,"[""rage_click"", ""view_returns"", ""search"", ""purchase"", ""add_to_cart"", ""view_returns"", ""rage_click"", ""page_view"", ""wishlist_add"", ""rage_click""]",CN,mobile,enterprise,3,0,1,27.30444686013652,69,0
user_157,"[""purchase"", ""purchase"", ""wishlist_add"", ""remove_from_cart"", ""page_view"", ""contact_support"", ""view_returns"", ""view_item"", ""wishlist_add"", ""page_view"", ""view_item"", ""page_view"", ""page_view"", ""rage_click"", ""page_view"", ""remove_from_cart"", ""contact_support"", ""purchase""]",FR,mobile,enterprise,1,0,0,73.70281436166621,40,0
user_158,"[""view_item"", ""purchase"", ""check_policy"", ""contact_support"", ""contact_support"", ""view_item"", ""view_item"", ""contact_support"", ""check_policy"", ""wishlist_add"", ""page_view""]",US,mobile,premium,0,0,3,283.132987506347,13,0
user_159,"[""search"", ""add_to_cart"", ""search"", ""purchase"", ""rage_click"", ""purchase"", ""rage_click"", ""check_policy"", ""rage_click"", ""view_item"", ""wishlist_add"", ""view_returns""]",FR,mobile,free,1,1,0,123.79800648187471,18,1
user_160,"[""view_item"", ""wishlist_add"", ""remove_from_cart"", ""search"", ""check_policy"", ""search"", ""remove_from_cart"", ""remove_from_cart"", ""purchase"", ""contact_support"", ""purchase"", ""contact_support""]",IN,tablet,premium,2,0,3,227.8778083272782,99,0
user_161,"[""add_to_cart"", ""rage_click"", ""wishlist_add"", ""contact_support"", ""search"", ""view_item"", ""purchase"", ""wishlist_add"", ""check_policy"", ""wishlist_add"", ""rage_click"", ""add_to_cart"", ""contact_support"", ""add_to_cart"", ""check_policy"", ""remove_from_cart"", ""view_returns"", ""check_policy"", ""begin_checkout""]",CN,desktop,free,0,0,1,482.1003350446406,86,0
user_162,"[""add_to_cart"", ""wishlist_add"", ""view_item"", ""purchase"", ""view_item"", ""add_to_cart"", ""purchase"", ""begin_checkout"", ""view_returns"", ""rage_click"", ""search""]",UK,mobile,free,1,0,2,471.9339765997506,99,0
user_163,"[""wishlist_add"", ""contact_support"", ""add_to_cart"", ""add_to_cart"", ""purchase"", ""page_view"", ""check_policy""]",DE,desktop,premium,1,0,2,359.1853701424686,63,0
user_164,"[""page_view"", ""begin_checkout"", ""contact_support"", ""view_returns"", ""remove_from_cart"", ""begin_checkout"", ""remove_from_cart"", ""wishlist_add"", ""wishlist_add"", ""remove_from_cart"", ""wishlist_add"", ""view_returns"", ""view_item"", ""page_view"", ""add_to_cart"", ""rage_click""]",FR,desktop,free,0,0,0,651.6099940946849,10,0
user_165,"[""contact_support"", ""begin_checkout"", ""view_item"", ""remove_from_cart"", ""view_item"", ""view_item"", ""remove_from_cart"", ""purchase""]",BR,mobile,premium,0,1,1,66.70342047760913,70,0
user_166,"[""contact_support"", ""add_to_cart"", ""add_to_cart"", ""contact_support"", ""purchase"", ""wishlist_add"", ""add_to_cart"", ""view_item"", ""view_returns"", ""begin_checkout"", ""page_view""]",DE,mobile,enterprise,0,0,1,58.52776382711038,82,0
user_167,"[""contact_support"", ""view_returns"", ""remove_from_cart"", ""check_policy"", ""contact_support"", ""wishlist_add"", ""view_item""]",DE,mobile,premium,0,0,1,481.85723141240607,40,0
user_168,"[""begin_checkout"", ""begin_checkout"", ""purchase"", ""rage_click"", ""purchase"", ""wishlist_add"", ""view_returns"", ""check_policy"", ""rage_click"", ""remove_from_cart"", ""view_item""]",FR,desktop,premium,0,0,2,116.09135967293474,97,1
user_169,"[""purchase"", ""page_view"", ""search"", ""rage_click"", ""rage_click"", ""wishlist_add"", ""view_item"", ""add_to_cart"", ""begin_checkout"", ""begin_checkout"", ""page_view""]",FR,tablet,free,0,0,1,215.3441221110635,54,1
user_170,"[""wishlist_add"", ""view_returns"", ""remove_from_cart"", ""check_policy"", ""search"", ""contact_support"", ""add_to_cart"", ""purchase"", ""contact_support"", ""contact_support"", ""wishlist_add"", ""rage_click""]",BR,mobile,premium,1,0,0,408.7172798716474,69,0
user_171,"[""begin_checkout"", ""remove_from_cart"", ""view_returns"", ""search"", ""wishlist_add""]",IN,desktop,enterprise,0,0,3,151.22072981827085,95,0
user_172,"[""rage_click"", ""purchase"", ""remove_from_cart"", ""wishlist_add"", ""rage_click""]",BR,desktop,enterprise,0,1,1,41.834591005157485,82,1
user_173,"[""begin_checkout"", ""begin_checkout"", ""wishlist_add"", ""begin_checkout"", ""page_view"", ""page_view"", ""view_returns"", ""wishlist_add"", ""view_returns"", ""wishlist_add"", ""purchase"", ""wishlist_add"", ""search"", ""remove_from_cart"", ""view_item""]",JP,mobile,enterprise,1,0,2,341.3218427314315,96,0
user_174,"[""view_item"", ""rage_click"", ""begin_checkout"", ""remove_from_cart"", ""contact_support"", ""page_view"", ""check_policy"", ""add_to_cart"", ""purchase"", ""begin_checkout"", ""begin_checkout"", ""search"", ""begin_checkout"", ""page_view"", ""page_view"", ""add_to_cart"", ""wishlist_add"", ""contact_support""]",IN,tablet,enterprise,0,1,3,509.7421416103781,93,1
user_175,"[""begin_checkout"", ""view_item"", ""view_returns"", ""search"", ""search"", ""view_item"", ""rage_click"", ""view_item""]",CN,mobile,premium,0,0,0,3.8639622584025077,51,0
user_176,"[""rage_click"", ""check_policy"", ""view_returns"", ""search"", ""view_item"", ""check_policy"", ""wishlist_add"", ""purchase"", ""remove_from_cart"", ""check_policy"", ""remove_from_cart"", ""view_item"", ""contact_support"", ""wishlist_add"", ""check_policy"", ""view_returns"", ""view_item""]",CN,mobile,enterprise,0,0,1,248.03931090535409,94,0
user_177,"[""page_view"", ""check_policy"", ""view_returns"", ""purchase"", ""begin_checkout"", ""purchase"", ""view_item"", ""page_view"", ""check_policy""]",BR,tablet,premium,0,1,3,190.1269304270477,36,0
user_178,"[""contact_support"", ""search"", ""contact_support"", ""view_item"", ""view_item"", ""page_view"", ""contact_support"", ""view_returns"", ""view_returns"", ""page_view"", ""wishlist_add""]",US,mobile,premium,0,0,2,90.16779138842857,67,1
user_179,"[""view_returns"", ""rage_click"", ""remove_from_cart"", ""page_view"", ""page_view"", ""add_to_cart"", ""begin_checkout"", ""begin_checkout"", ""rage_click"", ""contact_support"", ""wishlist_add"", ""view_item"", ""view_item"", ""purchase"", ""rage_click""]",IN,mobile,free,0,0,1,52.67358663157592,78,0
user_180,"[""rage_click"", ""rage_click"", ""rage_click"", ""begin_checkout"", ""rage_click""]",BR,tablet,premium,1,1,1,62.49026692262575,90,1
user_181,"[""remove_from_cart"", ""view_item"", ""purchase"", ""remove_from_cart"", ""purchase"", ""add_to_cart"", ""purchase"", ""view_item"", ""view_item"", ""rage_click"", ""check_policy"", ""add_to_cart"", ""search"", ""page_view"", ""view_returns""]",JP,desktop,premium,1,0,2,387.2660022478203,82,1
user_182,"[""purchase"", ""check_policy"", ""rage_click"", ""begin_checkout"", ""page_view"", ""wishlist_add"", ""contact_support"", ""check_policy"", ""begin_checkout"", ""add_to_cart"", ""wishlist_add"", ""rage_click"", ""page_view"", ""page_view"", ""page_view"", ""add_to_cart"", ""wishlist_add"", ""purchase""]",US,desktop,free,0,2,2,230.48740888025836,43,0
user_183,"[""search"", ""add_to_cart"", ""view_returns"", ""contact_support"", ""view_item"", ""rage_click"", ""add_to_cart"", ""begin_checkout"", ""contact_support"", ""view_returns"", ""view_item"", ""purchase"", ""wishlist_add"", ""begin_checkout""]",FR,desktop,enterprise,1,0,5,1191.4424470999875,19,0
user_184,"[""contact_support"", ""rage_click"", ""wishlist_add"", ""begin_checkout"", ""view_item"", ""begin_checkout"", ""wishlist_add"", ""remove_from_cart"", ""search"", ""check_policy"", ""purchase"", ""view_item"", ""wishlist_add"", ""search"", ""search"", ""begin_checkout"", ""check_policy""]",CN,desktop,enterprise,1,0,2,83.60908723123306,75,0
user_185,"[""check_policy"", ""begin_checkout"", ""wishlist_add"", ""rage_click"", ""remove_from_cart"", ""search"", ""add_to_cart"", ""remove_from_cart"", ""begin_checkout"", ""purchase"", ""add_to_cart"", ""view_item"", ""remove_from_cart"", ""begin_checkout"", ""remove_from_cart""]",CN,desktop,premium,0,0,6,943.2987587390694,34,0
user_186,"[""search"", ""wishlist_add"", ""add_to_cart"", ""view_returns"", ""contact_support"", ""remove_from_cart"", ""view_item"", ""view_item"", ""page_view"", ""remove_from_cart"", ""contact_support"", ""rage_click"", ""search"", ""check_policy"", ""wishlist_add"", ""contact_support"", ""check_policy"", ""check_policy""]",US,mobile,free,0,0,0,217.14969273178,12,1
user_187,"[""view_returns"", ""page_view"", ""contact_support"", ""contact_support"", ""view_returns"", ""remove_from_cart"", ""remove_from_cart"", ""remove_from_cart"", ""purchase"", ""check_policy"", ""purchase"", ""page_view"", ""wishlist_add"", ""view_returns"", ""contact_support"", ""search"", ""check_policy"", ""purchase"", ""purchase""]",UK,tablet,premium,1,2,0,47.35649185421941,43,0
user_188,"[""purchase"", ""wishlist_add"", ""rage_click"", ""contact_support"", ""rage_click"", ""contact_support"", ""view_returns"", ""contact_support"", ""rage_click""]",JP,desktop,premium,1,0,0,48.11367547482696,80,0
user_189,"[""contact_support"", ""view_returns"", ""view_returns"", ""page_view"", ""contact_support"", ""search"", ""begin_checkout"", ""remove_from_cart"", ""view_item"", ""view_returns"", ""add_to_cart"", ""remove_from_cart"", ""wishlist_add"", ""check_policy"", ""contact_support"", ""rage_click"", ""view_item""]",JP,tablet,enterprise,0,0,2,281.383033582381,37,0
user_190,"[""remove_from_cart"", ""contact_support"", ""page_view"", ""check_policy"", ""view_item"", ""begin_checkout"", ""page_view""]",JP,desktop,free,0,0,3,534.1083471888321,18,1
user_191,"[""wishlist_add"", ""view_item"", ""page_view"", ""check_policy"", ""begin_checkout"", ""page_view"", ""purchase""]",CN,mobile,premium,0,0,1,413.15463153890073,20,0
user_192,"[""add_to_cart"", ""wishlist_add"", ""check_policy"", ""search"", ""contact_support"", ""rage_click"", ""rage_click"", ""rage_click"", ""view_item""]",DE,desktop,enterprise,0,0,2,319.80927050091316,89,1
user_193,"[""check_policy"", ""begin_checkout"", ""view_item"", ""add_to_cart"", ""contact_support"", ""purchase"", ""check_policy""]",CN,desktop,premium,2,0,2,56.66179300967325,48,1
user_194,"[""page_view"", ""search"", ""check_policy"", ""view_returns"", ""wishlist_add"", ""add_to_cart"", ""remove_from_cart"", ""contact_support"", ""purchase"", ""contact_support"", ""check_policy"", ""remove_from_cart"", ""view_returns""]",DE,tablet,enterprise,1,1,1,34.40111743672005,22,1
user_195,"[""page_view"", ""remove_from_cart"", ""add_to_cart"", ""rage_click"", ""view_returns"", ""page_view"", ""search"", ""purchase"", ""rage_click""]",CN,tablet,free,0,0,2,0.07441634143327777,20,0
user_196,"[""remove_from_cart"", ""page_view"", ""wishlist_add"", ""view_item"", ""wishlist_add"", ""begin_checkout"", ""wishlist_add"", ""search"", ""begin_checkout"", ""view_returns"", ""purchase""]",IN,mobile,premium,2,1,3,32.20670514948964,44,0
user_197,"[""view_item"", ""add_to_cart"", ""purchase"", ""wishlist_add"", ""contact_support"", ""add_to_cart"", ""purchase"", ""purchase"", ""view_item"", ""check_policy"", ""wishlist_add"", ""view_item""]",FR,tablet,free,0,0,1,436.2006272481159,17,0
user_198,"[""page_view"", ""add_to_cart"", ""view_item"", ""check_policy"", ""remove_from_cart"", ""view_returns"", ""purchase"", ""wishlist_add"", ""contact_support"", ""remove_from_cart""]",CN,tablet,enterprise,1,0,2,676.849079541358,16,0
user_199,"[""rage_click"", ""check_policy"", ""contact_support"", ""rage_click"", ""check_policy"", ""wishlist_add"", ""page_view"", ""wishlist_add"", ""view_returns""]",IN,tablet,free,0,1,1,82.46942463835433,78,1
user_200,"[""add_to_cart"", ""check_policy"", ""wishlist_add"", ""add_to_cart"", ""view_returns"", ""purchase"", ""begin_checkout"", ""remove_from_cart""]",IN,mobile,free,2,1,1,475.2688597893073,79,0
user_201,"[""view_returns"", ""wishlist_add"", ""page_view"", ""rage_click"", ""begin_checkout"", ""remove_from_cart"", ""purchase"", ""purchase"", ""view_item"", ""view_returns"", ""check_policy"", ""page_view""]",FR,mobile,free,1,1,1,66.51166282628269,66,0
user_202,"[""wishlist_add"", ""purchase"", ""remove_from_cart"", ""view_item"", ""remove_from_cart"", ""page_view"", ""check_policy"", ""view_item"", ""view_item""]",IN,mobile,premium,1,0,3,86.01343643934138,44,0
user_203,"[""begin_checkout"", ""view_item"", ""search"", ""rage_click"", ""rage_click"", ""page_view"", ""search"", ""add_to_cart"", ""remove_from_cart"", ""check_policy"", ""contact_support"", ""remove_from_cart"", ""view_item""]",DE,tablet,enterprise,1,1,2,76.14195283245898,20,0
user_204,"[""purchase"", ""add_to_cart"", ""purchase"", ""search"", ""purchase"", ""wishlist_add"", ""begin_checkout"", ""remove_from_cart"", ""contact_support"", ""wishlist_add"", ""page_view""]",JP,tablet,free,1,2,3,15.934773371659933,47,0
user_205,"[""purchase"", ""view_item"", ""add_to_cart"", ""view_returns"", ""contact_support"", ""purchase"", ""add_to_cart"", ""check_policy"", ""remove_from_cart"", ""rage_click"", ""begin_checkout"", ""add_to_cart"", ""view_item"", ""search""]",DE,mobile,premium,0,0,1,64.72426631322229,94,0
user_206,"[""add_to_cart"", ""view_item"", ""remove_from_cart"", ""view_item"", ""contact_support"", ""rage_click""]",US,tablet,enterprise,1,0,3,140.30270770990185,87,0
user_207,"[""rage_click"", ""purchase"", ""page_view"", ""remove_from_cart"", ""page_view"", ""purchase""]",JP,tablet,enterprise,0,0,1,155.99508685015866,58,0
user_208,"[""remove_from_cart"", ""add_to_cart"", ""add_to_cart"", ""rage_click"", ""purchase"", ""rage_click"", ""begin_checkout"", ""view_item"", ""view_returns"", ""begin_checkout"", ""view_item"", ""remove_from_cart"", ""rage_click"", ""remove_from_cart"", ""wishlist_add"", ""wishlist_add"", ""wishlist_add"", ""remove_from_cart""]",CN,desktop,enterprise,0,0,2,111.08720011353205,44,0
user_209,"[""wishlist_add"", ""purchase"", ""search"", ""view_item"", ""wishlist_add"", ""check_policy""]",CN,mobile,free,2,1,1,216.912038114348,38,0
user_210,"[""add_to_cart"", ""begin_checkout"", ""add_to_cart"", ""view_item"", ""contact_support"", ""rage_click"", ""view_item""]",CN,mobile,free,0,0,0,142.44370338205195,97,0
user_211,"[""search"", ""view_item"", ""view_returns"", ""rage_click"", ""check_policy"", ""add_to_cart"", ""rage_click"", ""add_to_cart"", ""begin_checkout"", ""rage_click"", ""wishlist_add"", ""add_to_cart"", ""check_policy"", ""wishlist_add"", ""page_view"", ""remove_from_cart"", ""remove_from_cart"", ""check_policy""]",CN,tablet,free,1,0,3,1055.6361733059055,50,1
user_212,"[""page_view"", ""begin_checkout"", ""check_policy"", ""wishlist_add"", ""remove_from_cart"", ""remove_from_cart"", ""remove_from_cart"", ""wishlist_add"", ""purchase"", ""check_policy"", ""view_item"", ""begin_checkout""]",CN,tablet,enterprise,1,0,2,494.06476987125313,15,1
user_213,"[""add_to_cart"", ""check_policy"", ""search"", ""wishlist_add"", ""purchase"", ""check_policy"", ""begin_checkout"", ""purchase""]",DE,desktop,enterprise,1,1,2,801.9961525806558,19,0
user_214,"[""check_policy"", ""view_item"", ""search"", ""begin_checkout"", ""purchase"", ""purchase"", ""begin_checkout"", ""contact_support"", ""check_policy""]",BR,mobile,free,0,0,0,244.54492045677813,93,0
user_215,"[""view_returns"", ""check_policy"", ""begin_checkout"", ""page_view"", ""begin_checkout"", ""contact_support"", ""view_item"", ""begin_checkout"", ""begin_checkout"", ""view_item"", ""begin_checkout"", ""remove_from_cart"", ""page_view"", ""add_to_cart""]",FR,mobile,free,1,0,3,340.2777112971307,93,0
user_216,"[""wishlist_add"", ""search"", ""begin_checkout"", ""remove_from_cart"", ""check_policy""]",BR,tablet,enterprise,0,0,0,54.69996209497532,99,1
user_217,"[""contact_support"", ""remove_from_cart"", ""view_item"", ""remove_from_cart"", ""wishlist_add"", ""view_item"", ""view_returns"", ""add_to_cart"", ""rage_click""]",DE,mobile,enterprise,0,0,1,419.24998161111546,94,1
user_218,"[""remove_from_cart"", ""purchase"", ""contact_support"", ""begin_checkout"", ""contact_support"", ""page_view"", ""rage_click"", ""page_view"", ""view_returns"", ""rage_click"", ""rage_click"", ""page_view"", ""view_item"", ""wishlist_add"", ""page_view"", ""contact_support"", ""view_item""]",UK,tablet,premium,2,0,2,80.74490337587898,32,0
user_219,"[""wishlist_add"", ""view_returns"", ""begin_checkout"", ""wishlist_add"", ""search"", ""check_policy"", ""view_item"", ""view_returns"", ""search"", ""purchase"", ""view_returns"", ""page_view"", ""page_view"", ""wishlist_add""]",IN,desktop,premium,1,0,2,47.28854080677065,55,1
user_220,"[""view_returns"", ""add_to_cart"", ""begin_checkout"", ""wishlist_add"", ""page_view"", ""check_policy"", ""begin_checkout"", ""view_returns"", ""view_returns"", ""rage_click"", ""check_policy""]",BR,tablet,free,1,0,1,12.828208256365585,21,0
user_221,"[""page_view"", ""add_to_cart"", ""view_returns"", ""add_to_cart"", ""view_returns"", ""page_view"", ""begin_checkout"", ""remove_from_cart"", ""begin_checkout"", ""view_returns"", ""contact_support"", ""remove_from_cart"", ""search"", ""remove_from_cart"", ""add_to_cart""]",DE,desktop,enterprise,1,0,2,191.72855075324526,64,0
user_222,"[""add_to_cart"", ""wishlist_add"", ""add_to_cart"", ""search"", ""contact_support"", ""begin_checkout"", ""begin_checkout"", ""purchase"", ""view_returns"", ""contact_support"", ""purchase""]",IN,tablet,enterprise,0,0,3,101.39350010919958,22,1
user_223,"[""wishlist_add"", ""page_view"", ""view_returns"", ""view_returns"", ""rage_click"", ""rage_click"", ""view_item"", ""view_item"", ""add_to_cart"", ""page_view"", ""remove_from_cart"", ""remove_from_cart"", ""rage_click"", ""rage_click"", ""rage_click"", ""contact_support"", ""check_policy"", ""view_item"", ""contact_support""]",JP,desktop,premium,1,0,0,1296.6109166974577,83,0
user_224,"[""remove_from_cart"", ""wishlist_add"", ""search"", ""view_returns"", ""view_item"", ""purchase"", ""begin_checkout"", ""wishlist_add"", ""view_item""]",CN,desktop,enterprise,1,0,3,86.23834986233382,16,0
user_225,"[""contact_support"", ""page_view"", ""view_returns"", ""view_item"", ""check_policy"", ""rage_click"", ""rage_click"", ""view_returns"", ""search"", ""wishlist_add"", ""contact_support"", ""rage_click"", ""view_item"", ""purchase"", ""remove_from_cart""]",DE,mobile,free,1,0,0,604.193415254569,21,1
user_226,"[""remove_from_cart"", ""begin_checkout"", ""wishlist_add"", ""add_to_cart"", ""page_view"", ""view_returns"", ""begin_checkout"", ""add_to_cart"", ""contact_support"", ""check_policy"", ""check_policy"", ""page_view"", ""wishlist_add"", ""rage_click"", ""view_item"", ""begin_checkout"", ""begin_checkout"", ""view_returns""]",BR,tablet,premium,1,0,3,114.13171275933574,70,0
user_227,"[""view_returns"", ""check_policy"", ""check_policy"", ""wishlist_add"", ""search"", ""purchase"", ""purchase"", ""search"", ""rage_click"", ""purchase"", ""wishlist_add"", ""view_item"", ""view_item"", ""begin_checkout"", ""remove_from_cart"", ""search"", ""view_item"", ""add_to_cart""]",FR,mobile,enterprise,1,0,1,414.84235659018447,34,1
user_228,"[""view_returns"", ""wishlist_add"", ""purchase"", ""search"", ""begin_checkout"", ""page_view"", ""view_returns"", ""add_to_cart"", ""purchase"", ""add_to_cart"", ""check_policy""]",BR,mobile,enterprise,1,1,2,323.50291055093095,11,0
user_229,"[""check_policy"", ""wishlist_add"", ""rage_click"", ""begin_checkout"", ""view_returns"", ""contact_support"", ""contact_support"", ""view_returns"", ""page_view"", ""wishlist_add"", ""begin_checkout"", ""add_to_cart"", ""page_view"", ""remove_from_cart"", ""view_returns"", ""add_to_cart"", ""contact_support""]",CN,tablet,free,0,0,0,247.51269696813833,35,0
user_230,"[""search"", ""rage_click"", ""contact_support"", ""begin_checkout"", ""check_policy"", ""search""]",BR,mobile,enterprise,1,0,1,161.78036075561326,60,0
user_231,"[""view_item"", ""rage_click"", ""rage_click"", ""remove_from_cart"", ""remove_from_cart"", ""purchase"", ""contact_support"", ""contact_support"", ""contact_support"", ""purchase"", ""wishlist_add"", ""page_view"", ""rage_click"", ""view_item"", ""begin_checkout""]",US,mobile,premium,0,1,3,333.6050301436729,78,0
user_232,"[""remove_from_cart"", ""search"", ""add_to_cart"", ""check_policy"", ""purchase"", ""view_returns"", ""add_to_cart"", ""begin_checkout"", ""contact_support"", ""remove_from_cart"", ""remove_from_cart"", ""remove_from_cart"", ""contact_support""]",UK,mobile,premium,1,0,2,156.90911504009742,71,1
user_233,"[""purchase"", ""add_to_cart"", ""contact_support"", ""begin_checkout"", ""purchase"", ""begin_checkout"", ""purchase"", ""view_returns"", ""check_policy"", ""begin_checkout"", ""contact_support"", ""purchase""]",JP,tablet,enterprise,0,0,3,238.28846433090965,81,1
user_234,"[""remove_from_cart"", ""wishlist_add"", ""rage_click"", ""remove_from_cart"", ""page_view"", ""check_policy"", ""check_policy"", ""remove_from_cart"", ""add_to_cart"", ""view_returns"", ""begin_checkout"", ""contact_support"", ""check_policy"", ""remove_from_cart"", ""remove_from_cart"", ""view_returns"", ""view_returns"", ""view_item""]",FR,mobile,enterprise,0,1,4,267.33440024180595,82,0
user_235,"[""view_item"", ""add_to_cart"", ""wishlist_add"", ""wishlist_add"", ""add_to_cart"", ""page_view"", ""add_to_cart"", ""purchase"", ""view_returns"", ""wishlist_add"", ""contact_support"", ""purchase"", ""begin_checkout"", ""remove_from_cart"", ""add_to_cart"", ""remove_from_cart"", ""check_policy"", ""page_view""]",UK,mobile,enterprise,0,1,2,93.32829173850347,48,0
user_236,"[""page_view"", ""view_item"", ""remove_from_cart"", ""page_view"", ""search"", ""wishlist_add"", ""search"", ""search"", ""rage_click"", ""wishlist_add"", ""purchase""]",DE,mobile,enterprise,0,0,2,124.53487405242731,93,1
user_237,"[""page_view"", ""page_view"", ""purchase"", ""remove_from_cart"", ""remove_from_cart"", ""search"", ""purchase"", ""wishlist_add"", ""search"", ""check_policy"", ""rage_click"", ""contact_support"", ""begin_checkout"", ""rage_click"", ""remove_from_cart"", ""contact_support"", ""view_item""]",UK,tablet,premium,0,0,4,5.464485944104956,20,1
user_238,"[""search"", ""page_view"", ""purchase"", ""purchase"", ""page_view"", ""search"", ""add_to_cart""]",CN,desktop,free,1,0,0,573.4853587093623,73,1
user_239,"[""add_to_cart"", ""contact_support"", ""add_to_cart"", ""contact_support"", ""add_to_cart"", ""begin_checkout"", ""begin_checkout"", ""remove_from_cart"", ""page_view""]",CN,desktop,premium,0,2,0,423.15539260193873,95,0
user_240,"[""contact_support"", ""begin_checkout"", ""remove_from_cart"", ""purchase"", ""contact_support"", ""remove_from_cart"", ""check_policy"", ""check_policy"", ""view_item""]",US,desktop,enterprise,0,0,3,60.82969939127105,89,0
user_241,"[""page_view"", ""view_returns"", ""rage_click"", ""remove_from_cart"", ""purchase"", ""rage_click"", ""purchase""]",IN,desktop,enterprise,1,1,1,134.84788169197668,51,1
user_242,"[""wishlist_add"", ""wishlist_add"", ""wishlist_add"", ""rage_click"", ""remove_from_cart"", ""view_returns"", ""rage_click"", ""remove_from_cart"", ""begin_checkout"", ""view_returns"", ""wishlist_add"", ""contact_support"", ""purchase"", ""wishlist_add"", ""check_policy"", ""add_to_cart"", ""check_policy"", ""wishlist_add""]",UK,mobile,premium,0,0,3,163.97184414218458,19,1
user_243,"[""view_returns"", ""contact_support"", ""purchase"", ""contact_support"", ""rage_click"", ""purchase"", ""wishlist_add"", ""rage_click"", ""remove_from_cart"", ""view_returns"", ""search"", ""remove_from_cart"", ""view_item"", ""contact_support"", ""search"", ""rage_click"", ""begin_checkout"", ""remove_from_cart""]",BR,tablet,premium,1,0,2,122.11031302995868,98,0
user_244,"[""page_view"", ""search"", ""check_policy"", ""purchase"", ""view_item"", ""view_returns""]",UK,mobile,enterprise,1,0,1,480.20709524379,28,0
user_245,"[""remove_from_cart"", ""view_returns"", ""check_policy"", ""begin_checkout"", ""contact_support"", ""contact_support"", ""wishlist_add"", ""view_returns"", ""rage_click"", ""begin_checkout"", ""contact_support"", ""begin_checkout"", ""view_item"", ""begin_checkout"", ""add_to_cart""]",CN,tablet,premium,0,1,1,387.7545579408672,13,0
user_246,"[""contact_support"", ""begin_checkout"", ""view_returns"", ""page_view"", ""add_to_cart"", ""add_to_cart"", ""rage_click"", ""begin_checkout"", ""wishlist_add"", ""rage_click"", ""rage_click""]",IN,mobile,enterprise,0,0,1,437.2194908431799,92,1
user_247,"[""view_item"", ""begin_checkout"", ""remove_from_cart"", ""contact_support"", ""rage_click""]",DE,desktop,premium,0,1,1,703.4288109537007,12,1
user_248,"[""purchase"", ""check_policy"", ""page_view"", ""page_view"", ""view_returns"", ""view_item"", ""wishlist_add"", ""contact_support"", ""search"", ""rage_click"", ""check_policy""]",DE,desktop,enterprise,0,0,4,271.2725258977068,90,1
user_249,"[""page_view"", ""page_view"", ""view_item"", ""purchase"", ""purchase"", ""view_item"", ""page_view"", ""contact_support"", ""begin_checkout"", ""begin_checkout""]",JP,tablet,premium,1,1,1,285.99094218012885,23,0
user_250,"[""purchase"", ""rage_click"", ""view_item"", ""contact_support"", ""view_item"", ""add_to_cart""]",BR,mobile,enterprise,0,0,7,383.9691641041612,19,0
user_251,"[""check_policy"", ""purchase"", ""wishlist_add"", ""view_returns"", ""view_returns"", ""purchase"", ""wishlist_add"", ""search"", ""contact_support"", ""add_to_cart"", ""add_to_cart"", ""page_view"", ""check_policy"", ""begin_checkout"", ""remove_from_cart"", ""contact_support"", ""remove_from_cart""]",BR,desktop,free,0,0,4,342.9880736948453,15,1
user_252,"[""remove_from_cart"", ""purchase"", ""view_returns"", ""view_returns"", ""begin_checkout"", ""purchase"", ""remove_from_cart"", ""wishlist_add"", ""search"", ""rage_click"", ""view_returns"", ""contact_support"", ""wishlist_add"", ""contact_support"", ""page_view"", ""view_item"", ""rage_click"", ""view_returns""]",DE,tablet,free,1,0,0,611.6350625730033,40,0
user_253,"[""add_to_cart"", ""view_returns"", ""wishlist_add"", ""page_view"", ""contact_support"", ""remove_from_cart"", ""add_to_cart"", ""purchase"", ""check_policy"", ""remove_from_cart"", ""check_policy"", ""rage_click"", ""search"", ""view_item"", ""search"", ""add_to_cart"", ""begin_checkout"", ""add_to_cart""]",UK,mobile,premium,0,0,1,441.16143183989027,40,0
user_254,"[""view_returns"", ""wishlist_add"", ""contact_support"", ""view_returns"", ""view_returns"", ""wishlist_add"", ""wishlist_add"", ""rage_click"", ""remove_from_cart"", ""begin_checkout"", ""begin_checkout"", ""view_returns"", ""check_policy"", ""rage_click"", ""view_returns""]",US,tablet,free,0,0,1,38.50639873438635,57,0
user_255,"[""contact_support"", ""wishlist_add"", ""remove_from_cart"", ""purchase"", ""wishlist_add"", ""view_item""]",DE,mobile,enterprise,1,0,1,790.8247126355724,18,1
user_256,"[""add_to_cart"", ""add_to_cart"", ""search"", ""view_item"", ""search"", ""view_returns"", ""purchase"", ""page_view"", ""wishlist_add"", ""page_view"", ""check_policy""]",BR,mobile,premium,0,0,0,344.75003183514985,85,0
user_257,"[""begin_checkout"", ""wishlist_add"", ""search"", ""begin_checkout"", ""remove_from_cart"", ""purchase"", ""purchase"", ""add_to_cart"", ""rage_click"", ""wishlist_add"", ""search"", ""check_policy""]",BR,mobile,premium,1,0,2,40.79606746639892,35,0
user_258,"[""check_policy"", ""begin_checkout"", ""begin_checkout"", ""view_item"", ""remove_from_cart""]",CN,tablet,enterprise,0,1,4,443.4883387301029,11,0
user_259,"[""purchase"", ""contact_support"", ""search"", ""check_policy"", ""search"", ""begin_checkout"", ""rage_click"", ""add_to_cart"", ""page_view"", ""remove_from_cart"", ""rage_click"", ""remove_from_cart"", ""view_item"", ""contact_support"", ""begin_checkout"", ""add_to_cart""]",CN,tablet,enterprise,0,0,1,133.1429254547378,13,0
user_260,"[""wishlist_add"", ""rage_click"", ""remove_from_cart"", ""purchase"", ""view_item"", ""purchase"", ""add_to_cart"", ""wishlist_add"", ""wishlist_add"", ""rage_click"", ""search"", ""view_item"", ""wishlist_add"", ""wishlist_add"", ""rage_click"", ""begin_checkout"", ""view_returns""]",JP,mobile,enterprise,0,1,1,491.93498127537293,15,0
user_261,"[""purchase"", ""add_to_cart"", ""wishlist_add"", ""wishlist_add"", ""contact_support"", ""begin_checkout""]",IN,desktop,premium,0,0,0,933.0464039209604,39,0
user_262,"[""view_returns"", ""contact_support"", ""page_view"", ""begin_checkout"", ""add_to_cart"", ""remove_from_cart"", ""view_item"", ""rage_click"", ""add_to_cart"", ""view_item"", ""contact_support"", ""search"", ""rage_click"", ""check_policy"", ""purchase"", ""page_view""]",JP,mobile,enterprise,0,0,2,88.40879822126,64,1
user_263,"[""wishlist_add"", ""search"", ""search"", ""add_to_cart"", ""page_view"", ""remove_from_cart"", ""view_item"", ""view_item"", ""add_to_cart""]",UK,tablet,free,0,0,2,584.3367708084872,37,0
user_264,"[""view_returns"", ""wishlist_add"", ""check_policy"", ""purchase"", ""rage_click"", ""remove_from_cart"", ""wishlist_add"", ""page_view"", ""view_returns"", ""check_policy"", ""check_policy"", ""add_to_cart""]",DE,mobile,premium,0,0,1,445.5843961906373,70,0
user_265,"[""contact_support"", ""rage_click"", ""purchase"", ""begin_checkout"", ""add_to_cart"", ""rage_click"", ""begin_checkout"", ""begin_checkout""]",DE,tablet,enterprise,0,2,0,333.67790786702074,86,1
user_266,"[""remove_from_cart"", ""remove_from_cart"", ""wishlist_add"", ""page_view"", ""check_policy"", ""rage_click"", ""add_to_cart"", ""wishlist_add"", ""view_item"", ""add_to_cart"", ""page_view"", ""purchase"", ""search"", ""search"", ""check_policy"", ""search"", ""search"", ""view_item""]",JP,mobile,premium,1,1,1,145.80114710543089,64,0
user_267,"[""purchase"", ""remove_from_cart"", ""begin_checkout"", ""view_returns"", ""add_to_cart"", ""add_to_cart"", ""search"", ""remove_from_cart"", ""page_view"", ""rage_click"", ""view_returns"", ""view_returns""]",DE,mobile,free,0,0,0,34.9136637961468,45,0
user_268,"[""contact_support"", ""purchase"", ""check_policy"", ""purchase"", ""rage_click"", ""add_to_cart"", ""add_to_cart"", ""add_to_cart"", ""contact_support"", ""add_to_cart"", ""rage_click"", ""wishlist_add"", ""remove_from_cart"", ""check_policy"", ""rage_click"", ""search"", ""wishlist_add"", ""check_policy""]",UK,desktop,free,0,0,4,198.43457627864265,83,0
user_269,"[""wishlist_add"", ""add_to_cart"", ""remove_from_cart"", ""view_returns"", ""purchase"", ""begin_checkout"", ""remove_from_cart"", ""view_returns"", ""page_view"", ""rage_click"", ""page_view"", ""view_returns"", ""remove_from_cart""]",US,desktop,enterprise,0,0,1,33.50300279308271,83,1
user_270,"[""search"", ""begin_checkout"", ""add_to_cart"", ""rage_click"", ""search"", ""rage_click"", ""remove_from_cart"", ""search"", ""remove_from_cart"", ""wishlist_add"", ""view_returns"", ""view_item"", ""rage_click""]",IN,tablet,premium,1,0,2,208.03250330298448,14,1
user_271,"[""purchase"", ""rage_click"", ""view_returns"", ""check_policy"", ""page_view"", ""wishlist_add"", ""add_to_cart"", ""search"", ""view_item"", ""begin_checkout"", ""begin_checkout"", ""begin_checkout"", ""remove_from_cart"", ""begin_checkout"", ""add_to_cart"", ""wishlist_add"", ""page_view""]",CN,mobile,enterprise,1,1,2,514.928711670577,38,0
user_272,"[""rage_click"", ""rage_click"", ""remove_from_cart"", ""add_to_cart"", ""page_view"", ""view_item"", ""view_returns"", ""page_view"", ""view_returns""]",UK,tablet,premium,1,0,1,1814.4910392495292,21,0
user_273,"[""check_policy"", ""view_returns"", ""wishlist_add"", ""purchase"", ""wishlist_add"", ""rage_click"", ""add_to_cart"", ""contact_support"", ""remove_from_cart"", ""purchase"", ""view_returns"", ""begin_checkout"", ""add_to_cart"", ""purchase"", ""remove_from_cart"", ""rage_click"", ""add_to_cart""]",DE,mobile,enterprise,0,0,1,66.19726001564275,31,1
user_274,"[""check_policy"", ""check_policy"", ""wishlist_add"", ""wishlist_add"", ""remove_from_cart"", ""purchase"", ""wishlist_add"", ""add_to_cart""]",UK,mobile,enterprise,0,0,1,69.90439913050616,68,0
user_275,"[""wishlist_add"", ""view_item"", ""view_returns"", ""view_item"", ""search"", ""check_policy"", ""rage_click"", ""page_view"", ""view_returns"", ""check_policy""]",CN,mobile,premium,0,1,3,499.6173488804955,48,1
user_276,"[""purchase"", ""purchase"", ""rage_click"", ""view_item"", ""page_view"", ""wishlist_add"", ""purchase"", ""contact_support"", ""search"", ""view_returns""]",FR,desktop,premium,0,0,4,189.93110474267948,11,0
user_277,"[""wishlist_add"", ""contact_support"", ""page_view"", ""rage_click"", ""page_view"", ""add_to_cart"", ""view_returns""]",BR,tablet,free,0,1,0,742.3844831776021,23,0
user_278,"[""add_to_cart"", ""remove_from_cart"", ""view_returns"", ""page_view"", ""purchase"", ""page_view"", ""page_view"", ""view_returns"", ""search"", ""remove_from_cart"", ""wishlist_add"", ""page_view"", ""contact_support"", ""check_policy"", ""begin_checkout"", ""begin_checkout"", ""page_view"", ""contact_support""]",CN,mobile,free,1,0,0,439.596384319732,19,0
user_279,"[""purchase"", ""rage_click"", ""rage_click"", ""view_returns"", ""begin_checkout"", ""page_view"", ""rage_click"", ""page_view"", ""view_returns"", ""begin_checkout"", ""add_to_cart"", ""search"", ""check_policy"", ""check_policy"", ""rage_click""]",BR,mobile,premium,0,0,5,400.0283432769748,57,0
user_280,"[""search"", ""add_to_cart"", ""search"", ""page_view"", ""view_returns"", ""wishlist_add"", ""add_to_cart"", ""wishlist_add"", ""view_returns"", ""view_returns"", ""begin_checkout""]",CN,tablet,free,0,0,0,32.26009878786573,73,0
user_281,"[""wishlist_add"", ""page_view"", ""contact_support"", ""check_policy"", ""wishlist_add"", ""contact_support"", ""begin_checkout"", ""view_returns"", ""rage_click"", ""search"", ""check_policy"", ""check_policy"", ""page_view"", ""remove_from_cart"", ""view_item"", ""view_item"", ""view_item""]",FR,tablet,free,1,0,4,10.96047327969303,12,0
user_282,"[""page_view"", ""remove_from_cart"", ""view_item"", ""begin_checkout"", ""add_to_cart"", ""wishlist_add"", ""view_returns"", ""remove_from_cart""]",DE,mobile,premium,0,0,0,114.27396513479121,81,0
user_283,"[""page_view"", ""wishlist_add"", ""contact_support"", ""add_to_cart"", ""rage_click""]",DE,desktop,premium,0,0,3,73.50111118412472,69,0
user_284,"[""view_item"", ""rage_click"", ""contact_support"", ""view_item"", ""add_to_cart"", ""search"", ""contact_support"", ""view_item"", ""add_to_cart"", ""purchase"", ""rage_click""]",IN,desktop,premium,1,0,0,373.7603684979241,90,0
user_285,"[""check_policy"", ""wishlist_add"", ""add_to_cart"", ""remove_from_cart"", ""purchase"", ""search"", ""begin_checkout"", ""view_item"", ""purchase"", ""add_to_cart"", ""view_returns"", ""view_item"", ""page_view""]",US,mobile,enterprise,0,0,2,179.7515805968066,77,0
user_286,"[""wishlist_add"", ""add_to_cart"", ""search"", ""page_view"", ""check_policy"", ""contact_support"", ""begin_checkout"", ""begin_checkout"", ""page_view"", ""rage_click"", ""check_policy"", ""view_returns"", ""rage_click""]",CN,desktop,premium,0,0,4,222.1637100709963,30,1
user_287,"[""wishlist_add"", ""begin_checkout"", ""purchase"", ""search"", ""view_item"", ""remove_from_cart"", ""add_to_cart"", ""check_policy"", ""rage_click"", ""begin_checkout""]",UK,tablet,premium,0,0,1,504.18590796635425,28,1
user_288,"[""contact_support"", ""wishlist_add"", ""wishlist_add"", ""view_item"", ""add_to_cart"", ""add_to_cart"", ""wishlist_add"", ""wishlist_add"", ""rage_click"", ""check_policy""]",US,desktop,premium,0,1,1,195.31649462417136,88,0
user_289,"[""search"", ""contact_support"", ""search"", ""rage_click"", ""purchase"", ""remove_from_cart"", ""wishlist_add"", ""page_view"", ""view_returns"", ""check_policy"", ""view_item"", ""view_returns""]",DE,tablet,free,0,0,0,236.18878225349386,29,0
user_290,"[""begin_checkout"", ""check_policy"", ""remove_from_cart"", ""begin_checkout"", ""view_returns"", ""page_view"", ""page_view"", ""remove_from_cart"", ""add_to_cart"", ""contact_support"", ""wishlist_add"", ""view_item"", ""wishlist_add"", ""add_to_cart"", ""search"", ""search""]",DE,tablet,premium,0,0,2,554.1567917063076,67,0
user_291,"[""search"", ""page_view"", ""page_view"", ""purchase"", ""begin_checkout"", ""view_returns"", ""view_item"", ""remove_from_cart"", ""view_returns"", ""wishlist_add"", ""purchase"", ""page_view"", ""remove_from_cart"", ""page_view"", ""view_item"", ""begin_checkout"", ""view_returns"", ""view_returns""]",IN,tablet,free,0,0,0,169.33955808217326,51,0
user_292,"[""add_to_cart"", ""search"", ""remove_from_cart"", ""contact_support"", ""search"", ""purchase"", ""search"", ""search"", ""contact_support"", ""add_to_cart"", ""view_item"", ""purchase"", ""search"", ""begin_checkout"", ""contact_support""]",IN,tablet,enterprise,0,0,1,26.035797852523203,19,0
user_293,"[""contact_support"", ""begin_checkout"", ""contact_support"", ""wishlist_add"", ""begin_checkout"", ""add_to_cart"", ""check_policy"", ""purchase"", ""remove_from_cart""]",IN,desktop,premium,0,1,2,221.2584060748125,32,0
user_294,"[""wishlist_add"", ""rage_click"", ""page_view"", ""search"", ""remove_from_cart"", ""page_view""]",JP,tablet,premium,0,1,1,259.79457659564764,97,1
user_295,"[""purchase"", ""remove_from_cart"", ""begin_checkout"", ""begin_checkout"", ""rage_click"", ""page_view"", ""view_item"", ""purchase"", ""begin_checkout"", ""search"", ""check_policy"", ""add_to_cart"", ""add_to_cart"", ""contact_support"", ""view_item"", ""add_to_cart"", ""contact_support""]",US,mobile,free,0,0,1,215.10707255654418,21,0
user_296,"[""begin_checkout"", ""wishlist_add"", ""begin_checkout"", ""wishlist_add"", ""search""]",DE,tablet,enterprise,0,1,1,89.54183185107858,18,0
user_297,"[""remove_from_cart"", ""add_to_cart"", ""page_view"", ""wishlist_add"", ""view_returns"", ""add_to_cart"", ""view_item"", ""search"", ""remove_from_cart"", ""add_to_cart"", ""page_view""]",FR,mobile,premium,2,0,3,75.96103258625803,88,1
user_298,"[""wishlist_add"", ""view_item"", ""view_returns"", ""purchase"", ""rage_click"", ""view_returns"", ""contact_support""]",BR,tablet,enterprise,0,0,1,138.4946469392315,38,0
user_299,"[""begin_checkout"", ""check_policy"", ""begin_checkout"", ""view_returns"", ""wishlist_add"", ""begin_checkout"", ""page_view""]",JP,tablet,enterprise,0,0,0,54.538854309716406,91,0
user_300,"[""remove_from_cart"", ""purchase"", ""add_to_cart"", ""search"", ""begin_checkout"", ""view_item"", ""search"", ""purchase"", ""wishlist_add""]",UK,desktop,premium,0,0,1,329.0055553644374,29,0
user_301,"[""begin_checkout"", ""purchase"", ""search"", ""check_policy"", ""wishlist_add"", ""begin_checkout"", ""page_view"", ""view_returns"", ""remove_from_cart"", ""rage_click""]",BR,tablet,enterprise,1,1,1,286.1003666247453,74,1
user_302,"[""contact_support"", ""wishlist_add"", ""purchase"", ""page_view"", ""add_to_cart"", ""add_to_cart"", ""contact_support"", ""wishlist_add"", ""wishlist_add"", ""remove_from_cart"", ""purchase"", ""check_policy"", ""contact_support"", ""remove_from_cart"", ""purchase"", ""search"", ""page_view"", ""view_returns""]",JP,tablet,enterprise,1,1,0,300.2243885074142,12,0
user_303,"[""search"", ""search"", ""rage_click"", ""add_to_cart"", ""view_item"", ""page_view"", ""add_to_cart"", ""begin_checkout"", ""search"", ""view_item"", ""wishlist_add""]",IN,desktop,premium,2,0,0,76.38929537616126,17,0
user_304,"[""remove_from_cart"", ""check_policy"", ""add_to_cart"", ""rage_click"", ""view_returns"", ""remove_from_cart"", ""page_view""]",CN,desktop,free,0,0,2,84.9194302703659,48,1
user_305,"[""page_view"", ""page_view"", ""view_returns"", ""add_to_cart"", ""purchase""]",CN,mobile,premium,1,0,1,464.4890988732228,73,0
user_306,"[""search"", ""begin_checkout"", ""check_policy"", ""view_item"", ""purchase"", ""purchase"", ""search""]",UK,desktop,enterprise,1,0,1,351.4630809478473,40,1
user_307,"[""purchase"", ""contact_support"", ""contact_support"", ""begin_checkout"", ""wishlist_add"", ""view_item"", ""rage_click""]",FR,mobile,premium,0,0,2,624.2644113231613,81,0
user_308,"[""add_to_cart"", ""view_returns"", ""rage_click"", ""add_to_cart"", ""add_to_cart"", ""view_item"", ""view_returns"", ""contact_support"", ""page_view"", ""view_returns"", ""check_policy"", ""check_policy""]",UK,tablet,free,3,1,3,155.00568691013143,88,1
user_309,"[""page_view"", ""remove_from_cart"", ""rage_click"", ""begin_checkout"", ""page_view"", ""begin_checkout"", ""view_returns""]",US,mobile,enterprise,2,0,1,237.77613199649375,31,1
user_310,"[""begin_checkout"", ""wishlist_add"", ""rage_click"", ""page_view"", ""remove_from_cart"", ""add_to_cart"", ""view_item"", ""view_returns"", ""check_policy"", ""rage_click"", ""view_item"", ""remove_from_cart""]",BR,desktop,enterprise,1,0,2,402.71505982057374,14,0
user_311,"[""purchase"", ""search"", ""add_to_cart"", ""view_returns"", ""add_to_cart"", ""wishlist_add"", ""view_item"", ""add_to_cart"", ""search"", ""purchase"", ""view_item"", ""view_returns"", ""page_view"", ""check_policy"", ""view_item"", ""contact_support"", ""wishlist_add"", ""purchase""]",UK,tablet,free,0,1,0,1096.6910766408675,67,0
user_312,"[""view_item"", ""view_item"", ""contact_support"", ""view_returns"", ""wishlist_add"", ""view_item"", ""check_policy"", ""add_to_cart"", ""view_returns"", ""check_policy"", ""view_returns"", ""check_policy"", ""search"", ""purchase"", ""check_policy"", ""begin_checkout""]",UK,mobile,free,0,1,0,1370.7039265160877,82,1
user_313,"[""page_view"", ""page_view"", ""rage_click"", ""begin_checkout"", ""begin_checkout"", ""add_to_cart"", ""begin_checkout"", ""add_to_cart"", ""rage_click"", ""rage_click"", ""purchase""]",JP,mobile,enterprise,0,0,2,2130.188181099416,88,0
user_314,"[""page_view"", ""check_policy"", ""check_policy"", ""contact_support"", ""contact_support"", ""remove_from_cart"", ""view_returns"", ""purchase"", ""remove_from_cart"", ""remove_from_cart"", ""view_item"", ""view_item"", ""wishlist_add"", ""remove_from_cart"", ""begin_checkout"", ""view_returns"", ""purchase"", ""remove_from_cart"", ""search""]",FR,mobile,free,1,1,0,663.6217840350627,72,0
user_315,"[""view_returns"", ""view_item"", ""wishlist_add"", ""check_policy"", ""view_item"", ""view_item"", ""view_returns"", ""view_item"", ""search"", ""rage_click"", ""wishlist_add""]",UK,tablet,premium,0,1,1,306.2045312355047,70,1
user_316,"[""rage_click"", ""page_view"", ""contact_support"", ""contact_support"", ""view_item""]",US,mobile,free,0,0,2,2.098608412916258,61,0
user_317,"[""purchase"", ""page_view"", ""check_policy"", ""view_returns"", ""view_item"", ""view_returns"", ""rage_click"", ""purchase"", ""begin_checkout"", ""wishlist_add""]",JP,mobile,premium,0,1,0,360.7359511441208,42,0
user_318,"[""wishlist_add"", ""search"", ""rage_click"", ""page_view"", ""search"", ""add_to_cart"", ""rage_click"", ""search"", ""view_item"", ""wishlist_add"", ""remove_from_cart"", ""remove_from_cart"", ""view_item""]",FR,desktop,enterprise,0,0,2,81.7787398627993,31,0
user_319,"[""add_to_cart"", ""add_to_cart"", ""page_view"", ""purchase"", ""view_returns"", ""wishlist_add"", ""add_to_cart"", ""begin_checkout"", ""page_view"", ""contact_support"", ""check_policy"", ""contact_support"", ""page_view"", ""wishlist_add"", ""search"", ""rage_click"", ""view_returns"", ""check_policy"", ""contact_support""]",FR,mobile,enterprise,0,0,1,17.65987879605916,60,0
user_320,"[""check_policy"", ""begin_checkout"", ""begin_checkout"", ""search"", ""begin_checkout"", ""page_view"", ""view_returns"", ""wishlist_add"", ""search"", ""page_view"", ""remove_from_cart"", ""rage_click"", ""rage_click"", ""begin_checkout"", ""remove_from_cart"", ""add_to_cart"", ""add_to_cart"", ""wishlist_add"", ""begin_checkout""]",DE,tablet,enterprise,0,0,2,358.3894005534092,20,0
user_321,"[""page_view"", ""begin_checkout"", ""purchase"", ""check_policy"", ""wishlist_add"", ""rage_click"", ""add_to_cart"", ""view_item"", ""add_to_cart"", ""wishlist_add"", ""rage_click"", ""wishlist_add"", ""check_policy"", ""rage_click""]",CN,desktop,enterprise,2,0,1,423.1895514602206,67,0
user_322,"[""view_item"", ""begin_checkout"", ""remove_from_cart"", ""view_item"", ""rage_click"", ""rage_click"", ""purchase"", ""search"", ""purchase"", ""view_returns"", ""purchase"", ""page_view"", ""remove_from_cart"", ""check_policy"", ""view_item"", ""rage_click"", ""view_returns""]",BR,tablet,enterprise,0,0,0,323.1431268415968,59,1
user_323,"[""check_policy"", ""remove_from_cart"", ""view_item"", ""add_to_cart"", ""wishlist_add"", ""purchase"", ""wishlist_add"", ""wishlist_add"", ""begin_checkout"", ""wishlist_add"", ""view_returns"", ""purchase""]",US,desktop,free,0,1,2,136.31930757881918,79,0
user_324,"[""page_view"", ""remove_from_cart"", ""begin_checkout"", ""wishlist_add"", ""search"", ""add_to_cart"", ""rage_click"", ""page_view"", ""purchase"", ""purchase""]",CN,desktop,free,0,0,1,214.62036697274027,26,0
user_325,"[""begin_checkout"", ""wishlist_add"", ""begin_checkout"", ""contact_support"", ""begin_checkout"", ""purchase"", ""view_returns"", ""view_item"", ""purchase"", ""page_view"", ""remove_from_cart"", ""contact_support"", ""add_to_cart"", ""rage_click""]",JP,mobile,enterprise,1,1,1,819.7687784977691,55,1
user_326,"[""purchase"", ""page_view"", ""wishlist_add"", ""purchase"", ""remove_from_cart"", ""view_returns"", ""search""]",JP,tablet,free,0,2,1,392.36804708524346,53,0
user_327,"[""remove_from_cart"", ""contact_support"", ""wishlist_add"", ""contact_support"", ""purchase"", ""page_view"", ""remove_from_cart"", ""check_policy"", ""wishlist_add"", ""page_view"", ""view_returns"", ""wishlist_add"", ""contact_support""]",US,mobile,free,0,0,1,210.76794230110306,66,0
user_328,"[""search"", ""purchase"", ""begin_checkout"", ""contact_support"", ""search"", ""rage_click"", ""view_item"", ""begin_checkout"", ""purchase"", ""check_policy"", ""begin_checkout"", ""rage_click"", ""page_view"", ""check_policy"", ""contact_support"", ""check_policy""]",FR,desktop,enterprise,1,0,2,270.0138811097453,14,1
user_329,"[""rage_click"", ""wishlist_add"", ""search"", ""begin_checkout"", ""remove_from_cart"", ""check_policy"", ""remove_from_cart"", ""add_to_cart""]",IN,mobile,free,0,1,1,788.0112960094489,48,0
user_330,"[""search"", ""view_returns"", ""page_view"", ""check_policy"", ""rage_click"", ""view_returns"", ""view_returns"", ""purchase"", ""search"", ""remove_from_cart"", ""view_returns"", ""add_to_cart"", ""rage_click""]",UK,desktop,enterprise,0,0,2,150.15494494508965,67,0
user_331,"[""view_item"", ""view_item"", ""wishlist_add"", ""wishlist_add"", ""check_policy"", ""wishlist_add"", ""contact_support"", ""remove_from_cart"", ""contact_support"", ""view_returns"", ""rage_click"", ""check_policy"", ""begin_checkout"", ""view_returns"", ""remove_from_cart"", ""view_item"", ""search""]",US,desktop,enterprise,0,0,0,32.22335688463645,18,0
user_332,"[""wishlist_add"", ""purchase"", ""rage_click"", ""page_view"", ""search"", ""contact_support"", ""wishlist_add"", ""check_policy"", ""contact_support"", ""rage_click"", ""contact_support"", ""rage_click"", ""contact_support"", ""search"", ""add_to_cart"", ""search"", ""begin_checkout"", ""view_returns"", ""view_returns""]",JP,tablet,enterprise,1,1,5,118.28021990024067,32,0
user_333,"[""wishlist_add"", ""search"", ""search"", ""page_view"", ""page_view"", ""remove_from_cart"", ""purchase"", ""view_returns""]",CN,tablet,enterprise,1,1,0,160.9457213228244,56,1
user_334,"[""wishlist_add"", ""rage_click"", ""rage_click"", ""view_item"", ""contact_support"", ""page_view"", ""view_item"", ""begin_checkout"", ""remove_from_cart"", ""remove_from_cart""]",BR,tablet,free,0,0,3,95.63373153152426,45,0
user_335,"[""search"", ""view_returns"", ""purchase"", ""page_view"", ""view_item"", ""purchase"", ""search"", ""view_item"", ""contact_support"", ""begin_checkout"", ""begin_checkout"", ""purchase"", ""purchase""]",US,tablet,free,0,0,3,225.85157973071804,40,0
user_336,"[""purchase"", ""view_item"", ""contact_support"", ""add_to_cart"", ""purchase"", ""view_returns"", ""wishlist_add"", ""search"", ""wishlist_add"", ""page_view"", ""page_view"", ""search"", ""view_item"", ""search"", ""wishlist_add"", ""wishlist_add"", ""purchase"", ""rage_click""]",FR,mobile,premium,1,0,2,109.091687439344,93,1
user_337,"[""add_to_cart"", ""wishlist_add"", ""view_returns"", ""search"", ""contact_support"", ""rage_click"", ""wishlist_add"", ""search""]",BR,tablet,premium,0,0,4,32.669893091008305,32,0
user_338,"[""rage_click"", ""view_item"", ""add_to_cart"", ""check_policy"", ""check_policy"", ""purchase"", ""purchase"", ""view_item"", ""contact_support""]",BR,tablet,enterprise,0,2,4,62.5017956227428,65,0
user_339,"[""remove_from_cart"", ""wishlist_add"", ""add_to_cart"", ""search"", ""view_item"", ""page_view"", ""search"", ""search"", ""begin_checkout"", ""view_item""]",BR,tablet,premium,2,1,2,750.8823905918534,80,0
user_340,"[""check_policy"", ""view_returns"", ""contact_support"", ""view_returns"", ""remove_from_cart"", ""page_view""]",DE,desktop,free,0,0,1,297.94799273882984,55,0
user_341,"[""check_policy"", ""page_view"", ""search"", ""remove_from_cart"", ""view_returns"", ""view_item"", ""purchase"", ""purchase"", ""wishlist_add"", ""rage_click"", ""begin_checkout"", ""contact_support"", ""remove_from_cart"", ""begin_checkout"", ""wishlist_add""]",BR,desktop,free,0,2,4,113.1983313450129,67,0
user_342,"[""contact_support"", ""search"", ""begin_checkout"", ""view_returns"", ""contact_support"", ""wishlist_add"", ""view_returns"", ""view_item"", ""check_policy"", ""view_returns"", ""search"", ""purchase"", ""begin_checkout"", ""search"", ""rage_click"", ""add_to_cart""]",DE,tablet,premium,0,1,0,137.1465555454817,45,0
user_343,"[""contact_support"", ""remove_from_cart"", ""rage_click"", ""purchase"", ""view_returns"", ""check_policy"", ""search"", ""view_item"", ""add_to_cart"", ""page_view"", ""rage_click"", ""check_policy"", ""page_view"", ""add_to_cart"", ""remove_from_cart"", ""remove_from_cart""]",UK,desktop,premium,0,0,2,204.00009698133522,77,0
user_344,"[""add_to_cart"", ""add_to_cart"", ""page_view"", ""check_policy"", ""search"", ""contact_support"", ""page_view"", ""view_item"", ""remove_from_cart""]",UK,desktop,free,2,0,1,335.4578529978362,97,0
user_345,"[""remove_from_cart"", ""begin_checkout"", ""search"", ""view_item"", ""remove_from_cart"", ""page_view"", ""view_item"", ""page_view"", ""contact_support"", ""contact_support"", ""remove_from_cart"", ""remove_from_cart"", ""check_policy"", ""contact_support"", ""search"", ""search"", ""rage_click""]",BR,mobile,premium,0,0,1,261.8112892698259,69,0
user_346,"[""begin_checkout"", ""contact_support"", ""page_view"", ""page_view"", ""purchase"", ""view_item"", ""view_returns"", ""rage_click"", ""remove_from_cart"", ""begin_checkout"", ""search"", ""view_returns"", ""add_to_cart""]",FR,desktop,free,2,1,0,809.5701527695948,23,1
user_347,"[""add_to_cart"", ""wishlist_add"", ""contact_support"", ""add_to_cart"", ""add_to_cart"", ""wishlist_add"", ""check_policy"", ""check_policy"", ""check_policy""]",CN,mobile,free,0,0,1,294.8484360827952,34,0
user_348,"[""view_returns"", ""begin_checkout"", ""begin_checkout"", ""remove_from_cart"", ""check_policy"", ""contact_support"", ""remove_from_cart"", ""view_item"", ""remove_from_cart"", ""view_returns"", ""rage_click"", ""add_to_cart"", ""check_policy"", ""wishlist_add""]",UK,desktop,premium,0,0,1,725.035298608636,80,0
user_349,"[""rage_click"", ""search"", ""remove_from_cart"", ""contact_support"", ""add_to_cart"", ""begin_checkout"", ""page_view"", ""add_to_cart"", ""view_returns"", ""search"", ""view_returns"", ""remove_from_cart"", ""view_item"", ""view_returns"", ""view_returns"", ""contact_support"", ""remove_from_cart"", ""add_to_cart""]",DE,tablet,premium,0,0,0,1.6334868208552704,88,0
user_350,"[""rage_click"", ""page_view"", ""check_policy"", ""begin_checkout"", ""view_returns"", ""remove_from_cart""]",FR,desktop,enterprise,1,0,5,663.7121999534778,53,0
user_351,"[""begin_checkout"", ""begin_checkout"", ""rage_click"", ""rage_click"", ""rage_click"", ""wishlist_add"", ""purchase"", ""purchase"", ""begin_checkout"", ""rage_click"", ""contact_support""]",BR,desktop,enterprise,0,0,2,383.45656018747985,55,0
user_352,"[""check_policy"", ""check_policy"", ""purchase"", ""begin_checkout"", ""remove_from_cart"", ""add_to_cart"", ""add_to_cart"", ""purchase"", ""remove_from_cart"", ""wishlist_add"", ""wishlist_add"", ""purchase""]",FR,mobile,enterprise,0,1,3,56.69273763809889,22,1
user_353,"[""remove_from_cart"", ""rage_click"", ""begin_checkout"", ""check_policy"", ""contact_support"", ""view_item"", ""begin_checkout""]",FR,tablet,enterprise,0,2,4,91.56569238481079,71,1
user_354,"[""search"", ""add_to_cart"", ""rage_click"", ""search"", ""purchase"", ""remove_from_cart"", ""check_policy"", ""view_returns"", ""purchase"", ""begin_checkout"", ""purchase"", ""begin_checkout"", ""view_returns""]",US,mobile,enterprise,0,2,0,234.79686532134875,28,0
user_355,"[""search"", ""check_policy"", ""contact_support"", ""contact_support"", ""search""]",CN,tablet,free,1,0,0,40.03821465684847,21,0
user_356,"[""rage_click"", ""page_view"", ""search"", ""contact_support"", ""purchase"", ""rage_click""]",BR,tablet,premium,1,0,1,461.6494797302872,99,0
user_357,"[""remove_from_cart"", ""remove_from_cart"", ""rage_click"", ""search"", ""begin_checkout""]",CN,mobile,free,0,0,0,469.87598071072415,57,0
user_358,"[""purchase"", ""page_view"", ""page_view"", ""rage_click"", ""add_to_cart"", ""remove_from_cart"", ""page_view"", ""rage_click"", ""view_returns""]",UK,desktop,enterprise,1,0,0,107.40946854223795,42,0
user_359,"[""view_returns"", ""check_policy"", ""search"", ""purchase"", ""page_view"", ""check_policy""]",IN,tablet,enterprise,1,0,1,21.71218300344895,88,0
user_360,"[""check_policy"", ""rage_click"", ""page_view"", ""view_item"", ""search"", ""rage_click"", ""rage_click"", ""purchase"", ""purchase"", ""remove_from_cart"", ""remove_from_cart"", ""begin_checkout"", ""add_to_cart"", ""page_view""]",CN,desktop,premium,0,0,0,1348.8263806819402,46,0
user_361,"[""page_view"", ""wishlist_add"", ""check_policy"", ""page_view"", ""page_view"", ""add_to_cart"", ""contact_support"", ""remove_from_cart"", ""remove_from_cart"", ""view_item"", ""page_view"", ""add_to_cart"", ""search"", ""remove_from_cart"", ""add_to_cart"", ""view_returns"", ""contact_support"", ""page_view"", ""view_item""]",JP,mobile,free,0,0,1,86.59631519577263,15,0
user_362,"[""check_policy"", ""remove_from_cart"", ""view_returns"", ""search"", ""add_to_cart"", ""purchase"", ""rage_click"", ""page_view"", ""page_view"", ""view_returns"", ""add_to_cart"", ""begin_checkout"", ""page_view"", ""begin_checkout"", ""search"", ""purchase"", ""view_returns""]",DE,mobile,enterprise,1,0,2,20.98470788919549,98,0
user_363,"[""add_to_cart"", ""add_to_cart"", ""wishlist_add"", ""search"", ""search"", ""contact_support"", ""rage_click"", ""remove_from_cart"", ""remove_from_cart"", ""wishlist_add"", ""check_policy"", ""view_item"", ""view_returns"", ""purchase"", ""add_to_cart"", ""rage_click"", ""begin_checkout""]",UK,mobile,enterprise,0,1,1,120.12758056114917,90,1
user_364,"[""check_policy"", ""view_returns"", ""check_policy"", ""add_to_cart"", ""view_item"", ""check_policy"", ""add_to_cart"", ""add_to_cart"", ""view_item"", ""remove_from_cart"", ""view_returns"", ""wishlist_add""]",BR,mobile,enterprise,1,0,3,1042.1619934389048,52,1
user_365,"[""page_view"", ""wishlist_add"", ""begin_checkout"", ""search"", ""begin_checkout""]",CN,tablet,enterprise,0,0,0,472.40605499885845,59,0
user_366,"[""wishlist_add"", ""page_view"", ""purchase"", ""page_view"", ""begin_checkout"", ""rage_click"", ""wishlist_add"", ""begin_checkout"", ""purchase"", ""view_returns"", ""search"", ""page_view"", ""view_item"", ""rage_click"", ""add_to_cart""]",DE,mobile,free,0,0,2,196.37016322057923,55,0
user_367,"[""begin_checkout"", ""search"", ""view_item"", ""check_policy"", ""remove_from_cart"", ""page_view"", ""remove_from_cart"", ""purchase"", ""check_policy"", ""check_policy""]",BR,desktop,free,0,1,2,109.29569202359765,82,0
user_368,"[""check_policy"", ""add_to_cart"", ""purchase"", ""view_returns"", ""remove_from_cart"", ""view_returns"", ""view_item"", ""contact_support"", ""rage_click"", ""rage_click"", ""view_returns"", ""contact_support"", ""contact_support"", ""page_view"", ""view_item"", ""purchase"", ""contact_support"", ""begin_checkout""]",BR,desktop,enterprise,0,0,2,165.1330959963781,37,1
user_369,"[""rage_click"", ""begin_checkout"", ""view_item"", ""contact_support"", ""remove_from_cart"", ""rage_click"", ""page_view"", ""search"", ""page_view"", ""wishlist_add"", ""check_policy"", ""search"", ""add_to_cart"", ""contact_support"", ""view_item"", ""rage_click""]",UK,tablet,free,0,1,0,5.25544772313617,76,1
user_370,"[""view_item"", ""wishlist_add"", ""view_returns"", ""contact_support"", ""purchase"", ""purchase"", ""contact_support""]",JP,mobile,enterprise,1,1,1,380.1488507294615,20,1
user_371,"[""check_policy"", ""check_policy"", ""search"", ""purchase"", ""remove_from_cart"", ""search"", ""rage_click"", ""purchase"", ""remove_from_cart"", ""wishlist_add"", ""add_to_cart"", ""remove_from_cart"", ""add_to_cart"", ""view_item"", ""begin_checkout""]",DE,tablet,premium,0,0,1,31.489601975627913,29,0
user_372,"[""purchase"", ""add_to_cart"", ""purchase"", ""search"", ""contact_support"", ""rage_click""]",IN,tablet,premium,1,0,4,219.58984029836896,96,0
user_373,"[""purchase"", ""rage_click"", ""search"", ""remove_from_cart"", ""search""]",IN,tablet,premium,0,0,1,250.30613626337902,39,0
user_374,"[""view_item"", ""remove_from_cart"", ""page_view"", ""add_to_cart"", ""contact_support"", ""rage_click"", ""contact_support"", ""begin_checkout"", ""search"", ""purchase"", ""add_to_cart"", ""begin_checkout"", ""search"", ""view_returns"", ""purchase"", ""remove_from_cart""]",IN,mobile,free,1,0,1,0.507361074366911,45,0
user_375,"[""rage_click"", ""wishlist_add"", ""page_view"", ""page_view"", ""remove_from_cart"", ""check_policy""]",JP,desktop,enterprise,1,0,4,1171.7917934106592,85,0
user_376,"[""rage_click"", ""remove_from_cart"", ""add_to_cart"", ""page_view"", ""contact_support""]",DE,desktop,premium,0,1,1,107.92061713748672,77,0
user_377,"[""rage_click"", ""contact_support"", ""purchase"", ""purchase"", ""page_view"", ""contact_support"", ""view_item"", ""search""]",US,tablet,premium,1,0,3,24.110709845976398,97,1
user_378,"[""view_item"", ""add_to_cart"", ""remove_from_cart"", ""search"", ""begin_checkout"", ""rage_click"", ""wishlist_add"", ""remove_from_cart"", ""search"", ""rage_click""]",BR,tablet,free,0,0,1,578.0440688773325,45,1
user_379,"[""contact_support"", ""add_to_cart"", ""view_returns"", ""wishlist_add"", ""page_view"", ""search"", ""rage_click"", ""rage_click"", ""contact_support"", ""view_item"", ""remove_from_cart"", ""view_returns"", ""check_policy"", ""page_view"", ""begin_checkout""]",US,desktop,free,0,1,1,49.44562599096525,67,0
user_380,"[""remove_from_cart"", ""page_view"", ""rage_click"", ""begin_checkout"", ""search"", ""view_item"", ""view_returns"", ""search"", ""view_item"", ""add_to_cart"", ""contact_support""]",DE,desktop,premium,0,0,3,7.581538474253311,37,1
user_381,"[""search"", ""view_item"", ""check_policy"", ""contact_support"", ""view_item""]",IN,mobile,enterprise,0,0,1,204.7753564680895,48,0
user_382,"[""add_to_cart"", ""remove_from_cart"", ""search"", ""view_returns"", ""add_to_cart"", ""contact_support"", ""purchase"", ""page_view"", ""check_policy"", ""view_returns""]",DE,tablet,enterprise,0,0,1,41.74999597862882,75,1
user_383,"[""view_returns"", ""add_to_cart"", ""contact_support"", ""page_view"", ""rage_click"", ""purchase"", ""search"", ""rage_click"", ""check_policy"", ""page_view"", ""wishlist_add"", ""wishlist_add"", ""page_view"", ""purchase"", ""begin_checkout""]",JP,mobile,enterprise,0,0,2,1212.3503474395961,52,1
user_384,"[""view_item"", ""view_returns"", ""search"", ""begin_checkout"", ""view_item"", ""contact_support"", ""search"", ""search"", ""wishlist_add"", ""purchase"", ""contact_support"", ""view_returns"", ""remove_from_cart""]",BR,desktop,premium,0,1,3,3.139668011872114,14,0
user_385,"[""wishlist_add"", ""search"", ""begin_checkout"", ""wishlist_add"", ""view_item"", ""view_item""]",CN,desktop,free,1,0,3,15.766335484782285,22,0
user_386,"[""purchase"", ""search"", ""contact_support"", ""rage_click"", ""remove_from_cart"", ""purchase"", ""check_policy"", ""search"", ""purchase"", ""view_returns"", ""remove_from_cart"", ""wishlist_add"", ""page_view"", ""check_policy"", ""add_to_cart"", ""purchase"", ""view_item"", ""rage_click"", ""page_view""]",BR,desktop,enterprise,0,0,0,537.4389934442712,18,0
user_387,"[""purchase"", ""begin_checkout"", ""begin_checkout"", ""page_view"", ""contact_support"", ""wishlist_add"", ""begin_checkout"", ""view_item"", ""check_policy"", ""add_to_cart""]",FR,desktop,premium,0,0,2,82.23305499668577,66,1
user_388,"[""remove_from_cart"", ""add_to_cart"", ""add_to_cart"", ""remove_from_cart"", ""begin_checkout"", ""page_view"", ""remove_from_cart"", ""wishlist_add"", ""wishlist_add"", ""search"", ""view_returns"", ""contact_support"", ""check_policy"", ""rage_click"", ""begin_checkout"", ""contact_support"", ""remove_from_cart""]",DE,mobile,premium,0,0,2,727.7539750760901,36,0
user_389,"[""rage_click"", ""check_policy"", ""check_policy"", ""begin_checkout"", ""remove_from_cart"", ""contact_support"", ""page_view"", ""contact_support"", ""contact_support"", ""check_policy"", ""page_view"", ""page_view""]",UK,desktop,free,0,1,6,111.81388327931008,70,1
user_390,"[""rage_click"", ""purchase"", ""add_to_cart"", ""add_to_cart"", ""check_policy"", ""purchase"", ""rage_click"", ""purchase"", ""begin_checkout""]",UK,tablet,enterprise,1,1,0,21.701103577718538,86,0
user_391,"[""check_policy"", ""page_view"", ""wishlist_add"", ""check_policy"", ""add_to_cart"", ""rage_click"", ""purchase"", ""rage_click"", ""begin_checkout"", ""check_policy"", ""remove_from_cart"", ""check_policy"", ""page_view"", ""check_policy""]",UK,desktop,premium,0,0,1,3.1944874208775,59,0
user_392,"[""begin_checkout"", ""view_item"", ""begin_checkout"", ""purchase"", ""wishlist_add"", ""view_item"", ""purchase"", ""purchase"", ""page_view"", ""page_view"", ""search"", ""contact_support""]",US,tablet,enterprise,0,0,0,99.6228305034021,91,1
user_393,"[""contact_support"", ""contact_support"", ""wishlist_add"", ""add_to_cart"", ""remove_from_cart"", ""view_item"", ""rage_click""]",CN,desktop,enterprise,1,0,4,192.58259504851753,43,0
user_394,"[""wishlist_add"", ""search"", ""check_policy"", ""check_policy"", ""purchase"", ""add_to_cart"", ""purchase"", ""wishlist_add"", ""view_returns"", ""view_returns"", ""search"", ""rage_click"", ""page_view"", ""page_view""]",JP,mobile,enterprise,1,0,0,0.30498825502466337,94,0
user_395,"[""add_to_cart"", ""contact_support"", ""view_returns"", ""contact_support"", ""page_view"", ""view_item"", ""view_item""]",CN,tablet,premium,2,1,1,261.04207353682864,74,0
user_396,"[""purchase"", ""page_view"", ""view_item"", ""page_view"", ""begin_checkout"", ""check_policy"", ""view_returns""]",US,mobile,enterprise,1,0,1,121.78727020752486,54,0
user_397,"[""page_view"", ""check_policy"", ""begin_checkout"", ""contact_support"", ""page_view"", ""add_to_cart"", ""check_policy"", ""contact_support"", ""page_view"", ""check_policy"", ""begin_checkout"", ""page_view"", ""page_view"", ""page_view""]",CN,desktop,free,2,0,1,148.3644122918257,96,0
user_398,"[""rage_click"", ""search"", ""add_to_cart"", ""begin_checkout"", ""search"", ""contact_support"", ""wishlist_add"", ""rage_click"", ""purchase"", ""wishlist_add"", ""rage_click"", ""view_returns"", ""view_returns"", ""page_view"", ""rage_click""]",CN,mobile,premium,0,2,3,90.90407987375275,43,0
user_399,"[""rage_click"", ""add_to_cart"", ""wishlist_add"", ""add_to_cart"", ""purchase"", ""rage_click"", ""check_policy"", ""add_to_cart"", ""add_to_cart"", ""view_item""]",BR,desktop,premium,1,0,4,225.89795014612093,82,0
user_400,"[""add_to_cart"", ""search"", ""begin_checkout"", ""rage_click"", ""view_returns"", ""view_item"", ""add_to_cart"", ""view_item"", ""view_returns"", ""purchase"", ""purchase"", ""wishlist_add"", ""rage_click""]",UK,mobile,enterprise,1,0,1,78.45720783756084,17,1
user_401,"[""remove_from_cart"", ""wishlist_add"", ""remove_from_cart"", ""rage_click"", ""page_view"", ""view_item"", ""view_item"", ""purchase"", ""remove_from_cart"", ""search"", ""contact_support"", ""add_to_cart""]",DE,mobile,enterprise,0,1,0,43.44603373670317,57,0
user_402,"[""add_to_cart"", ""purchase"", ""view_returns"", ""search"", ""check_policy"", ""remove_from_cart"", ""search""]",UK,tablet,enterprise,1,0,1,663.9524543094576,45,1
user_403,"[""remove_from_cart"", ""search"", ""contact_support"", ""search"", ""search"", ""search"", ""view_item"", ""page_view"", ""rage_click"", ""wishlist_add"", ""wishlist_add"", ""view_item"", ""view_returns"", ""rage_click"", ""remove_from_cart"", ""view_returns""]",CN,desktop,premium,0,1,5,148.56196325649404,91,0
user_404,"[""contact_support"", ""contact_support"", ""begin_checkout"", ""check_policy"", ""contact_support"", ""remove_from_cart"", ""page_view"", ""add_to_cart"", ""begin_checkout"", ""add_to_cart"", ""wishlist_add"", ""search"", ""check_policy""]",DE,mobile,free,0,0,3,24.01517613319607,75,0
user_405,"[""rage_click"", ""wishlist_add"", ""purchase"", ""contact_support"", ""page_view"", ""check_policy"", ""add_to_cart"", ""begin_checkout"", ""contact_support"", ""remove_from_cart"", ""contact_support"", ""begin_checkout"", ""begin_checkout"", ""purchase"", ""contact_support"", ""wishlist_add""]",BR,desktop,free,2,0,1,78.535204134515,20,0
user_406,"[""search"", ""purchase"", ""view_returns"", ""view_returns"", ""search"", ""rage_click"", ""view_returns"", ""search"", ""view_item"", ""wishlist_add"", ""contact_support"", ""wishlist_add"", ""search"", ""page_view""]",JP,tablet,premium,0,0,3,111.29430031260421,61,0
user_407,"[""view_item"", ""view_item"", ""wishlist_add"", ""add_to_cart"", ""contact_support"", ""check_policy"", ""view_item"", ""page_view"", ""purchase"", ""rage_click"", ""add_to_cart"", ""purchase"", ""add_to_cart"", ""page_view""]",FR,mobile,free,0,1,1,440.4418097397196,45,0
user_408,"[""wishlist_add"", ""begin_checkout"", ""contact_support"", ""search"", ""remove_from_cart"", ""check_policy"", ""purchase"", ""contact_support"", ""check_policy"", ""begin_checkout"", ""remove_from_cart"", ""check_policy"", ""check_policy"", ""purchase"", ""view_returns"", ""remove_from_cart"", ""contact_support"", ""begin_checkout""]",DE,desktop,enterprise,1,1,1,6.752065478089882,40,0
user_409,"[""wishlist_add"", ""page_view"", ""wishlist_add"", ""view_returns"", ""page_view"", ""begin_checkout"", ""purchase"", ""purchase""]",US,mobile,premium,0,1,2,195.16972578863547,33,1
user_410,"[""begin_checkout"", ""add_to_cart"", ""begin_checkout"", ""wishlist_add"", ""view_returns"", ""view_item"", ""purchase"", ""rage_click"", ""view_returns"", ""search"", ""view_returns"", ""view_returns"", ""check_policy"", ""view_returns"", ""purchase"", ""view_item"", ""view_item""]",UK,mobile,free,0,0,3,157.11879856645317,30,0
user_411,"[""search"", ""page_view"", ""purchase"", ""purchase"", ""search"", ""remove_from_cart"", ""wishlist_add"", ""search"", ""search"", ""contact_support"", ""add_to_cart"", ""search""]",BR,mobile,premium,0,1,0,1036.3832605308012,39,0
user_412,"[""page_view"", ""add_to_cart"", ""remove_from_cart"", ""search"", ""search"", ""begin_checkout"", ""add_to_cart""]",BR,mobile,free,0,0,0,59.562726395623514,81,0
user_413,"[""search"", ""wishlist_add"", ""begin_checkout"", ""add_to_cart"", ""purchase"", ""purchase"", ""view_returns"", ""view_item"", ""page_view"", ""remove_from_cart""]",UK,tablet,premium,0,0,0,296.5542085526687,73,1
user_414,"[""search"", ""contact_support"", ""add_to_cart"", ""add_to_cart"", ""begin_checkout"", ""begin_checkout"", ""contact_support"", ""add_to_cart"", ""rage_click"", ""remove_from_cart"", ""add_to_cart""]",CN,tablet,free,1,0,3,67.76803054420328,48,0
user_415,"[""view_item"", ""contact_support"", ""search"", ""rage_click"", ""remove_from_cart"", ""add_to_cart"", ""check_policy"", ""view_returns"", ""search"", ""view_item"", ""check_policy"", ""wishlist_add"", ""begin_checkout"", ""search"", ""begin_checkout""]",CN,desktop,premium,0,0,2,238.50218505962405,10,1
user_416,"[""begin_checkout"", ""wishlist_add"", ""view_item"", ""remove_from_cart"", ""purchase"", ""page_view"", ""contact_support""]",CN,desktop,premium,0,1,0,242.9469307347087,51,0
user_417,"[""purchase"", ""rage_click"", ""search"", ""search"", ""view_item"", ""search"", ""check_policy"", ""purchase""]",IN,mobile,premium,2,0,1,23.5009364493488,86,0
user_418,"[""view_returns"", ""check_policy"", ""search"", ""begin_checkout"", ""wishlist_add"", ""begin_checkout""]",BR,mobile,premium,0,0,6,182.89078840307266,95,0
user_419,"[""rage_click"", ""search"", ""rage_click"", ""rage_click"", ""purchase"", ""contact_support"", ""purchase"", ""add_to_cart"", ""page_view"", ""check_policy"", ""remove_from_cart""]",CN,mobile,premium,0,0,1,185.49881255407104,14,1
user_420,"[""view_returns"", ""wishlist_add"", ""purchase"", ""purchase"", ""view_item""]",UK,tablet,enterprise,1,1,2,115.31810676563556,21,0
user_421,"[""page_view"", ""view_item"", ""remove_from_cart"", ""view_item"", ""page_view"", ""check_policy"", ""search"", ""search"", ""wishlist_add"", ""view_returns"", ""purchase"", ""remove_from_cart"", ""purchase"", ""add_to_cart"", ""wishlist_add"", ""view_returns"", ""contact_support"", ""view_item"", ""begin_checkout""]",IN,mobile,premium,0,0,0,97.36961417381052,38,0
user_422,"[""purchase"", ""view_item"", ""remove_from_cart"", ""purchase"", ""contact_support""]",DE,desktop,premium,1,0,3,76.1960459412168,12,0
user_423,"[""view_returns"", ""wishlist_add"", ""view_returns"", ""search"", ""purchase"", ""remove_from_cart"", ""view_returns"", ""view_returns"", ""contact_support"", ""page_view"", ""remove_from_cart"", ""remove_from_cart"", ""check_policy"", ""search"", ""check_policy""]",JP,mobile,premium,0,0,1,1.7876370763438982,70,0
user_424,"[""search"", ""view_returns"", ""search"", ""begin_checkout"", ""check_policy"", ""view_returns"", ""rage_click"", ""add_to_cart"", ""add_to_cart"", ""remove_from_cart"", ""begin_checkout"", ""contact_support"", ""page_view"", ""check_policy"", ""rage_click"", ""view_returns"", ""begin_checkout""]",DE,tablet,free,0,0,2,0.545380780083268,60,0
user_425,"[""remove_from_cart"", ""wishlist_add"", ""check_policy"", ""begin_checkout"", ""check_policy"", ""wishlist_add"", ""page_view"", ""page_view"", ""contact_support"", ""add_to_cart"", ""search"", ""view_item"", ""view_item"", ""check_policy"", ""wishlist_add"", ""contact_support"", ""view_item"", ""search""]",US,mobile,premium,0,0,4,267.3237767534942,45,0
user_426,"[""view_item"", ""purchase"", ""view_returns"", ""contact_support"", ""remove_from_cart"", ""begin_checkout"", ""remove_from_cart"", ""add_to_cart""]",IN,tablet,enterprise,0,0,0,103.36628524679048,84,0
user_427,"[""rage_click"", ""view_returns"", ""view_returns"", ""view_returns"", ""wishlist_add"", ""view_returns"", ""check_policy"", ""view_returns"", ""search""]",UK,tablet,premium,0,0,1,55.136705979400155,99,1
user_428,"[""view_returns"", ""view_returns"", ""wishlist_add"", ""contact_support"", ""check_policy"", ""wishlist_add"", ""page_view"", ""remove_from_cart"", ""remove_from_cart"", ""begin_checkout"", ""contact_support"", ""purchase"", ""remove_from_cart"", ""view_item"", ""purchase"", ""view_returns"", ""view_returns"", ""check_policy""]",IN,tablet,free,1,0,1,346.30271275685357,11,0
user_429,"[""view_item"", ""check_policy"", ""search"", ""wishlist_add"", ""begin_checkout"", ""purchase"", ""contact_support"", ""view_returns"", ""view_returns"", ""add_to_cart""]",DE,tablet,free,1,0,1,225.80837787560841,38,0
user_430,"[""wishlist_add"", ""check_policy"", ""page_view"", ""page_view"", ""check_policy"", ""contact_support"", ""rage_click"", ""check_policy"", ""contact_support"", ""begin_checkout"", ""view_returns"", ""view_item"", ""rage_click"", ""purchase"", ""rage_click"", ""view_item""]",UK,desktop,premium,0,0,0,739.3839848111148,50,0
user_431,"[""wishlist_add"", ""view_returns"", ""page_view"", ""contact_support"", ""check_policy"", ""check_policy"", ""page_view""]",BR,tablet,premium,1,1,1,533.3870365326973,38,1
user_432,"[""view_returns"", ""remove_from_cart"", ""contact_support"", ""search"", ""begin_checkout"", ""view_item"", ""rage_click"", ""wishlist_add"", ""wishlist_add"", ""purchase"", ""add_to_cart"", ""wishlist_add"", ""check_policy""]",US,desktop,premium,1,0,1,389.18760044563624,73,0
user_433,"[""add_to_cart"", ""view_item"", ""check_policy"", ""check_policy"", ""remove_from_cart"", ""search"", ""rage_click"", ""view_returns"", ""page_view"", ""page_view"", ""begin_checkout"", ""purchase"", ""add_to_cart""]",BR,desktop,premium,0,0,1,40.60229400275823,67,0
user_434,"[""rage_click"", ""wishlist_add"", ""contact_support"", ""purchase"", ""remove_from_cart"", ""wishlist_add"", ""check_policy"", ""view_returns"", ""rage_click"", ""search"", ""purchase"", ""purchase"", ""view_returns"", ""wishlist_add"", ""begin_checkout"", ""add_to_cart"", ""wishlist_add""]",FR,mobile,free,0,1,0,329.06400204340804,92,0
user_435,"[""purchase"", ""view_item"", ""purchase"", ""purchase"", ""view_returns"", ""check_policy"", ""view_returns""]",FR,mobile,premium,0,0,0,355.1789470080744,19,0
user_436,"[""rage_click"", ""purchase"", ""add_to_cart"", ""contact_support"", ""add_to_cart"", ""search"", ""wishlist_add"", ""page_view"", ""search"", ""begin_checkout"", ""remove_from_cart"", ""rage_click"", ""rage_click"", ""begin_checkout"", ""contact_support"", ""remove_from_cart"", ""check_policy"", ""purchase""]",FR,tablet,free,0,0,2,432.3298370003675,20,0
user_437,"[""contact_support"", ""view_item"", ""page_view"", ""remove_from_cart"", ""remove_from_cart"", ""page_view"", ""purchase"", ""remove_from_cart""]",UK,mobile,free,1,1,0,91.60424685590934,16,0
user_438,"[""page_view"", ""page_view"", ""view_returns"", ""contact_support"", ""view_returns""]",DE,tablet,enterprise,1,0,2,306.7433964761723,86,0
user_439,"[""search"", ""check_policy"", ""view_returns"", ""view_returns"", ""search"", ""contact_support""]",UK,mobile,free,1,1,1,288.9191653713691,70,1
user_440,"[""search"", ""check_policy"", ""begin_checkout"", ""page_view"", ""wishlist_add"", ""rage_click"", ""check_policy"", ""view_item"", ""purchase"", ""view_item"", ""page_view"", ""check_policy"", ""view_item"", ""view_item"", ""search"", ""begin_checkout"", ""begin_checkout"", ""check_policy"", ""page_view""]",BR,tablet,premium,0,2,0,145.99118530047198,75,1
user_441,"[""add_to_cart"", ""remove_from_cart"", ""rage_click"", ""remove_from_cart"", ""contact_support"", ""wishlist_add"", ""begin_checkout"", ""check_policy"", ""remove_from_cart"", ""page_view"", ""rage_click"", ""remove_from_cart""]",JP,mobile,premium,1,1,1,326.75336224517315,95,0
user_442,"[""purchase"", ""page_view"", ""wishlist_add"", ""add_to_cart"", ""search"", ""view_item"", ""rage_click"", ""wishlist_add"", ""page_view"", ""rage_click"", ""rage_click"", ""view_returns"", ""view_returns""]",BR,mobile,premium,1,0,3,27.205801573903965,62,0
user_443,"[""wishlist_add"", ""page_view"", ""search"", ""view_returns"", ""contact_support"", ""add_to_cart"", ""search"", ""check_policy"", ""search"", ""page_view"", ""page_view"", ""contact_support"", ""begin_checkout"", ""begin_checkout"", ""view_returns""]",DE,desktop,premium,2,0,2,309.43053711618893,74,1
user_444,"[""view_returns"", ""purchase"", ""purchase"", ""view_item"", ""purchase"", ""begin_checkout"", ""add_to_cart"", ""purchase"", ""view_returns"", ""rage_click"", ""page_view""]",BR,mobile,enterprise,0,0,2,279.4331772917196,36,1
user_445,"[""add_to_cart"", ""search"", ""view_returns"", ""page_view"", ""begin_checkout"", ""add_to_cart"", ""view_item""]",BR,mobile,enterprise,0,0,1,70.95391049169345,16,0
user_446,"[""view_returns"", ""add_to_cart"", ""check_policy"", ""wishlist_add"", ""search"", ""page_view"", ""purchase"", ""add_to_cart"", ""view_returns"", ""purchase"", ""wishlist_add"", ""view_item"", ""purchase"", ""check_policy"", ""begin_checkout"", ""add_to_cart"", ""remove_from_cart"", ""remove_from_cart"", ""purchase""]",US,tablet,enterprise,0,1,1,511.4769044687343,74,0
user_447,"[""page_view"", ""search"", ""remove_from_cart"", ""contact_support"", ""remove_from_cart"", ""contact_support"", ""page_view"", ""rage_click"", ""remove_from_cart"", ""check_policy"", ""wishlist_add"", ""add_to_cart"", ""contact_support"", ""wishlist_add""]",CN,desktop,enterprise,0,0,1,622.4293494662077,67,1
user_448,"[""view_returns"", ""view_returns"", ""search"", ""wishlist_add"", ""page_view"", ""contact_support"", ""view_item""]",FR,tablet,free,0,0,1,70.90053380766328,34,0
user_449,"[""page_view"", ""wishlist_add"", ""view_returns"", ""view_returns"", ""view_item"", ""remove_from_cart"", ""purchase"", ""wishlist_add"", ""search"", ""rage_click"", ""view_returns"", ""wishlist_add""]",DE,mobile,enterprise,0,0,1,23.700327480278986,57,1
user_450,"[""view_returns"", ""check_policy"", ""rage_click"", ""view_item"", ""add_to_cart"", ""contact_support"", ""view_returns"", ""purchase"", ""contact_support"", ""rage_click"", ""contact_support"", ""remove_from_cart"", ""view_returns"", ""contact_support"", ""add_to_cart"", ""add_to_cart"", ""view_returns"", ""begin_checkout"", ""add_to_cart""]",IN,tablet,free,1,1,4,277.5808740635167,13,0
user_451,"[""search"", ""page_view"", ""add_to_cart"", ""wishlist_add"", ""rage_click"", ""begin_checkout"", ""wishlist_add"", ""contact_support"", ""view_item"", ""check_policy"", ""view_item"", ""remove_from_cart"", ""wishlist_add"", ""check_policy""]",IN,desktop,premium,1,0,1,196.13036340822836,17,0
user_452,"[""check_policy"", ""check_policy"", ""page_view"", ""purchase"", ""rage_click"", ""view_item"", ""add_to_cart"", ""contact_support""]",IN,tablet,free,1,1,0,167.37214490942134,94,0
user_453,"[""rage_click"", ""remove_from_cart"", ""page_view"", ""remove_from_cart"", ""purchase"", ""begin_checkout"", ""page_view"", ""remove_from_cart"", ""purchase""]",IN,mobile,free,0,1,0,429.39797441920524,77,0
user_454,"[""contact_support"", ""contact_support"", ""remove_from_cart"", ""rage_click"", ""begin_checkout"", ""view_returns"", ""rage_click"", ""contact_support"", ""begin_checkout"", ""purchase"", ""page_view"", ""search"", ""wishlist_add"", ""check_policy"", ""remove_from_cart"", ""search"", ""view_item""]",DE,tablet,enterprise,2,1,0,1048.6125919509968,69,0
user_455,"[""wishlist_add"", ""add_to_cart"", ""purchase"", ""view_returns"", ""check_policy"", ""add_to_cart"", ""view_returns"", ""view_item"", ""contact_support""]",FR,mobile,premium,3,1,2,194.83310482889354,13,1
user_456,"[""remove_from_cart"", ""page_view"", ""view_returns"", ""check_policy"", ""search"", ""begin_checkout"", ""contact_support"", ""begin_checkout"", ""check_policy"", ""begin_checkout"", ""view_returns"", ""search"", ""purchase""]",BR,desktop,premium,2,0,3,1.8522298083319757,17,0
user_457,"[""begin_checkout"", ""rage_click"", ""search"", ""view_item"", ""page_view"", ""view_returns"", ""wishlist_add"", ""add_to_cart"", ""search"", ""wishlist_add"", ""wishlist_add"", ""wishlist_add"", ""check_policy"", ""contact_support"", ""search"", ""view_returns"", ""purchase""]",US,desktop,enterprise,0,1,0,272.1005531492867,99,1
user_458,"[""contact_support"", ""rage_click"", ""check_policy"", ""contact_support"", ""begin_checkout"", ""view_returns"", ""view_item"", ""check_policy"", ""remove_from_cart"", ""rage_click"", ""wishlist_add"", ""page_view"", ""check_policy"", ""purchase"", ""view_returns"", ""begin_checkout""]",UK,tablet,free,0,1,0,318.3653619977035,25,0
user_459,"[""page_view"", ""page_view"", ""rage_click"", ""contact_support"", ""purchase"", ""contact_support"", ""begin_checkout"", ""page_view"", ""purchase"", ""purchase"", ""add_to_cart"", ""view_returns"", ""page_view"", ""page_view"", ""purchase"", ""contact_support"", ""page_view"", ""purchase"", ""page_view""]",UK,desktop,enterprise,0,0,1,528.11017141145,28,0
user_460,"[""purchase"", ""add_to_cart"", ""view_returns"", ""purchase"", ""search"", ""page_view"", ""begin_checkout"", ""view_returns"", ""add_to_cart"", ""wishlist_add"", ""purchase"", ""begin_checkout"", ""purchase"", ""contact_support"", ""page_view"", ""check_policy"", ""rage_click"", ""view_item""]",BR,tablet,free,2,0,3,66.72076568758675,10,0
user_461,"[""begin_checkout"", ""contact_support"", ""remove_from_cart"", ""purchase"", ""purchase"", ""search"", ""view_item"", ""view_item"", ""remove_from_cart"", ""page_view"", ""rage_click"", ""check_policy"", ""wishlist_add"", ""check_policy""]",BR,mobile,enterprise,0,2,1,222.9077902361664,43,1
user_462,"[""add_to_cart"", ""search"", ""wishlist_add"", ""add_to_cart"", ""page_view"", ""add_to_cart"", ""add_to_cart"", ""remove_from_cart"", ""remove_from_cart"", ""add_to_cart"", ""contact_support"", ""wishlist_add"", ""view_returns"", ""view_returns"", ""page_view"", ""check_policy"", ""search"", ""view_item"", ""page_view""]",CN,tablet,enterprise,0,0,2,177.7905300879675,54,0
user_463,"[""remove_from_cart"", ""purchase"", ""contact_support"", ""begin_checkout"", ""remove_from_cart"", ""view_returns"", ""search""]",IN,mobile,premium,0,0,1,327.5867625937517,72,0
user_464,"[""remove_from_cart"", ""contact_support"", ""wishlist_add"", ""view_item"", ""add_to_cart"", ""purchase"", ""view_returns"", ""view_returns"", ""search"", ""rage_click"", ""check_policy"", ""view_item"", ""view_returns"", ""check_policy"", ""view_returns"", ""wishlist_add""]",DE,desktop,premium,1,0,0,19.823692493284724,15,1
user_465,"[""check_policy"", ""contact_support"", ""rage_click"", ""add_to_cart"", ""contact_support"", ""purchase"", ""view_item""]",FR,mobile,premium,0,0,2,646.2829722775396,45,0
user_466,"[""begin_checkout"", ""begin_checkout"", ""check_policy"", ""wishlist_add"", ""view_item"", ""search""]",BR,mobile,enterprise,0,1,3,214.71441941484562,75,1
user_467,"[""check_policy"", ""begin_checkout"", ""purchase"", ""view_returns"", ""contact_support"", ""wishlist_add"", ""remove_from_cart"", ""check_policy"", ""purchase"", ""contact_support"", ""view_item"", ""view_returns"", ""contact_support"", ""rage_click"", ""begin_checkout"", ""contact_support"", ""remove_from_cart"", ""purchase""]",BR,mobile,premium,0,1,1,628.7821389545369,87,1
user_468,"[""search"", ""add_to_cart"", ""contact_support"", ""search"", ""search"", ""page_view"", ""remove_from_cart"", ""remove_from_cart"", ""page_view"", ""rage_click"", ""add_to_cart"", ""begin_checkout""]",JP,mobile,premium,0,0,0,124.76243976712759,17,0
user_469,"[""view_returns"", ""purchase"", ""add_to_cart"", ""purchase"", ""page_view"", ""remove_from_cart"", ""purchase"", ""check_policy"", ""search"", ""search""]",US,mobile,enterprise,0,1,2,317.98097217731174,76,0
user_470,"[""add_to_cart"", ""rage_click"", ""wishlist_add"", ""wishlist_add"", ""check_policy"", ""page_view"", ""view_item"", ""page_view"", ""search"", ""rage_click"", ""rage_click"", ""check_policy"", ""contact_support"", ""add_to_cart""]",UK,tablet,premium,1,0,2,942.0550884516504,36,1
user_471,"[""begin_checkout"", ""remove_from_cart"", ""check_policy"", ""rage_click"", ""wishlist_add"", ""view_item"", ""view_returns"", ""rage_click"", ""contact_support"", ""contact_support"", ""rage_click"", ""contact_support"", ""check_policy"", ""rage_click"", ""rage_click"", ""add_to_cart"", ""remove_from_cart""]",US,mobile,free,1,0,1,861.4136118112209,43,0
user_472,"[""contact_support"", ""add_to_cart"", ""search"", ""search"", ""begin_checkout"", ""begin_checkout""]",US,mobile,premium,1,0,4,865.2720541137527,37,0
user_473,"[""check_policy"", ""check_policy"", ""page_view"", ""view_item"", ""wishlist_add"", ""rage_click"", ""contact_support"", ""view_item"", ""purchase"", ""search""]",CN,mobile,free,2,0,1,13.168902306820593,40,0
user_474,"[""page_view"", ""add_to_cart"", ""view_item"", ""add_to_cart"", ""begin_checkout"", ""search"", ""contact_support"", ""purchase"", ""rage_click"", ""wishlist_add"", ""search"", ""contact_support"", ""wishlist_add"", ""wishlist_add"", ""remove_from_cart""]",IN,mobile,premium,1,0,0,154.75949047533186,26,0
user_475,"[""purchase"", ""view_item"", ""contact_support"", ""search"", ""search"", ""search"", ""view_returns"", ""check_policy"", ""check_policy"", ""view_returns"", ""wishlist_add""]",US,mobile,enterprise,1,0,2,18.812062271503972,92,1
user_476,"[""search"", ""page_view"", ""page_view"", ""view_returns"", ""remove_from_cart"", ""begin_checkout"", ""view_returns"", ""begin_checkout"", ""contact_support"", ""remove_from_cart"", ""wishlist_add"", ""purchase"", ""wishlist_add"", ""begin_checkout"", ""check_policy"", ""contact_support""]",FR,mobile,enterprise,2,0,3,111.09180501479186,64,1
user_477,"[""remove_from_cart"", ""wishlist_add"", ""begin_checkout"", ""add_to_cart"", ""remove_from_cart"", ""remove_from_cart"", ""add_to_cart"", ""contact_support"", ""begin_checkout"", ""begin_checkout"", ""search""]",CN,desktop,premium,0,1,3,57.55818704446348,84,1
user_478,"[""remove_from_cart"", ""remove_from_cart"", ""rage_click"", ""purchase"", ""remove_from_cart"", ""view_item"", ""purchase"", ""view_item"", ""begin_checkout"", ""purchase"", ""remove_from_cart""]",BR,tablet,free,3,0,2,290.38372022094404,18,1
user_479,"[""add_to_cart"", ""check_policy"", ""view_item"", ""search"", ""purchase"", ""remove_from_cart"", ""purchase"", ""remove_from_cart"", ""remove_from_cart"", ""remove_from_cart"", ""rage_click"", ""check_policy"", ""add_to_cart"", ""add_to_cart"", ""purchase"", ""purchase"", ""remove_from_cart"", ""rage_click""]",FR,mobile,premium,0,1,1,455.2575281376668,66,0
user_480,"[""rage_click"", ""remove_from_cart"", ""view_item"", ""view_item"", ""begin_checkout"", ""remove_from_cart"", ""check_policy"", ""search""]",CN,tablet,enterprise,0,1,2,216.06115924661495,54,1
user_481,"[""purchase"", ""contact_support"", ""remove_from_cart"", ""wishlist_add"", ""view_item"", ""contact_support"", ""rage_click"", ""contact_support"", ""check_policy""]",FR,desktop,premium,0,1,1,476.11669237564047,15,0
user_482,"[""add_to_cart"", ""contact_support"", ""add_to_cart"", ""rage_click"", ""begin_checkout"", ""add_to_cart"", ""begin_checkout"", ""view_item""]",CN,desktop,enterprise,0,0,2,3.86882847938253,23,0
user_483,"[""remove_from_cart"", ""contact_support"", ""view_item"", ""view_item"", ""wishlist_add"", ""view_returns"", ""page_view"", ""check_policy"", ""begin_checkout"", ""search"", ""view_returns"", ""page_view"", ""search"", ""check_policy"", ""begin_checkout""]",CN,mobile,free,0,0,1,515.2345219542407,40,1
user_484,"[""check_policy"", ""contact_support"", ""view_item"", ""wishlist_add"", ""page_view"", ""page_view"", ""search"", ""wishlist_add""]",DE,tablet,free,0,1,5,58.93596285750439,63,0
user_485,"[""wishlist_add"", ""begin_checkout"", ""contact_support"", ""check_policy"", ""view_item""]",FR,mobile,enterprise,0,0,2,185.37623814503107,20,1
user_486,"[""view_returns"", ""remove_from_cart"", ""wishlist_add"", ""add_to_cart"", ""contact_support"", ""search"", ""view_returns"", ""view_item"", ""search"", ""search"", ""add_to_cart"", ""wishlist_add"", ""add_to_cart"", ""contact_support""]",DE,desktop,free,0,0,2,175.33390757036267,78,0
user_487,"[""page_view"", ""purchase"", ""view_item"", ""page_view"", ""view_item"", ""wishlist_add"", ""purchase"", ""remove_from_cart"", ""purchase"", ""wishlist_add"", ""rage_click"", ""contact_support"", ""wishlist_add"", ""contact_support"", ""view_returns""]",BR,desktop,enterprise,1,0,2,619.4380746300177,11,1
user_488,"[""view_returns"", ""rage_click"", ""purchase"", ""contact_support"", ""begin_checkout""]",IN,tablet,enterprise,0,0,1,1014.2344881568322,26,0
user_489,"[""purchase"", ""rage_click"", ""remove_from_cart"", ""view_item"", ""search"", ""search"", ""rage_click"", ""view_item"", ""contact_support"", ""rage_click""]",IN,mobile,enterprise,0,0,1,88.36003349325745,45,0
user_490,"[""wishlist_add"", ""view_returns"", ""rage_click"", ""wishlist_add"", ""contact_support"", ""rage_click""]",CN,tablet,premium,0,0,3,20.937905789483256,12,0
user_491,"[""rage_click"", ""view_item"", ""remove_from_cart"", ""check_policy"", ""wishlist_add"", ""view_item"", ""page_view"", ""add_to_cart"", ""wishlist_add"", ""remove_from_cart"", ""view_returns"", ""purchase"", ""search"", ""view_item""]",IN,tablet,free,1,0,0,315.39421316129386,72,0
user_492,"[""rage_click"", ""view_item"", ""wishlist_add"", ""begin_checkout"", ""wishlist_add"", ""remove_from_cart"", ""check_policy"", ""view_returns"", ""begin_checkout"", ""contact_support"", ""begin_checkout"", ""view_item"", ""view_returns"", ""view_item"", ""contact_support"", ""wishlist_add"", ""purchase"", ""view_returns"", ""purchase""]",UK,desktop,premium,1,0,2,209.65336599465974,52,0
user_493,"[""remove_from_cart"", ""purchase"", ""remove_from_cart"", ""view_returns"", ""rage_click"", ""page_view"", ""remove_from_cart"", ""remove_from_cart""]",CN,tablet,premium,1,1,1,250.20947371437944,42,1
user_494,"[""purchase"", ""add_to_cart"", ""check_policy"", ""search"", ""search"", ""begin_checkout""]",UK,desktop,free,0,0,2,14.212466865506183,87,0
user_495,"[""begin_checkout"", ""view_returns"", ""add_to_cart"", ""check_policy"", ""purchase"", ""wishlist_add"", ""page_view"", ""check_policy""]",UK,mobile,premium,1,0,1,447.90984319840845,38,0
user_496,"[""check_policy"", ""wishlist_add"", ""page_view"", ""rage_click"", ""purchase"", ""wishlist_add"", ""view_item"", ""begin_checkout"", ""search"", ""remove_from_cart"", ""check_policy"", ""view_returns"", ""search"", ""search"", ""page_view"", ""begin_checkout"", ""add_to_cart"", ""page_view""]",UK,tablet,enterprise,1,0,0,79.32774829284139,32,0
user_497,"[""add_to_cart"", ""purchase"", ""check_policy"", ""view_returns"", ""search"", ""remove_from_cart"", ""add_to_cart"", ""begin_checkout"", ""rage_click"", ""purchase"", ""rage_click"", ""purchase"", ""view_item"", ""begin_checkout"", ""wishlist_add"", ""search""]",UK,tablet,premium,3,0,0,122.36195296378972,68,0
user_498,"[""view_returns"", ""check_policy"", ""page_view"", ""remove_from_cart"", ""wishlist_add"", ""check_policy"", ""search"", ""check_policy"", ""purchase"", ""view_returns"", ""search"", ""purchase"", ""contact_support""]",IN,mobile,enterprise,0,0,2,77.76870324896575,90,0
user_499,"[""remove_from_cart"", ""add_to_cart"", ""page_view"", ""contact_support"", ""begin_checkout"", ""page_view"", ""page_view""]",FR,tablet,free,2,2,2,875.3235310096967,58,0
user_500,"[""remove_from_cart"", ""purchase"", ""view_returns"", ""add_to_cart"", ""page_view"", ""add_to_cart""]",JP,mobile,premium,0,0,0,55.43723480197499,64,0
user_501,"[""add_to_cart"", ""begin_checkout"", ""search"", ""wishlist_add"", ""wishlist_add"", ""remove_from_cart"", ""remove_from_cart"", ""rage_click"", ""check_policy"", ""remove_from_cart"", ""add_to_cart"", ""purchase"", ""add_to_cart"", ""purchase"", ""search"", ""search""]",FR,desktop,free,0,0,0,395.38779628730816,84,1
user_502,"[""wishlist_add"", ""rage_click"", ""purchase"", ""wishlist_add"", ""remove_from_cart"", ""begin_checkout"", ""purchase"", ""search"", ""add_to_cart"", ""view_returns"", ""remove_from_cart"", ""view_returns"", ""contact_support"", ""contact_support"", ""add_to_cart"", ""contact_support"", ""check_policy""]",BR,desktop,enterprise,1,0,1,84.60834395941275,37,0
user_503,"[""wishlist_add"", ""rage_click"", ""remove_from_cart"", ""view_returns"", ""add_to_cart"", ""check_policy"", ""add_to_cart"", ""wishlist_add"", ""check_policy"", ""search"", ""contact_support"", ""contact_support"", ""search"", ""search"", ""purchase""]",JP,tablet,premium,0,0,3,165.9736365299349,80,0
user_504,"[""search"", ""add_to_cart"", ""purchase"", ""remove_from_cart"", ""purchase"", ""page_view""]",FR,desktop,enterprise,2,1,2,1661.1153326492292,81,0
user_505,"[""wishlist_add"", ""page_view"", ""add_to_cart"", ""view_returns"", ""view_returns"", ""search"", ""remove_from_cart"", ""purchase"", ""view_returns"", ""check_policy"", ""search"", ""check_policy"", ""remove_from_cart"", ""rage_click""]",BR,desktop,enterprise,0,1,1,31.800464403269963,34,0
user_506,"[""contact_support"", ""purchase"", ""wishlist_add"", ""search"", ""add_to_cart"", ""begin_checkout"", ""begin_checkout"", ""begin_checkout"", ""view_returns"", ""rage_click"", ""rage_click"", ""purchase"", ""purchase"", ""rage_click"", ""remove_from_cart"", ""purchase""]",IN,mobile,enterprise,0,1,3,639.4965300328563,16,1
user_507,"[""search"", ""page_view"", ""check_policy"", ""contact_support"", ""search"", ""wishlist_add"", ""purchase"", ""rage_click""]",UK,desktop,free,2,0,0,875.9086993658557,95,0
user_508,"[""check_policy"", ""view_item"", ""wishlist_add"", ""search"", ""rage_click"", ""contact_support"", ""rage_click"", ""purchase"", ""add_to_cart"", ""page_view"", ""remove_from_cart""]",US,desktop,free,1,0,1,359.42435315797235,82,0
user_509,"[""add_to_cart"", ""wishlist_add"", ""page_view"", ""add_to_cart"", ""remove_from_cart"", ""view_returns"", ""rage_click"", ""add_to_cart"", ""purchase"", ""contact_support"", ""search"", ""begin_checkout"", ""purchase"", ""remove_from_cart"", ""contact_support"", ""purchase"", ""check_policy"", ""rage_click""]",CN,desktop,free,1,1,2,3.003643318878747,84,0
user_510,"[""check_policy"", ""purchase"", ""page_view"", ""view_item"", ""page_view"", ""rage_click"", ""contact_support"", ""contact_support"", ""rage_click"", ""check_policy"", ""view_item"", ""purchase"", ""search"", ""remove_from_cart""]",JP,mobile,premium,0,0,2,515.7734630592471,43,1
user_511,"[""page_view"", ""wishlist_add"", ""begin_checkout"", ""wishlist_add"", ""view_item""]",US,tablet,enterprise,1,0,1,641.8133355523922,31,0
user_512,"[""page_view"", ""remove_from_cart"", ""search"", ""purchase"", ""contact_support"", ""remove_from_cart"", ""page_view"", ""check_policy""]",UK,mobile,free,0,0,2,1187.9570590861383,76,0
user_513,"[""view_item"", ""rage_click"", ""add_to_cart"", ""view_returns"", ""view_returns"", ""add_to_cart"", ""remove_from_cart"", ""view_item"", ""remove_from_cart"", ""search"", ""search"", ""search"", ""rage_click"", ""view_item"", ""wishlist_add"", ""wishlist_add"", ""add_to_cart"", ""search""]",JP,tablet,enterprise,0,0,1,548.4942017255107,59,0
user_514,"[""remove_from_cart"", ""begin_checkout"", ""page_view"", ""check_policy"", ""contact_support"", ""check_policy"", ""rage_click"", ""remove_from_cart"", ""purchase"", ""search"", ""view_item"", ""wishlist_add"", ""wishlist_add"", ""remove_from_cart"", ""view_item""]",US,tablet,free,0,0,1,176.95359709151282,57,0
user_515,"[""begin_checkout"", ""check_policy"", ""page_view"", ""contact_support"", ""contact_support"", ""check_policy"", ""contact_support"", ""purchase"", ""purchase"", ""wishlist_add"", ""view_returns"", ""view_returns"", ""purchase"", ""add_to_cart""]",FR,desktop,enterprise,1,0,2,350.0509677790426,81,0
user_516,"[""view_item"", ""begin_checkout"", ""rage_click"", ""contact_support"", ""page_view"", ""contact_support"", ""begin_checkout"", ""wishlist_add"", ""purchase""]",BR,desktop,free,0,1,0,199.1513841718127,79,1
user_517,"[""search"", ""check_policy"", ""rage_click"", ""purchase"", ""begin_checkout"", ""wishlist_add"", ""check_policy"", ""page_view"", ""search"", ""begin_checkout"", ""view_item"", ""remove_from_cart"", ""check_policy"", ""begin_checkout"", ""wishlist_add"", ""purchase"", ""view_item"", ""add_to_cart""]",UK,mobile,free,0,1,0,130.63120374448968,66,0
user_518,"[""search"", ""view_item"", ""wishlist_add"", ""purchase"", ""begin_checkout"", ""contact_support"", ""page_view"", ""wishlist_add"", ""search"", ""contact_support"", ""search""]",FR,mobile,free,0,0,0,295.3921464858703,34,1
user_519,"[""search"", ""view_item"", ""remove_from_cart"", ""page_view"", ""view_item"", ""view_returns"", ""purchase"", ""view_item""]",FR,mobile,free,0,0,0,440.6843136019785,75,0
user_520,"[""purchase"", ""contact_support"", ""rage_click"", ""check_policy"", ""rage_click"", ""begin_checkout"", ""check_policy"", ""search"", ""check_policy"", ""wishlist_add"", ""wishlist_add"", ""add_to_cart"", ""check_policy"", ""page_view"", ""rage_click"", ""contact_support""]",UK,desktop,enterprise,1,0,1,303.09866532400093,25,0
user_521,"[""purchase"", ""begin_checkout"", ""check_policy"", ""begin_checkout"", ""contact_support"", ""begin_checkout"", ""search"", ""contact_support"", ""search"", ""check_policy"", ""contact_support"", ""check_policy"", ""search"", ""add_to_cart"", ""add_to_cart"", ""contact_support"", ""wishlist_add""]",JP,tablet,free,1,0,1,525.6088405074237,67,1
user_522,"[""add_to_cart"", ""purchase"", ""wishlist_add"", ""purchase"", ""add_to_cart"", ""add_to_cart"", ""view_returns"", ""view_returns"", ""check_policy"", ""contact_support"", ""remove_from_cart"", ""remove_from_cart"", ""add_to_cart"", ""begin_checkout"", ""add_to_cart"", ""view_returns"", ""check_policy""]",CN,mobile,free,0,0,1,58.211975672689505,50,0
user_523,"[""add_to_cart"", ""rage_click"", ""wishlist_add"", ""begin_checkout"", ""rage_click"", ""check_policy"", ""check_policy"", ""purchase"", ""view_item"", ""rage_click"", ""purchase"", ""view_returns"", ""page_view"", ""begin_checkout"", ""wishlist_add"", ""page_view"", ""contact_support""]",DE,tablet,free,0,0,1,140.37512704448758,60,0
user_524,"[""view_returns"", ""view_returns"", ""page_view"", ""rage_click"", ""view_item"", ""wishlist_add"", ""rage_click"", ""page_view"", ""wishlist_add"", ""contact_support"", ""rage_click"", ""remove_from_cart"", ""rage_click"", ""check_policy"", ""search""]",DE,desktop,enterprise,0,1,2,112.4454827263221,30,1
user_525,"[""begin_checkout"", ""search"", ""rage_click"", ""view_item"", ""search"", ""wishlist_add"", ""view_item"", ""search"", ""wishlist_add"", ""rage_click""]",CN,desktop,free,1,2,1,64.74878713240037,88,1
user_526,"[""add_to_cart"", ""view_returns"", ""search"", ""rage_click"", ""view_returns"", ""remove_from_cart"", ""wishlist_add"", ""page_view"", ""remove_from_cart"", ""rage_click"", ""view_item"", ""add_to_cart"", ""contact_support"", ""view_returns"", ""purchase"", ""view_returns""]",IN,desktop,enterprise,0,1,2,175.65091913360897,65,1
user_527,"[""begin_checkout"", ""rage_click"", ""remove_from_cart"", ""purchase"", ""view_item"", ""view_item"", ""view_item"", ""contact_support"", ""check_policy"", ""view_item"", ""wishlist_add""]",UK,desktop,premium,2,1,1,886.2209374032275,56,1
user_528,"[""view_item"", ""rage_click"", ""check_policy"", ""search"", ""add_to_cart"", ""add_to_cart"", ""check_policy"", ""begin_checkout"", ""contact_support"", ""purchase"", ""wishlist_add"", ""view_returns"", ""rage_click"", ""page_view"", ""add_to_cart"", ""search"", ""check_policy"", ""purchase"", ""check_policy""]",DE,tablet,enterprise,1,0,5,231.66250064386662,52,0
user_529,"[""purchase"", ""add_to_cart"", ""view_item"", ""wishlist_add"", ""check_policy"", ""wishlist_add"", ""wishlist_add"", ""wishlist_add"", ""search"", ""page_view"", ""add_to_cart"", ""wishlist_add""]",CN,tablet,premium,1,0,2,101.23185950561403,93,0
user_530,"[""remove_from_cart"", ""page_view"", ""begin_checkout"", ""contact_support"", ""add_to_cart"", ""view_item"", ""add_to_cart"", ""view_returns"", ""purchase"", ""check_policy"", ""wishlist_add"", ""purchase"", ""purchase"", ""wishlist_add"", ""add_to_cart""]",US,mobile,free,1,2,0,131.11488479545648,40,1
user_531,"[""view_returns"", ""wishlist_add"", ""check_policy"", ""check_policy"", ""purchase"", ""begin_checkout"", ""contact_support"", ""view_returns"", ""begin_checkout"", ""rage_click"", ""rage_click"", ""page_view"", ""purchase"", ""check_policy"", ""add_to_cart"", ""check_policy""]",CN,tablet,free,0,0,3,284.8578727811483,24,1
user_532,"[""search"", ""check_policy"", ""search"", ""view_item"", ""check_policy"", ""page_view"", ""begin_checkout"", ""rage_click"", ""check_policy"", ""check_policy"", ""search"", ""wishlist_add"", ""view_item"", ""view_returns"", ""add_to_cart""]",IN,tablet,enterprise,1,1,2,130.50528794119845,57,0
user_533,"[""view_returns"", ""add_to_cart"", ""contact_support"", ""check_policy"", ""view_item"", ""remove_from_cart"", ""search"", ""purchase"", ""search"", ""rage_click"", ""begin_checkout"", ""rage_click"", ""begin_checkout"", ""contact_support"", ""view_returns"", ""page_view"", ""check_policy"", ""remove_from_cart"", ""begin_checkout""]",JP,tablet,free,2,0,1,231.88234564969358,71,0
user_534,"[""begin_checkout"", ""wishlist_add"", ""page_view"", ""wishlist_add"", ""rage_click"", ""view_item"", ""rage_click"", ""contact_support"", ""view_item"", ""rage_click""]",BR,mobile,free,0,0,1,96.12765819876977,79,0
user_535,"[""search"", ""rage_click"", ""purchase"", ""purchase"", ""search"", ""view_item"", ""view_returns"", ""add_to_cart"", ""check_policy"", ""begin_checkout""]",CN,tablet,enterprise,1,1,1,127.36285280395673,12,0
user_536,"[""page_view"", ""view_returns"", ""add_to_cart"", ""view_item"", ""page_view"", ""remove_from_cart"", ""view_returns""]",FR,tablet,free,0,0,1,366.97508687308886,47,0
user_537,"[""add_to_cart"", ""page_view"", ""remove_from_cart"", ""rage_click"", ""page_view"", ""wishlist_add"", ""search"", ""view_item"", ""rage_click"", ""view_item"", ""add_to_cart"", ""check_policy"", ""add_to_cart"", ""rage_click"", ""purchase"", ""add_to_cart"", ""rage_click""]",FR,tablet,premium,0,0,3,263.56726402896425,96,1
user_538,"[""contact_support"", ""add_to_cart"", ""page_view"", ""view_item"", ""wishlist_add""]",BR,desktop,premium,0,0,3,29.444927170719236,67,0
user_539,"[""check_policy"", ""view_item"", ""view_item"", ""rage_click"", ""purchase"", ""begin_checkout"", ""contact_support"", ""purchase"", ""rage_click"", ""search"", ""check_policy"", ""contact_support""]",UK,tablet,free,1,1,0,1085.6103928698565,76,0
user_540,"[""rage_click"", ""remove_from_cart"", ""view_item"", ""wishlist_add"", ""view_returns"", ""remove_from_cart"", ""rage_click"", ""remove_from_cart"", ""view_returns"", ""rage_click"", ""rage_click"", ""contact_support"", ""remove_from_cart"", ""page_view""]",FR,mobile,free,0,0,3,15.178668607993366,54,0
user_541,"[""add_to_cart"", ""rage_click"", ""remove_from_cart"", ""begin_checkout"", ""check_policy"", ""begin_checkout"", ""remove_from_cart"", ""view_item"", ""view_item"", ""remove_from_cart"", ""contact_support"", ""contact_support"", ""rage_click"", ""view_returns"", ""add_to_cart"", ""rage_click"", ""begin_checkout"", ""search"", ""add_to_cart""]",US,mobile,premium,0,1,2,25.97457351363992,53,0
user_542,"[""contact_support"", ""remove_from_cart"", ""view_returns"", ""wishlist_add"", ""begin_checkout"", ""contact_support"", ""wishlist_add"", ""view_returns"", ""rage_click""]",CN,mobile,free,2,1,0,362.5811018205561,17,0
user_543,"[""check_policy"", ""view_item"", ""purchase"", ""view_returns"", ""wishlist_add"", ""check_policy"", ""check_policy"", ""view_returns""]",BR,mobile,premium,1,1,1,369.3190799945703,75,0
user_544,"[""begin_checkout"", ""check_policy"", ""contact_support"", ""add_to_cart"", ""begin_checkout"", ""check_policy"", ""rage_click"", ""view_item"", ""remove_from_cart"", ""wishlist_add"", ""check_policy""]",US,desktop,enterprise,0,0,0,5.735131863230313,80,0
user_545,"[""view_item"", ""rage_click"", ""contact_support"", ""check_policy"", ""wishlist_add""]",UK,mobile,premium,1,1,1,308.79911323657166,70,0
user_546,"[""check_policy"", ""purchase"", ""add_to_cart"", ""contact_support"", ""add_to_cart"", ""view_item"", ""search"", ""purchase"", ""remove_from_cart"", ""begin_checkout"", ""add_to_cart"", ""purchase"", ""search"", ""wishlist_add""]",FR,desktop,free,0,0,0,10.147712330678123,26,0
user_547,"[""view_returns"", ""rage_click"", ""remove_from_cart"", ""rage_click"", ""wishlist_add"", ""check_policy"", ""add_to_cart""]",BR,desktop,free,4,0,1,971.4940089039676,80,0
user_548,"[""page_view"", ""add_to_cart"", ""purchase"", ""remove_from_cart"", ""check_policy"", ""add_to_cart"", ""page_view"", ""rage_click"", ""purchase"", ""view_returns"", ""add_to_cart""]",DE,desktop,premium,1,0,1,357.35902388379395,45,1
user_549,"[""view_item"", ""wishlist_add"", ""remove_from_cart"", ""add_to_cart"", ""contact_support"", ""page_view"", ""check_policy"", ""search"", ""contact_support"", ""view_item"", ""remove_from_cart"", ""rage_click""]",CN,mobile,premium,1,0,0,61.95160904183417,77,1
user_550,"[""view_returns"", ""view_item"", ""check_policy"", ""purchase"", ""rage_click"", ""check_policy"", ""page_view"", ""view_returns"", ""search"", ""contact_support""]",DE,mobile,free,0,0,4,51.629917194442555,89,1
user_551,"[""add_to_cart"", ""view_item"", ""wishlist_add"", ""add_to_cart"", ""search"", ""purchase"", ""add_to_cart"", ""contact_support"", ""begin_checkout"", ""purchase"", ""view_returns"", ""check_policy"", ""search"", ""view_returns"", ""add_to_cart"", ""remove_from_cart"", ""purchase"", ""search"", ""check_policy""]",JP,desktop,free,1,0,2,252.95551080117602,30,0
user_552,"[""page_view"", ""view_returns"", ""view_returns"", ""purchase"", ""remove_from_cart"", ""add_to_cart"", ""search"", ""add_to_cart"", ""purchase"", ""view_returns"", ""check_policy"", ""search"", ""page_view""]",UK,desktop,free,1,1,2,301.14235563086487,91,0
user_553,"[""purchase"", ""check_policy"", ""wishlist_add"", ""check_policy"", ""rage_click"", ""search"", ""search"", ""contact_support"", ""begin_checkout"", ""page_view"", ""view_item"", ""remove_from_cart"", ""begin_checkout"", ""rage_click"", ""search""]",JP,mobile,enterprise,0,0,1,533.7790942357103,55,0
user_554,"[""page_view"", ""add_to_cart"", ""begin_checkout"", ""add_to_cart"", ""remove_from_cart"", ""add_to_cart"", ""remove_from_cart"", ""page_view"", ""wishlist_add"", ""view_returns"", ""remove_from_cart"", ""check_policy"", ""view_item"", ""view_item"", ""purchase"", ""view_item"", ""purchase"", ""search"", ""view_item""]",DE,tablet,enterprise,0,0,5,700.9081829982308,55,1
user_555,"[""check_policy"", ""view_returns"", ""add_to_cart"", ""rage_click"", ""view_item"", ""view_returns"", ""view_returns"", ""remove_from_cart""]",DE,tablet,premium,1,0,2,149.5374471691538,25,0
user_556,"[""page_view"", ""view_item"", ""wishlist_add"", ""rage_click"", ""view_item""]",DE,tablet,premium,0,0,0,557.5329843103599,31,1
user_557,"[""purchase"", ""check_policy"", ""check_policy"", ""rage_click"", ""purchase"", ""view_returns""]",JP,mobile,enterprise,1,0,2,234.51486322582258,15,0
user_558,"[""purchase"", ""view_item"", ""page_view"", ""begin_checkout"", ""rage_click"", ""view_returns"", ""remove_from_cart"", ""begin_checkout"", ""begin_checkout"", ""purchase"", ""add_to_cart"", ""begin_checkout"", ""view_item"", ""contact_support"", ""page_view""]",BR,mobile,enterprise,0,1,1,190.79317637702292,65,0
user_559,"[""page_view"", ""contact_support"", ""check_policy"", ""view_item"", ""remove_from_cart"", ""begin_checkout"", ""check_policy"", ""view_item"", ""purchase"", ""page_view"", ""check_policy"", ""rage_click"", ""begin_checkout"", ""begin_checkout"", ""remove_from_cart""]",UK,desktop,premium,1,2,1,360.16424927563986,54,0
user_560,"[""rage_click"", ""begin_checkout"", ""view_returns"", ""rage_click"", ""begin_checkout"", ""contact_support"", ""rage_click""]",IN,mobile,enterprise,0,1,1,32.67503662716079,67,1
user_561,"[""rage_click"", ""search"", ""remove_from_cart"", ""purchase"", ""purchase"", ""purchase""]",CN,mobile,premium,1,0,3,92.52323286619651,37,0
user_562,"[""check_policy"", ""purchase"", ""search"", ""page_view"", ""view_item"", ""check_policy""]",IN,mobile,free,2,0,2,509.09194956908203,26,0
user_563,"[""page_view"", ""page_view"", ""view_returns"", ""remove_from_cart"", ""remove_from_cart""]",BR,desktop,premium,3,2,1,210.4014939455185,45,1
user_564,"[""view_item"", ""search"", ""search"", ""search"", ""page_view"", ""wishlist_add"", ""contact_support"", ""rage_click"", ""check_policy"", ""remove_from_cart"", ""wishlist_add"", ""purchase"", ""view_item"", ""check_policy"", ""view_item"", ""contact_support"", ""view_returns""]",CN,desktop,enterprise,1,0,1,715.9316847297519,21,0
user_565,"[""page_view"", ""view_returns"", ""view_item"", ""purchase"", ""page_view"", ""begin_checkout"", ""search"", ""check_policy"", ""contact_support"", ""page_view"", ""view_item"", ""check_policy""]",US,tablet,enterprise,1,0,3,27.866167440953124,59,0
user_566,"[""add_to_cart"", ""contact_support"", ""view_item"", ""contact_support"", ""remove_from_cart"", ""add_to_cart"", ""check_policy"", ""view_returns"", ""view_item"", ""contact_support""]",IN,tablet,enterprise,1,0,0,112.8066170133562,68,0
user_567,"[""view_returns"", ""purchase"", ""purchase"", ""contact_support"", ""page_view"", ""remove_from_cart"", ""page_view"", ""remove_from_cart"", ""view_item"", ""search"", ""begin_checkout""]",US,mobile,premium,0,0,1,131.8073618382697,21,0
user_568,"[""rage_click"", ""search"", ""wishlist_add"", ""contact_support"", ""add_to_cart"", ""view_returns"", ""add_to_cart"", ""purchase"", ""remove_from_cart"", ""view_returns"", ""search"", ""purchase"", ""view_returns"", ""page_view""]",IN,mobile,enterprise,1,1,1,164.82852617670886,71,0
user_569,"[""page_view"", ""page_view"", ""view_returns"", ""check_policy"", ""add_to_cart"", ""purchase"", ""rage_click"", ""check_policy"", ""wishlist_add"", ""add_to_cart""]",DE,desktop,premium,1,0,4,1298.7175986676866,49,1
user_570,"[""purchase"", ""search"", ""remove_from_cart"", ""add_to_cart"", ""rage_click"", ""contact_support"", ""view_item"", ""page_view"", ""view_item"", ""check_policy"", ""contact_support"", ""page_view"", ""purchase"", ""check_policy"", ""rage_click"", ""view_returns"", ""purchase"", ""add_to_cart""]",UK,tablet,free,1,0,0,111.60737942842542,11,0
user_571,"[""check_policy"", ""add_to_cart"", ""rage_click"", ""wishlist_add"", ""view_item"", ""add_to_cart"", ""view_item"", ""page_view"", ""remove_from_cart"", ""begin_checkout"", ""purchase"", ""begin_checkout""]",IN,tablet,free,0,0,0,219.36841372647243,34,1
user_572,"[""add_to_cart"", ""page_view"", ""search"", ""begin_checkout"", ""begin_checkout""]",UK,tablet,enterprise,0,0,1,230.40733614315235,94,0
user_573,"[""search"", ""purchase"", ""view_returns"", ""contact_support"", ""wishlist_add"", ""page_view"", ""remove_from_cart"", ""contact_support"", ""search"", ""page_view"", ""rage_click"", ""search"", ""check_policy"", ""check_policy"", ""wishlist_add"", ""begin_checkout""]",FR,mobile,premium,1,0,1,441.94539009670194,95,0
user_574,"[""wishlist_add"", ""view_item"", ""remove_from_cart"", ""check_policy"", ""add_to_cart"", ""view_item"", ""contact_support"", ""view_item"", ""page_view"", ""begin_checkout"", ""wishlist_add""]",FR,mobile,premium,0,1,6,218.86182160771241,83,1
user_575,"[""purchase"", ""rage_click"", ""remove_from_cart"", ""page_view"", ""purchase"", ""begin_checkout"", ""contact_support"", ""purchase"", ""add_to_cart"", ""view_item""]",BR,mobile,enterprise,0,0,1,279.2214287420753,40,0
user_576,"[""page_view"", ""check_policy"", ""check_policy"", ""contact_support"", ""check_policy"", ""wishlist_add"", ""search"", ""contact_support"", ""page_view"", ""remove_from_cart""]",IN,desktop,premium,0,0,0,419.90878975416143,56,1
user_577,"[""check_policy"", ""search"", ""rage_click"", ""begin_checkout"", ""view_item"", ""check_policy"", ""contact_support"", ""page_view"", ""check_policy"", ""purchase"", ""check_policy"", ""contact_support"", ""add_to_cart"", ""add_to_cart"", ""check_policy"", ""view_item"", ""page_view""]",JP,tablet,enterprise,2,0,1,31.98572709253728,69,1
user_578,"[""rage_click"", ""check_policy"", ""check_policy"", ""add_to_cart"", ""contact_support"", ""view_item"", ""search"", ""check_policy"", ""rage_click"", ""page_view"", ""remove_from_cart"", ""purchase"", ""check_policy""]",IN,desktop,enterprise,0,1,2,992.9038712556022,82,0
user_579,"[""check_policy"", ""contact_support"", ""view_item"", ""remove_from_cart"", ""begin_checkout"", ""wishlist_add"", ""page_view"", ""page_view"", ""contact_support"", ""add_to_cart"", ""contact_support"", ""add_to_cart"", ""wishlist_add"", ""view_returns""]",IN,tablet,free,0,2,0,561.8339397404794,50,0
user_580,"[""search"", ""wishlist_add"", ""page_view"", ""search"", ""view_item"", ""contact_support"", ""view_item"", ""remove_from_cart"", ""view_item"", ""check_policy"", ""rage_click"", ""check_policy"", ""wishlist_add""]",FR,mobile,enterprise,1,2,1,147.6858703739513,59,0
user_581,"[""contact_support"", ""page_view"", ""search"", ""contact_support"", ""rage_click"", ""begin_checkout"", ""search"", ""begin_checkout"", ""purchase"", ""rage_click""]",BR,desktop,premium,1,0,0,391.04689390309744,32,1
user_582,"[""view_returns"", ""view_returns"", ""view_returns"", ""page_view"", ""page_view"", ""view_returns"", ""begin_checkout"", ""rage_click"", ""view_item"", ""rage_click"", ""wishlist_add"", ""view_returns"", ""rage_click"", ""remove_from_cart"", ""page_view"", ""page_view"", ""begin_checkout""]",CN,desktop,enterprise,0,1,2,431.0554572087678,21,0
user_583,"[""view_returns"", ""contact_support"", ""search"", ""begin_checkout"", ""begin_checkout"", ""view_item""]",CN,mobile,free,0,0,0,569.6292996565714,80,0
user_584,"[""view_returns"", ""contact_support"", ""page_view"", ""view_item"", ""contact_support"", ""remove_from_cart"", ""begin_checkout"", ""view_item"", ""page_view"", ""rage_click"", ""page_view""]",BR,tablet,free,2,0,4,62.59355810895171,92,0
user_585,"[""remove_from_cart"", ""view_item"", ""search"", ""remove_from_cart"", ""view_returns"", ""view_returns"", ""search"", ""wishlist_add"", ""rage_click"", ""search"", ""wishlist_add"", ""begin_checkout"", ""check_policy"", ""add_to_cart"", ""contact_support"", ""remove_from_cart"", ""contact_support""]",JP,tablet,premium,0,0,0,364.91763435074347,31,0
user_586,"[""contact_support"", ""contact_support"", ""wishlist_add"", ""page_view"", ""view_item"", ""begin_checkout"", ""add_to_cart"", ""view_item"", ""page_view"", ""contact_support"", ""add_to_cart"", ""page_view"", ""wishlist_add""]",US,tablet,enterprise,0,1,1,10.172699122624739,65,0
user_587,"[""wishlist_add"", ""page_view"", ""view_returns"", ""add_to_cart"", ""search""]",DE,tablet,premium,1,1,1,36.846667690380386,25,0
user_588,"[""check_policy"", ""contact_support"", ""add_to_cart"", ""view_returns"", ""remove_from_cart""]",UK,mobile,premium,0,0,1,448.922460739602,67,1
user_589,"[""begin_checkout"", ""purchase"", ""check_policy"", ""remove_from_cart"", ""view_returns"", ""purchase"", ""page_view"", ""page_view""]",US,mobile,enterprise,0,0,0,502.9988177386174,81,0
user_590,"[""contact_support"", ""purchase"", ""contact_support"", ""view_returns"", ""check_policy"", ""wishlist_add"", ""purchase"", ""remove_from_cart"", ""check_policy"", ""rage_click"", ""search"", ""contact_support"", ""contact_support""]",BR,mobile,free,1,0,4,269.26752382586926,60,0
user_591,"[""check_policy"", ""page_view"", ""contact_support"", ""rage_click"", ""remove_from_cart"", ""add_to_cart"", ""remove_from_cart"", ""remove_from_cart"", ""contact_support"", ""search"", ""view_item"", ""wishlist_add"", ""page_view"", ""wishlist_add"", ""contact_support"", ""wishlist_add"", ""page_view"", ""view_returns""]",CN,mobile,premium,0,0,1,261.4568611731322,15,0
user_592,"[""view_item"", ""wishlist_add"", ""contact_support"", ""begin_checkout"", ""wishlist_add"", ""remove_from_cart"", ""view_returns"", ""view_item"", ""contact_support"", ""rage_click"", ""check_policy"", ""check_policy"", ""page_view"", ""wishlist_add"", ""view_item"", ""remove_from_cart"", ""remove_from_cart"", ""search""]",US,desktop,premium,1,1,0,415.30259451756206,11,1
user_593,"[""add_to_cart"", ""check_policy"", ""wishlist_add"", ""view_returns"", ""view_item"", ""remove_from_cart"", ""add_to_cart"", ""view_item"", ""wishlist_add"", ""purchase"", ""remove_from_cart"", ""purchase"", ""view_item"", ""wishlist_add"", ""remove_from_cart"", ""search"", ""purchase"", ""begin_checkout""]",JP,desktop,free,0,0,0,709.6089800196454,71,0
user_594,"[""view_returns"", ""check_policy"", ""add_to_cart"", ""purchase"", ""remove_from_cart"", ""search"", ""begin_checkout""]",DE,desktop,enterprise,0,0,1,163.99552038319032,51,0
user_595,"[""begin_checkout"", ""check_policy"", ""search"", ""begin_checkout"", ""search"", ""add_to_cart"", ""contact_support"", ""begin_checkout"", ""check_policy"", ""begin_checkout"", ""begin_checkout"", ""rage_click"", ""add_to_cart"", ""purchase"", ""page_view""]",CN,mobile,enterprise,0,0,1,36.5896585594456,52,0
user_596,"[""begin_checkout"", ""view_returns"", ""begin_checkout"", ""rage_click"", ""search"", ""purchase"", ""view_returns"", ""contact_support"", ""view_returns"", ""add_to_cart"", ""check_policy"", ""check_policy"", ""contact_support"", ""wishlist_add""]",JP,tablet,enterprise,1,1,0,547.904127171597,61,0
user_597,"[""wishlist_add"", ""check_policy"", ""view_item"", ""rage_click"", ""contact_support"", ""contact_support"", ""page_view"", ""page_view"", ""add_to_cart"", ""add_to_cart""]",BR,desktop,free,1,0,1,125.4029046744319,67,0
user_598,"[""wishlist_add"", ""check_policy"", ""remove_from_cart"", ""contact_support"", ""view_item""]",US,desktop,premium,1,0,2,43.086907789906725,29,0
user_599,"[""begin_checkout"", ""purchase"", ""rage_click"", ""remove_from_cart"", ""view_item"", ""begin_checkout"", ""add_to_cart"", ""view_item"", ""wishlist_add"", ""page_view"", ""contact_support"", ""view_item"", ""purchase"", ""view_returns""]",UK,mobile,free,0,0,3,286.05482324081834,65,0
user_600,"[""add_to_cart"", ""search"", ""rage_click"", ""wishlist_add"", ""rage_click"", ""view_item"", ""view_returns"", ""contact_support"", ""search"", ""wishlist_add"", ""begin_checkout"", ""remove_from_cart"", ""contact_support"", ""begin_checkout"", ""remove_from_cart"", ""view_returns"", ""remove_from_cart""]",FR,tablet,premium,2,0,1,258.8846578900738,76,0
user_601,"[""contact_support"", ""wishlist_add"", ""purchase"", ""view_item"", ""begin_checkout"", ""purchase"", ""begin_checkout"", ""wishlist_add"", ""view_item"", ""check_policy"", ""remove_from_cart"", ""view_returns"", ""check_policy"", ""check_policy"", ""rage_click"", ""page_view"", ""contact_support""]",JP,tablet,premium,1,0,0,192.87667470700205,68,1
user_602,"[""purchase"", ""purchase"", ""wishlist_add"", ""purchase"", ""wishlist_add"", ""contact_support"", ""check_policy"", ""contact_support"", ""purchase"", ""page_view""]",CN,tablet,enterprise,0,0,1,589.3996946117308,57,0
user_603,"[""view_item"", ""purchase"", ""view_returns"", ""add_to_cart"", ""contact_support"", ""view_returns"", ""view_returns""]",US,mobile,enterprise,0,1,2,95.32934771332987,44,1
user_604,"[""view_returns"", ""purchase"", ""begin_checkout"", ""rage_click"", ""check_policy"", ""view_returns"", ""page_view"", ""search"", ""view_item""]",FR,tablet,enterprise,1,0,1,3.9970895935406285,17,0
user_605,"[""wishlist_add"", ""rage_click"", ""remove_from_cart"", ""wishlist_add"", ""contact_support"", ""search"", ""contact_support"", ""rage_click"", ""remove_from_cart"", ""contact_support"", ""contact_support"", ""contact_support""]",FR,desktop,free,0,2,5,117.23297786610615,85,1
user_606,"[""search"", ""check_policy"", ""view_item"", ""rage_click"", ""remove_from_cart"", ""view_returns"", ""check_policy"", ""check_policy"", ""view_returns"", ""page_view"", ""begin_checkout"", ""view_item"", ""view_item""]",US,desktop,enterprise,0,0,1,2.9260110771989525,41,0
user_607,"[""page_view"", ""begin_checkout"", ""view_item"", ""remove_from_cart"", ""add_to_cart"", ""add_to_cart"", ""view_item"", ""purchase"", ""view_item"", ""view_returns"", ""view_returns"", ""wishlist_add"", ""begin_checkout"", ""contact_support"", ""check_policy"", ""remove_from_cart"", ""page_view"", ""search"", ""view_item""]",DE,desktop,free,1,0,2,235.30992111693237,54,0
user_608,"[""contact_support"", ""remove_from_cart"", ""page_view"", ""view_returns"", ""rage_click"", ""remove_from_cart"", ""contact_support"", ""add_to_cart"", ""view_item"", ""begin_checkout"", ""add_to_cart"", ""contact_support"", ""check_policy"", ""search""]",US,mobile,enterprise,0,0,0,142.5643351801498,94,1
user_609,"[""page_view"", ""wishlist_add"", ""view_returns"", ""view_item"", ""begin_checkout"", ""rage_click"", ""view_returns"", ""view_item"", ""rage_click"", ""begin_checkout""]",CN,tablet,enterprise,1,1,1,504.5102423367192,76,0
user_610,"[""purchase"", ""add_to_cart"", ""add_to_cart"", ""contact_support"", ""view_returns"", ""search"", ""contact_support"", ""contact_support"", ""wishlist_add"", ""view_item"", ""search"", ""wishlist_add"", ""wishlist_add"", ""view_item""]",BR,mobile,enterprise,0,0,0,479.2310925212492,36,0
user_611,"[""begin_checkout"", ""purchase"", ""wishlist_add"", ""view_item"", ""begin_checkout"", ""check_policy"", ""contact_support"", ""contact_support"", ""view_returns"", ""wishlist_add"", ""check_policy"", ""view_returns"", ""wishlist_add"", ""rage_click"", ""begin_checkout"", ""begin_checkout"", ""search""]",UK,tablet,free,0,1,1,171.0869752719398,12,1
user_612,"[""remove_from_cart"", ""rage_click"", ""begin_checkout"", ""view_item"", ""contact_support"", ""view_returns"", ""check_policy"", ""view_returns"", ""wishlist_add"", ""add_to_cart"", ""remove_from_cart"", ""begin_checkout"", ""purchase"", ""page_view""]",CN,mobile,premium,1,1,0,73.18962650523177,66,1
user_613,"[""search"", ""wishlist_add"", ""contact_support"", ""begin_checkout"", ""check_policy"", ""begin_checkout"", ""page_view"", ""search""]",BR,desktop,free,1,0,2,164.67761991125474,74,0
user_614,"[""view_returns"", ""check_policy"", ""search"", ""remove_from_cart"", ""view_returns"", ""begin_checkout"", ""contact_support"", ""rage_click"", ""wishlist_add"", ""wishlist_add"", ""contact_support""]",FR,mobile,free,0,0,2,307.5954993746696,29,0
user_615,"[""page_view"", ""wishlist_add"", ""rage_click"", ""wishlist_add"", ""begin_checkout"", ""purchase"", ""remove_from_cart"", ""purchase"", ""wishlist_add""]",UK,mobile,free,0,2,0,63.29260856792684,80,0
user_616,"[""add_to_cart"", ""begin_checkout"", ""view_item"", ""view_item"", ""check_policy"", ""contact_support"", ""contact_support"", ""search"", ""contact_support"", ""purchase"", ""remove_from_cart"", ""begin_checkout""]",JP,mobile,premium,3,1,0,444.90319125726035,50,1
user_617,"[""check_policy"", ""view_returns"", ""rage_click"", ""view_returns"", ""begin_checkout""]",FR,desktop,free,1,0,4,120.39421539929171,10,0
user_618,"[""contact_support"", ""search"", ""rage_click"", ""purchase"", ""begin_checkout"", ""add_to_cart"", ""purchase""]",IN,mobile,enterprise,1,0,0,807.2561500754748,83,1
user_619,"[""contact_support"", ""wishlist_add"", ""purchase"", ""remove_from_cart"", ""view_item"", ""view_returns"", ""remove_from_cart""]",DE,mobile,premium,2,1,3,215.15238045068736,85,0
user_620,"[""check_policy"", ""wishlist_add"", ""view_item"", ""remove_from_cart"", ""begin_checkout"", ""add_to_cart"", ""rage_click"", ""begin_checkout"", ""view_item"", ""search"", ""add_to_cart"", ""rage_click"", ""check_policy""]",US,desktop,free,0,0,2,563.4434160646459,13,0
user_621,"[""rage_click"", ""remove_from_cart"", ""rage_click"", ""view_item"", ""wishlist_add"", ""contact_support""]",JP,tablet,free,0,0,3,287.04990801092555,80,0
user_622,"[""remove_from_cart"", ""begin_checkout"", ""view_item"", ""contact_support"", ""page_view"", ""check_policy"", ""contact_support"", ""page_view"", ""search"", ""search"", ""view_returns"", ""add_to_cart"", ""contact_support"", ""purchase"", ""check_policy"", ""contact_support""]",IN,mobile,premium,0,0,0,242.635999130836,19,0
user_623,"[""purchase"", ""check_policy"", ""purchase"", ""remove_from_cart"", ""page_view""]",CN,desktop,free,0,1,3,343.8339614259685,95,0
user_624,"[""rage_click"", ""remove_from_cart"", ""check_policy"", ""check_policy"", ""view_item"", ""page_view"", ""view_returns"", ""view_returns"", ""check_policy"", ""view_returns"", ""add_to_cart"", ""search"", ""view_item"", ""check_policy"", ""view_returns""]",UK,mobile,premium,1,1,0,500.5830552357691,98,0
user_625,"[""wishlist_add"", ""contact_support"", ""rage_click"", ""search"", ""remove_from_cart""]",JP,desktop,enterprise,1,0,4,310.27534182371517,38,0
user_626,"[""wishlist_add"", ""remove_from_cart"", ""add_to_cart"", ""purchase"", ""page_view"", ""purchase"", ""view_item"", ""rage_click"", ""view_item"", ""check_policy"", ""wishlist_add"", ""page_view"", ""wishlist_add"", ""check_policy"", ""begin_checkout"", ""view_returns"", ""remove_from_cart"", ""wishlist_add""]",IN,tablet,free,0,0,1,478.72069637143596,24,0
user_627,"[""contact_support"", ""check_policy"", ""purchase"", ""begin_checkout"", ""remove_from_cart"", ""check_policy"", ""wishlist_add"", ""begin_checkout"", ""begin_checkout"", ""page_view"", ""view_item"", ""begin_checkout"", ""add_to_cart"", ""view_item"", ""remove_from_cart"", ""remove_from_cart"", ""remove_from_cart"", ""remove_from_cart"", ""add_to_cart""]",IN,tablet,free,0,1,0,63.38864201592618,28,0
user_628,"[""wishlist_add"", ""check_policy"", ""rage_click"", ""wishlist_add"", ""begin_checkout"", ""remove_from_cart"", ""search"", ""view_item"", ""view_item"", ""begin_checkout"", ""check_policy"", ""contact_support"", ""contact_support"", ""rage_click"", ""check_policy"", ""begin_checkout"", ""contact_support""]",IN,mobile,enterprise,0,0,0,97.51822575297727,67,0
user_629,"[""contact_support"", ""purchase"", ""search"", ""wishlist_add"", ""add_to_cart"", ""begin_checkout"", ""view_returns"", ""page_view"", ""wishlist_add"", ""page_view"", ""check_policy"", ""begin_checkout"", ""begin_checkout"", ""page_view""]",DE,desktop,free,1,0,1,78.30145708327028,62,1
user_630,"[""page_view"", ""begin_checkout"", ""contact_support"", ""rage_click"", ""remove_from_cart"", ""view_returns"", ""purchase"", ""search"", ""add_to_cart"", ""remove_from_cart"", ""view_item"", ""page_view"", ""view_returns""]",US,tablet,free,1,0,3,480.2968916638555,55,0
user_631,"[""search"", ""page_view"", ""remove_from_cart"", ""contact_support"", ""wishlist_add""]",JP,tablet,premium,2,0,5,27.019611787660846,27,0
user_632,"[""purchase"", ""rage_click"", ""page_view"", ""check_policy"", ""contact_support"", ""search"", ""begin_checkout"", ""wishlist_add"", ""view_returns"", ""check_policy"", ""remove_from_cart"", ""remove_from_cart"", ""purchase"", ""purchase""]",CN,desktop,free,0,0,2,476.6894727342913,12,1
user_633,"[""wishlist_add"", ""begin_checkout"", ""view_returns"", ""begin_checkout"", ""view_item"", ""purchase"", ""rage_click"", ""add_to_cart"", ""page_view"", ""page_view"", ""add_to_cart"", ""contact_support"", ""begin_checkout""]",UK,mobile,enterprise,0,2,2,147.81826580182397,79,0
user_634,"[""rage_click"", ""view_returns"", ""add_to_cart"", ""rage_click"", ""purchase"", ""check_policy"", ""remove_from_cart""]",JP,tablet,free,1,0,1,24.853817673665375,31,1
user_635,"[""wishlist_add"", ""view_item"", ""begin_checkout"", ""view_returns"", ""check_policy"", ""check_policy"", ""purchase"", ""add_to_cart""]",US,tablet,premium,1,1,3,165.7163788864208,64,0
user_636,"[""page_view"", ""check_policy"", ""rage_click"", ""page_view"", ""view_item"", ""add_to_cart"", ""add_to_cart"", ""view_returns"", ""check_policy""]",CN,tablet,enterprise,0,0,4,107.21783211243039,73,0
user_637,"[""contact_support"", ""contact_support"", ""search"", ""remove_from_cart"", ""rage_click"", ""page_view"", ""search"", ""view_item"", ""remove_from_cart"", ""add_to_cart""]",JP,mobile,enterprise,0,0,2,268.9112737149347,50,0
user_638,"[""begin_checkout"", ""check_policy"", ""view_item"", ""begin_checkout"", ""purchase""]",UK,tablet,enterprise,0,1,2,191.89707125517373,94,0
user_639,"[""check_policy"", ""page_view"", ""check_policy"", ""remove_from_cart"", ""view_returns"", ""remove_from_cart"", ""purchase"", ""rage_click"", ""begin_checkout"", ""wishlist_add"", ""remove_from_cart"", ""view_returns"", ""rage_click"", ""remove_from_cart"", ""add_to_cart""]",US,desktop,enterprise,0,0,1,105.62453449828146,17,0
user_640,"[""begin_checkout"", ""view_item"", ""contact_support"", ""rage_click"", ""add_to_cart"", ""wishlist_add"", ""view_item"", ""page_view"", ""view_returns"", ""search"", ""add_to_cart"", ""check_policy""]",DE,mobile,premium,0,0,4,594.7291759526689,74,0
user_641,"[""page_view"", ""wishlist_add"", ""rage_click"", ""wishlist_add"", ""view_returns""]",DE,tablet,premium,2,0,3,156.67793603314954,12,1
user_642,"[""add_to_cart"", ""purchase"", ""search"", ""add_to_cart"", ""wishlist_add"", ""remove_from_cart"", ""page_view"", ""begin_checkout"", ""page_view"", ""page_view"", ""contact_support"", ""search"", ""search"", ""check_policy"", ""wishlist_add"", ""purchase""]",FR,desktop,premium,0,0,1,190.85429757923157,38,0
user_643,"[""search"", ""wishlist_add"", ""view_item"", ""search"", ""check_policy"", ""page_view""]",JP,desktop,premium,0,0,2,562.4677072458757,79,0
user_644,"[""view_item"", ""wishlist_add"", ""view_returns"", ""purchase"", ""view_item"", ""check_policy"", ""remove_from_cart"", ""view_item"", ""wishlist_add"", ""purchase"", ""search"", ""rage_click"", ""search"", ""rage_click"", ""view_returns"", ""add_to_cart"", ""add_to_cart""]",UK,mobile,free,1,0,0,27.982356702014183,27,0
user_645,"[""begin_checkout"", ""wishlist_add"", ""remove_from_cart"", ""check_policy"", ""remove_from_cart"", ""rage_click""]",JP,desktop,premium,0,0,0,148.23634792290548,67,1
user_646,"[""wishlist_add"", ""view_item"", ""search"", ""purchase"", ""check_policy"", ""remove_from_cart"", ""purchase"", ""check_policy"", ""remove_from_cart"", ""view_returns"", ""rage_click"", ""page_view"", ""check_policy"", ""rage_click"", ""wishlist_add"", ""contact_support""]",US,mobile,free,0,0,2,154.67944149961,10,0
user_647,"[""wishlist_add"", ""view_item"", ""contact_support"", ""purchase"", ""wishlist_add"", ""wishlist_add"", ""check_policy"", ""view_item"", ""view_item""]",FR,mobile,enterprise,0,0,1,205.44994452597837,31,0
user_648,"[""wishlist_add"", ""contact_support"", ""page_view"", ""remove_from_cart"", ""check_policy"", ""rage_click"", ""add_to_cart"", ""wishlist_add"", ""search"", ""check_policy"", ""check_policy"", ""check_policy"", ""view_item"", ""purchase""]",UK,mobile,free,2,0,1,33.655321106860576,32,1
user_649,"[""purchase"", ""contact_support"", ""add_to_cart"", ""view_item"", ""wishlist_add"", ""purchase""]",JP,desktop,free,2,0,3,32.496174784143555,17,1
user_650,"[""begin_checkout"", ""view_item"", ""add_to_cart"", ""add_to_cart"", ""purchase"", ""purchase""]",UK,mobile,free,1,0,0,161.57004088512923,38,0
user_651,"[""add_to_cart"", ""add_to_cart"", ""wishlist_add"", ""page_view"", ""check_policy"", ""view_returns"", ""view_item"", ""remove_from_cart"", ""contact_support"", ""check_policy"", ""view_returns"", ""page_view"", ""remove_from_cart"", ""purchase""]",US,mobile,premium,1,0,3,10.076034680732532,53,1
user_652,"[""begin_checkout"", ""contact_support"", ""rage_click"", ""search"", ""add_to_cart"", ""begin_checkout"", ""view_returns""]",FR,desktop,premium,1,0,3,88.3050198816404,71,0
user_653,"[""remove_from_cart"", ""view_returns"", ""search"", ""add_to_cart"", ""add_to_cart"", ""remove_from_cart"", ""rage_click"", ""begin_checkout"", ""view_returns"", ""purchase""]",UK,mobile,enterprise,1,0,0,67.38467292786406,28,1
user_654,"[""view_returns"", ""wishlist_add"", ""rage_click"", ""view_returns"", ""remove_from_cart"", ""search"", ""purchase""]",US,tablet,premium,0,0,3,201.6425602832159,68,0
user_655,"[""remove_from_cart"", ""view_returns"", ""page_view"", ""add_to_cart"", ""page_view""]",DE,desktop,free,2,0,4,3.36668767307334,89,1
user_656,"[""view_item"", ""rage_click"", ""remove_from_cart"", ""view_item"", ""remove_from_cart"", ""wishlist_add"", ""search"", ""search"", ""contact_support"", ""purchase"", ""search"", ""check_policy"", ""add_to_cart""]",UK,desktop,premium,1,0,3,337.8568251115941,28,1
user_657,"[""wishlist_add"", ""contact_support"", ""wishlist_add"", ""view_returns"", ""begin_checkout"", ""remove_from_cart"", ""check_policy""]",FR,desktop,premium,0,1,2,580.5240466889343,31,0
user_658,"[""rage_click"", ""rage_click"", ""begin_checkout"", ""wishlist_add"", ""view_returns"", ""contact_support"", ""page_view"", ""rage_click"", ""view_returns"", ""purchase"", ""add_to_cart""]",BR,tablet,free,1,1,4,368.0102605670079,92,0
user_659,"[""view_returns"", ""begin_checkout"", ""contact_support"", ""search"", ""check_policy"", ""begin_checkout"", ""view_returns""]",CN,mobile,enterprise,0,1,2,511.25345584702535,77,0
user_660,"[""contact_support"", ""remove_from_cart"", ""view_item"", ""add_to_cart"", ""view_returns"", ""search"", ""check_policy"", ""view_item"", ""purchase"", ""rage_click"", ""remove_from_cart"", ""rage_click"", ""view_item"", ""view_item""]",CN,desktop,premium,1,0,1,309.27185260031285,14,0
user_661,"[""wishlist_add"", ""check_policy"", ""check_policy"", ""page_view"", ""search"", ""purchase"", ""check_policy"", ""search"", ""purchase"", ""purchase"", ""view_item"", ""purchase"", ""remove_from_cart""]",UK,desktop,enterprise,0,0,2,212.3972621617605,14,0
user_662,"[""wishlist_add"", ""page_view"", ""view_returns"", ""begin_checkout"", ""page_view"", ""remove_from_cart"", ""page_view"", ""purchase"", ""view_item"", ""begin_checkout"", ""check_policy"", ""view_item"", ""purchase""]",UK,desktop,free,0,1,1,74.16233487908328,34,1
user_663,"[""begin_checkout"", ""begin_checkout"", ""add_to_cart"", ""contact_support"", ""contact_support"", ""search"", ""wishlist_add"", ""view_item"", ""check_policy"", ""page_view""]",US,tablet,premium,2,1,2,98.39557201033004,33,0
user_664,"[""purchase"", ""add_to_cart"", ""view_item"", ""wishlist_add"", ""view_item"", ""rage_click"", ""search"", ""begin_checkout"", ""check_policy"", ""wishlist_add""]",JP,tablet,enterprise,0,0,1,114.68926971859057,10,0
user_665,"[""check_policy"", ""remove_from_cart"", ""view_returns"", ""search"", ""contact_support"", ""search"", ""contact_support"", ""check_policy"", ""contact_support""]",CN,tablet,enterprise,1,2,0,11.627758774167349,37,0
user_666,"[""begin_checkout"", ""search"", ""purchase"", ""begin_checkout"", ""check_policy"", ""wishlist_add"", ""view_item"", ""begin_checkout"", ""contact_support"", ""add_to_cart"", ""rage_click"", ""purchase"", ""contact_support"", ""add_to_cart"", ""check_policy"", ""remove_from_cart"", ""add_to_cart"", ""view_returns"", ""remove_from_cart""]",IN,mobile,free,0,0,2,732.8604126919812,56,0
user_667,"[""page_view"", ""purchase"", ""contact_support"", ""search"", ""search"", ""page_view"", ""begin_checkout"", ""check_policy"", ""purchase"", ""view_item"", ""search"", ""remove_from_cart"", ""search"", ""view_item"", ""search""]",JP,mobile,premium,0,0,1,691.6850130115421,94,0
user_668,"[""add_to_cart"", ""add_to_cart"", ""wishlist_add"", ""check_policy"", ""page_view""]",CN,tablet,enterprise,1,0,0,34.21203893915349,69,0
user_669,"[""search"", ""purchase"", ""remove_from_cart"", ""add_to_cart"", ""add_to_cart"", ""view_item"", ""view_item"", ""wishlist_add"", ""contact_support"", ""begin_checkout"", ""rage_click"", ""view_item"", ""view_item""]",UK,mobile,enterprise,0,0,3,244.04820673447546,28,1
user_670,"[""purchase"", ""contact_support"", ""view_item"", ""wishlist_add"", ""remove_from_cart"", ""purchase"", ""begin_checkout"", ""page_view"", ""purchase"", ""page_view"", ""add_to_cart"", ""contact_support"", ""begin_checkout"", ""contact_support"", ""begin_checkout"", ""contact_support""]",IN,tablet,enterprise,1,0,4,189.13132735068888,96,1
user_671,"[""wishlist_add"", ""contact_support"", ""view_returns"", ""begin_checkout"", ""search"", ""page_view"", ""begin_checkout"", ""add_to_cart"", ""remove_from_cart"", ""view_returns""]",FR,mobile,enterprise,0,0,3,345.0481029015775,23,1
user_672,"[""search"", ""begin_checkout"", ""view_item"", ""purchase"", ""search"", ""purchase"", ""contact_support"", ""contact_support"", ""search"", ""purchase"", ""rage_click""]",FR,mobile,enterprise,1,1,3,277.15904528029296,79,1
user_673,"[""view_returns"", ""view_returns"", ""page_view"", ""begin_checkout"", ""check_policy"", ""purchase"", ""begin_checkout"", ""view_returns"", ""add_to_cart"", ""purchase"", ""begin_checkout"", ""view_returns"", ""remove_from_cart"", ""view_returns"", ""contact_support""]",BR,tablet,enterprise,0,0,2,39.82698254424274,17,0
user_674,"[""view_item"", ""rage_click"", ""rage_click"", ""contact_support"", ""contact_support"", ""purchase"", ""remove_from_cart"", ""remove_from_cart"", ""purchase"", ""begin_checkout"", ""purchase"", ""check_policy"", ""check_policy"", ""rage_click"", ""view_returns"", ""purchase"", ""wishlist_add"", ""purchase""]",CN,desktop,enterprise,0,0,1,323.7114164959377,46,1
user_675,"[""begin_checkout"", ""page_view"", ""rage_click"", ""rage_click"", ""rage_click"", ""search"", ""view_returns"", ""contact_support"", ""add_to_cart"", ""page_view"", ""search"", ""wishlist_add"", ""wishlist_add"", ""view_returns"", ""check_policy"", ""begin_checkout"", ""contact_support"", ""check_policy"", ""contact_support""]",IN,desktop,enterprise,2,1,0,281.61635519022224,95,0
user_676,"[""rage_click"", ""search"", ""contact_support"", ""view_item"", ""rage_click"", ""rage_click"", ""begin_checkout"", ""search""]",CN,mobile,enterprise,1,0,3,227.28883928689632,81,0
user_677,"[""check_policy"", ""contact_support"", ""contact_support"", ""remove_from_cart"", ""rage_click""]",US,mobile,enterprise,0,1,0,154.45323943564688,19,0
user_678,"[""add_to_cart"", ""purchase"", ""contact_support"", ""purchase"", ""begin_checkout"", ""view_item"", ""contact_support"", ""contact_support"", ""view_item"", ""check_policy""]",UK,mobile,premium,1,1,2,929.8015922767379,76,0
user_679,"[""wishlist_add"", ""purchase"", ""begin_checkout"", ""remove_from_cart"", ""check_policy"", ""view_returns""]",UK,mobile,free,2,0,3,568.0172068303859,22,0
user_680,"[""page_view"", ""page_view"", ""page_view"", ""search"", ""page_view"", ""begin_checkout"", ""remove_from_cart"", ""rage_click""]",BR,mobile,free,0,2,0,263.9044615681722,48,0
user_681,"[""add_to_cart"", ""check_policy"", ""search"", ""view_returns"", ""purchase"", ""wishlist_add"", ""contact_support"", ""page_view"", ""view_returns"", ""contact_support"", ""add_to_cart"", ""view_returns"", ""wishlist_add"", ""remove_from_cart"", ""view_returns"", ""search"", ""page_view"", ""add_to_cart"", ""purchase""]",JP,mobile,free,0,0,2,1.9194751461472803,73,0
user_682,"[""rage_click"", ""view_item"", ""search"", ""page_view"", ""contact_support"", ""add_to_cart"", ""remove_from_cart"", ""search"", ""begin_checkout"", ""add_to_cart"", ""contact_support"", ""search"", ""view_item"", ""view_item"", ""check_policy"", ""rage_click"", ""contact_support"", ""view_item"", ""check_policy""]",US,tablet,enterprise,1,0,2,169.75525783638506,39,0
user_683,"[""search"", ""check_policy"", ""add_to_cart"", ""wishlist_add"", ""check_policy"", ""page_view"", ""contact_support"", ""page_view"", ""begin_checkout"", ""view_item"", ""rage_click""]",DE,desktop,free,0,1,0,361.53176235237146,13,1
user_684,"[""check_policy"", ""remove_from_cart"", ""remove_from_cart"", ""view_item"", ""begin_checkout"", ""remove_from_cart"", ""wishlist_add"", ""page_view"", ""wishlist_add"", ""view_returns"", ""add_to_cart"", ""purchase"", ""remove_from_cart"", ""rage_click"", ""check_policy"", ""rage_click"", ""contact_support"", ""add_to_cart"", ""page_view""]",FR,desktop,enterprise,1,0,2,37.42900668551147,54,0
user_685,"[""add_to_cart"", ""purchase"", ""view_returns"", ""search"", ""remove_from_cart"", ""begin_checkout"", ""begin_checkout"", ""remove_from_cart"", ""remove_from_cart""]",FR,tablet,premium,0,0,4,156.54050051384192,15,1
user_686,"[""remove_from_cart"", ""remove_from_cart"", ""begin_checkout"", ""view_item"", ""view_item"", ""rage_click"", ""view_item"", ""purchase""]",UK,tablet,free,0,1,0,63.85596267179265,25,0
user_687,"[""begin_checkout"", ""remove_from_cart"", ""wishlist_add"", ""check_policy"", ""check_policy"", ""purchase""]",BR,desktop,premium,0,0,1,123.81172171405066,31,0
user_688,"[""begin_checkout"", ""page_view"", ""wishlist_add"", ""add_to_cart"", ""rage_click"", ""page_view"", ""begin_checkout"", ""view_item"", ""remove_from_cart"", ""search"", ""page_view"", ""add_to_cart"", ""contact_support"", ""check_policy""]",IN,desktop,premium,0,0,1,8.109383778299538,30,0
user_689,"[""add_to_cart"", ""remove_from_cart"", ""view_item"", ""add_to_cart"", ""rage_click"", ""add_to_cart"", ""search"", ""begin_checkout"", ""view_item"", ""remove_from_cart"", ""wishlist_add"", ""check_policy"", ""check_policy"", ""wishlist_add""]",US,mobile,enterprise,0,1,0,40.65396617834916,74,1
user_690,"[""begin_checkout"", ""page_view"", ""contact_support"", ""contact_support"", ""contact_support"", ""search"", ""page_view""]",DE,desktop,free,1,1,1,181.95703118375977,39,0
user_691,"[""contact_support"", ""rage_click"", ""page_view"", ""page_view"", ""remove_from_cart"", ""remove_from_cart"", ""view_item"", ""rage_click"", ""rage_click""]",FR,mobile,premium,1,0,1,685.3938516778694,33,0
user_692,"[""view_item"", ""rage_click"", ""purchase"", ""view_returns"", ""contact_support"", ""remove_from_cart"", ""view_item"", ""view_item"", ""rage_click"", ""page_view"", ""wishlist_add"", ""check_policy"", ""search"", ""add_to_cart"", ""add_to_cart"", ""view_item"", ""contact_support""]",US,mobile,free,1,1,2,202.3456915696592,73,0
user_693,"[""contact_support"", ""view_item"", ""contact_support"", ""remove_from_cart"", ""contact_support"", ""rage_click"", ""rage_click"", ""purchase"", ""remove_from_cart"", ""check_policy""]",DE,desktop,premium,1,1,4,181.0344333853099,22,0
user_694,"[""page_view"", ""wishlist_add"", ""remove_from_cart"", ""begin_checkout"", ""view_returns"", ""wishlist_add"", ""view_item"", ""wishlist_add"", ""begin_checkout"", ""purchase"", ""begin_checkout"", ""rage_click"", ""contact_support"", ""page_view"", ""add_to_cart"", ""view_item"", ""wishlist_add"", ""add_to_cart""]",CN,mobile,premium,1,1,1,464.7419697325083,35,0
user_695,"[""rage_click"", ""rage_click"", ""contact_support"", ""view_item"", ""add_to_cart"", ""remove_from_cart"", ""rage_click"", ""add_to_cart"", ""check_policy"", ""wishlist_add"", ""add_to_cart"", ""check_policy"", ""check_policy"", ""rage_click""]",UK,mobile,enterprise,0,0,2,93.52279698800076,29,1
user_696,"[""purchase"", ""rage_click"", ""wishlist_add"", ""wishlist_add"", ""view_item"", ""view_item""]",JP,tablet,free,0,1,0,29.9688912486268,70,0
user_697,"[""begin_checkout"", ""contact_support"", ""contact_support"", ""wishlist_add"", ""contact_support"", ""view_returns"", ""search"", ""rage_click"", ""view_item"", ""begin_checkout"", ""check_policy"", ""purchase"", ""purchase"", ""check_policy"", ""add_to_cart"", ""add_to_cart"", ""contact_support""]",FR,desktop,enterprise,0,0,0,70.5544478658421,15,0
user_698,"[""view_returns"", ""begin_checkout"", ""purchase"", ""search"", ""wishlist_add"", ""contact_support"", ""page_view"", ""contact_support"", ""wishlist_add"", ""page_view"", ""remove_from_cart"", ""view_item"", ""search""]",FR,tablet,enterprise,1,1,3,470.0584425616361,52,0
user_699,"[""view_item"", ""contact_support"", ""view_item"", ""begin_checkout"", ""remove_from_cart"", ""view_returns"", ""remove_from_cart"", ""wishlist_add"", ""purchase"", ""begin_checkout"", ""search""]",DE,mobile,enterprise,1,1,1,339.0754025012904,58,0
user_700,"[""view_item"", ""search"", ""wishlist_add"", ""view_returns"", ""view_item"", ""rage_click"", ""rage_click"", ""add_to_cart"", ""remove_from_cart"", ""view_returns"", ""rage_click"", ""add_to_cart"", ""begin_checkout"", ""search"", ""view_returns"", ""add_to_cart"", ""check_policy"", ""search""]",JP,mobile,enterprise,0,0,1,28.799074809935785,18,1
user_701,"[""contact_support"", ""search"", ""add_to_cart"", ""view_item"", ""contact_support"", ""check_policy"", ""wishlist_add"", ""rage_click"", ""page_view"", ""add_to_cart"", ""begin_checkout"", ""add_to_cart""]",IN,tablet,enterprise,2,0,5,329.9677766258859,46,1
user_702,"[""check_policy"", ""check_policy"", ""contact_support"", ""wishlist_add"", ""view_returns""]",CN,tablet,premium,1,1,2,804.5020261384285,25,0
user_703,"[""contact_support"", ""wishlist_add"", ""begin_checkout"", ""begin_checkout"", ""page_view"", ""contact_support"", ""begin_checkout"", ""purchase"", ""wishlist_add""]",US,tablet,free,1,2,2,13.799031936895254,13,0
user_704,"[""search"", ""check_policy"", ""page_view"", ""search"", ""view_item""]",UK,mobile,free,1,0,0,287.4606333033343,41,1
user_705,"[""begin_checkout"", ""contact_support"", ""check_policy"", ""page_view"", ""contact_support"", ""page_view""]",US,desktop,enterprise,1,0,0,143.0067719614068,93,0
user_706,"[""purchase"", ""view_item"", ""page_view"", ""purchase"", ""view_item""]",DE,mobile,free,0,0,2,208.56366879996705,26,0
user_707,"[""contact_support"", ""view_returns"", ""view_item"", ""search"", ""rage_click"", ""view_returns"", ""wishlist_add"", ""contact_support"", ""page_view"", ""check_policy""]",IN,tablet,premium,1,0,0,225.34656377695993,50,1
user_708,"[""contact_support"", ""purchase"", ""purchase"", ""purchase"", ""purchase"", ""contact_support"", ""check_policy"", ""wishlist_add"", ""add_to_cart"", ""purchase"", ""add_to_cart"", ""check_policy"", ""check_policy"", ""view_returns"", ""view_item"", ""rage_click"", ""begin_checkout"", ""rage_click""]",IN,desktop,enterprise,0,1,1,442.27037840260056,98,0
user_709,"[""begin_checkout"", ""check_policy"", ""search"", ""rage_click"", ""remove_from_cart"", ""view_item"", ""rage_click"", ""view_item"", ""add_to_cart"", ""contact_support"", ""view_item"", ""add_to_cart"", ""purchase"", ""add_to_cart""]",FR,tablet,premium,1,1,2,244.26413120244692,54,0
user_710,"[""contact_support"", ""view_returns"", ""search"", ""purchase"", ""check_policy"", ""page_view"", ""add_to_cart"", ""add_to_cart"", ""view_item"", ""check_policy"", ""rage_click"", ""remove_from_cart"", ""wishlist_add"", ""begin_checkout"", ""add_to_cart"", ""search"", ""rage_click"", ""remove_from_cart"", ""begin_checkout""]",CN,mobile,premium,0,0,3,269.745751256428,25,0
user_711,"[""search"", ""wishlist_add"", ""view_item"", ""wishlist_add"", ""rage_click""]",FR,desktop,enterprise,0,0,3,121.44992206254341,29,1
user_712,"[""begin_checkout"", ""view_returns"", ""add_to_cart"", ""purchase"", ""remove_from_cart"", ""search""]",US,desktop,premium,1,1,4,40.383695081297866,51,0
user_713,"[""contact_support"", ""add_to_cart"", ""purchase"", ""wishlist_add"", ""contact_support"", ""rage_click"", ""search"", ""contact_support"", ""page_view"", ""add_to_cart"", ""view_item""]",CN,mobile,enterprise,1,1,1,344.4028461973416,19,0
user_714,"[""check_policy"", ""view_item"", ""purchase"", ""add_to_cart"", ""view_returns"", ""contact_support"", ""add_to_cart"", ""contact_support"", ""rage_click"", ""page_view"", ""begin_checkout"", ""add_to_cart""]",BR,tablet,premium,0,2,3,0.14467702366349866,61,1
user_715,"[""contact_support"", ""view_item"", ""rage_click"", ""purchase"", ""check_policy"", ""begin_checkout"", ""rage_click"", ""page_view"", ""begin_checkout"", ""search""]",UK,tablet,free,0,0,0,119.56941745306186,69,1
user_716,"[""search"", ""purchase"", ""check_policy"", ""wishlist_add"", ""remove_from_cart"", ""wishlist_add"", ""page_view"", ""search"", ""view_returns"", ""contact_support"", ""remove_from_cart"", ""add_to_cart"", ""wishlist_add"", ""check_policy""]",DE,tablet,free,1,0,0,73.78702431621207,57,0
user_717,"[""view_item"", ""view_returns"", ""purchase"", ""check_policy"", ""begin_checkout"", ""rage_click"", ""begin_checkout"", ""search"", ""begin_checkout"", ""add_to_cart"", ""search"", ""page_view"", ""view_item"", ""view_returns"", ""page_view"", ""check_policy""]",UK,mobile,free,0,1,1,147.56850353613223,32,0
user_718,"[""begin_checkout"", ""add_to_cart"", ""wishlist_add"", ""wishlist_add"", ""search"", ""check_policy"", ""rage_click"", ""view_item"", ""view_returns"", ""rage_click"", ""search"", ""add_to_cart"", ""view_item"", ""check_policy"", ""begin_checkout"", ""begin_checkout"", ""contact_support"", ""begin_checkout""]",IN,tablet,enterprise,1,0,4,111.87092773588152,42,0
user_719,"[""begin_checkout"", ""remove_from_cart"", ""purchase"", ""remove_from_cart"", ""view_item"", ""rage_click"", ""view_item"", ""rage_click""]",DE,desktop,premium,0,1,1,365.43884137570643,86,0
user_720,"[""purchase"", ""rage_click"", ""rage_click"", ""add_to_cart"", ""page_view"", ""page_view"", ""add_to_cart"", ""begin_checkout"", ""add_to_cart"", ""wishlist_add"", ""rage_click"", ""rage_click"", ""add_to_cart"", ""add_to_cart""]",IN,tablet,premium,0,0,1,90.415073488752,34,0
user_721,"[""begin_checkout"", ""view_item"", ""purchase"", ""check_policy"", ""rage_click"", ""purchase"", ""add_to_cart"", ""wishlist_add"", ""begin_checkout"", ""remove_from_cart"", ""begin_checkout"", ""view_returns"", ""view_returns"", ""purchase"", ""page_view"", ""view_returns""]",UK,tablet,free,0,0,6,246.80620160471142,59,1
user_722,"[""view_item"", ""remove_from_cart"", ""wishlist_add"", ""view_item"", ""remove_from_cart"", ""wishlist_add"", ""contact_support"", ""check_policy"", ""rage_click"", ""view_returns"", ""wishlist_add"", ""rage_click""]",BR,desktop,free,1,0,0,182.5152352724064,97,0
user_723,"[""view_item"", ""check_policy"", ""view_item"", ""wishlist_add"", ""search"", ""view_item"", ""remove_from_cart"", ""page_view"", ""begin_checkout"", ""purchase"", ""rage_click"", ""contact_support""]",US,desktop,enterprise,1,2,0,484.42184026597613,79,0
user_724,"[""view_item"", ""page_view"", ""view_item"", ""check_policy"", ""remove_from_cart"", ""contact_support"", ""begin_checkout"", ""wishlist_add"", ""check_policy"", ""add_to_cart"", ""contact_support"", ""view_item""]",JP,tablet,enterprise,1,1,2,167.63339782279022,88,0
user_725,"[""check_policy"", ""begin_checkout"", ""page_view"", ""page_view"", ""rage_click"", ""begin_checkout"", ""page_view"", ""check_policy"", ""rage_click"", ""search"", ""page_view"", ""contact_support"", ""remove_from_cart"", ""add_to_cart"", ""begin_checkout"", ""check_policy"", ""view_returns""]",CN,desktop,premium,0,0,2,598.2568849348602,64,0
user_726,"[""view_item"", ""check_policy"", ""page_view"", ""check_policy"", ""view_returns"", ""view_item"", ""rage_click"", ""page_view"", ""purchase"", ""page_view"", ""add_to_cart"", ""search"", ""purchase"", ""add_to_cart"", ""view_returns"", ""begin_checkout"", ""view_item""]",DE,mobile,enterprise,1,0,2,0.04373346971497571,77,1
user_727,"[""rage_click"", ""remove_from_cart"", ""contact_support"", ""contact_support"", ""view_returns"", ""begin_checkout"", ""search"", ""search""]",US,desktop,enterprise,2,2,0,278.5365927771211,87,1
user_728,"[""page_view"", ""check_policy"", ""add_to_cart"", ""contact_support"", ""view_returns"", ""wishlist_add"", ""add_to_cart"", ""page_view"", ""begin_checkout"", ""view_item"", ""search"", ""remove_from_cart"", ""page_view"", ""rage_click""]",FR,mobile,enterprise,0,0,0,2.9566196486582568,13,0
user_729,"[""view_returns"", ""search"", ""remove_from_cart"", ""rage_click"", ""view_item"", ""rage_click"", ""wishlist_add"", ""begin_checkout"", ""purchase"", ""add_to_cart""]",FR,desktop,free,0,0,0,375.4601567598076,37,0
user_730,"[""purchase"", ""check_policy"", ""page_view"", ""check_policy"", ""page_view"", ""begin_checkout"", ""purchase"", ""view_item""]",UK,mobile,free,1,1,1,80.3334044343461,38,0
user_731,"[""contact_support"", ""rage_click"", ""contact_support"", ""purchase"", ""check_policy"", ""contact_support"", ""view_returns"", ""search"", ""contact_support"", ""page_view"", ""view_returns"", ""remove_from_cart"", ""contact_support"", ""view_returns"", ""purchase"", ""search"", ""rage_click"", ""search"", ""remove_from_cart""]",IN,mobile,premium,0,0,1,143.40166869737808,91,0
user_732,"[""view_item"", ""begin_checkout"", ""contact_support"", ""rage_click"", ""wishlist_add"", ""add_to_cart""]",FR,tablet,enterprise,0,0,0,143.62251546811743,93,0
user_733,"[""remove_from_cart"", ""purchase"", ""contact_support"", ""purchase"", ""add_to_cart"", ""begin_checkout"", ""wishlist_add"", ""add_to_cart"", ""search"", ""search"", ""page_view"", ""check_policy""]",IN,desktop,free,3,0,3,562.0648265353797,57,0
user_734,"[""check_policy"", ""add_to_cart"", ""wishlist_add"", ""search"", ""begin_checkout"", ""begin_checkout"", ""view_item"", ""search""]",JP,desktop,enterprise,1,0,0,32.306553967095326,81,0
user_735,"[""wishlist_add"", ""view_item"", ""remove_from_cart"", ""remove_from_cart"", ""remove_from_cart"", ""purchase"", ""view_item"", ""purchase"", ""check_policy"", ""search"", ""contact_support"", ""add_to_cart"", ""search"", ""wishlist_add""]",DE,desktop,premium,0,0,1,329.7910162418017,22,0
user_736,"[""view_item"", ""search"", ""view_returns"", ""search"", ""begin_checkout"", ""view_item"", ""check_policy"", ""view_item"", ""purchase"", ""contact_support"", ""add_to_cart"", ""rage_click""]",UK,mobile,enterprise,0,0,0,1193.0777449806446,52,0
user_737,"[""search"", ""wishlist_add"", ""wishlist_add"", ""add_to_cart"", ""begin_checkout"", ""check_policy"", ""view_returns""]",DE,tablet,premium,0,1,2,6.791628915026714,18,0
user_738,"[""search"", ""check_policy"", ""rage_click"", ""begin_checkout"", ""contact_support"", ""search"", ""add_to_cart"", ""purchase"", ""begin_checkout"", ""wishlist_add"", ""remove_from_cart"", ""wishlist_add"", ""view_item"", ""check_policy"", ""begin_checkout"", ""remove_from_cart""]",DE,desktop,premium,0,0,1,1013.4863354625735,49,0
user_739,"[""view_returns"", ""rage_click"", ""rage_click"", ""add_to_cart"", ""add_to_cart"", ""begin_checkout"", ""begin_checkout"", ""contact_support"", ""view_item"", ""page_view"", ""view_returns"", ""add_to_cart"", ""page_view"", ""page_view"", ""search"", ""view_item""]",BR,tablet,free,1,0,2,5.572860955254908,55,1
user_740,"[""purchase"", ""add_to_cart"", ""wishlist_add"", ""remove_from_cart"", ""wishlist_add"", ""view_item"", ""view_item"", ""check_policy"", ""page_view"", ""check_policy""]",US,tablet,enterprise,1,0,2,551.937452741524,67,0
user_741,"[""wishlist_add"", ""wishlist_add"", ""page_view"", ""purchase"", ""add_to_cart"", ""view_returns"", ""purchase"", ""search"", ""view_item"", ""view_returns"", ""begin_checkout"", ""view_returns"", ""view_returns"", ""purchase"", ""view_item"", ""view_returns"", ""search"", ""purchase""]",FR,mobile,free,0,0,3,975.1441574261613,65,1
user_742,"[""view_returns"", ""page_view"", ""view_item"", ""wishlist_add"", ""wishlist_add"", ""rage_click"", ""search"", ""wishlist_add"", ""view_returns"", ""wishlist_add""]",CN,desktop,enterprise,0,0,1,1489.7293661925241,21,0
user_743,"[""check_policy"", ""begin_checkout"", ""view_item"", ""search"", ""purchase"", ""contact_support"", ""add_to_cart"", ""remove_from_cart"", ""contact_support"", ""wishlist_add"", ""search""]",DE,tablet,enterprise,0,0,2,184.36809463240425,34,0
user_744,"[""view_item"", ""wishlist_add"", ""view_returns"", ""view_returns"", ""contact_support"", ""purchase""]",IN,desktop,premium,0,1,2,605.1260099736371,98,0
user_745,"[""begin_checkout"", ""view_returns"", ""remove_from_cart"", ""search"", ""remove_from_cart"", ""begin_checkout"", ""page_view"", ""page_view"", ""view_item"", ""view_returns"", ""check_policy"", ""contact_support"", ""rage_click"", ""begin_checkout"", ""view_item"", ""check_policy"", ""view_returns""]",JP,desktop,premium,1,1,3,39.14864502362723,25,0
user_746,"[""check_policy"", ""check_policy"", ""wishlist_add"", ""begin_checkout"", ""view_item"", ""purchase"", ""remove_from_cart"", ""contact_support"", ""view_item"", ""wishlist_add"", ""rage_click"", ""check_policy"", ""purchase"", ""wishlist_add"", ""begin_checkout"", ""add_to_cart""]",BR,desktop,enterprise,1,0,3,166.21616299649966,60,1
user_747,"[""contact_support"", ""contact_support"", ""remove_from_cart"", ""add_to_cart"", ""wishlist_add"", ""search"", ""view_returns"", ""add_to_cart"", ""check_policy"", ""check_policy"", ""check_policy"", ""check_policy"", ""view_item"", ""contact_support"", ""add_to_cart"", ""contact_support""]",IN,tablet,free,1,0,2,110.439948729918,89,0
user_748,"[""add_to_cart"", ""view_item"", ""rage_click"", ""contact_support"", ""rage_click"", ""remove_from_cart"", ""wishlist_add"", ""rage_click"", ""add_to_cart"", ""check_policy"", ""check_policy"", ""search"", ""view_returns""]",JP,mobile,premium,1,0,2,150.84585282357577,96,0
user_749,"[""remove_from_cart"", ""add_to_cart"", ""add_to_cart"", ""wishlist_add"", ""begin_checkout"", ""search"", ""page_view"", ""contact_support"", ""add_to_cart"", ""purchase"", ""add_to_cart"", ""begin_checkout"", ""rage_click"", ""view_item""]",IN,mobile,premium,2,1,0,363.1792621183821,81,0
user_750,"[""view_item"", ""wishlist_add"", ""purchase"", ""purchase"", ""search"", ""search"", ""view_returns"", ""wishlist_add"", ""search"", ""view_item"", ""rage_click"", ""view_item"", ""page_view"", ""contact_support"", ""view_item""]",CN,tablet,enterprise,0,0,0,27.46364855328583,62,0
user_751,"[""check_policy"", ""view_returns"", ""begin_checkout"", ""purchase"", ""wishlist_add"", ""page_view"", ""purchase"", ""wishlist_add"", ""view_returns"", ""add_to_cart"", ""search"", ""page_view"", ""search"", ""remove_from_cart"", ""page_view"", ""view_returns""]",FR,desktop,enterprise,0,0,3,1890.0433138551607,61,0
user_752,"[""page_view"", ""view_returns"", ""rage_click"", ""contact_support"", ""view_item"", ""rage_click"", ""view_returns"", ""check_policy"", ""add_to_cart""]",FR,desktop,premium,0,1,0,302.41258190719816,76,0
user_753,"[""check_policy"", ""begin_checkout"", ""purchase"", ""remove_from_cart"", ""view_item"", ""rage_click""]",UK,mobile,free,0,0,1,620.295601429797,33,0
user_754,"[""wishlist_add"", ""check_policy"", ""view_returns"", ""view_item"", ""purchase"", ""search"", ""view_returns""]",UK,tablet,premium,0,0,6,531.0502952328985,95,1
user_755,"[""search"", ""add_to_cart"", ""page_view"", ""purchase"", ""view_returns"", ""purchase"", ""begin_checkout"", ""search"", ""wishlist_add"", ""view_returns"", ""view_item""]",IN,tablet,enterprise,1,1,3,435.7271004356571,23,0
user_756,"[""wishlist_add"", ""page_view"", ""page_view"", ""remove_from_cart"", ""purchase"", ""rage_click"", ""page_view"", ""wishlist_add"", ""page_view"", ""begin_checkout"", ""contact_support"", ""begin_checkout"", ""begin_checkout"", ""contact_support"", ""purchase"", ""view_returns"", ""add_to_cart"", ""rage_click"", ""page_view""]",UK,mobile,premium,0,0,3,12.004049908364403,31,0
user_757,"[""rage_click"", ""view_returns"", ""contact_support"", ""rage_click"", ""page_view"", ""rage_click"", ""add_to_cart"", ""search""]",FR,tablet,enterprise,0,0,1,217.9907617423127,40,0
user_758,"[""contact_support"", ""rage_click"", ""page_view"", ""page_view"", ""rage_click"", ""search"", ""purchase"", ""remove_from_cart"", ""check_policy"", ""begin_checkout"", ""contact_support"", ""check_policy"", ""view_returns"", ""view_returns"", ""page_view"", ""view_returns""]",DE,tablet,premium,0,0,2,119.31532823300853,94,1
user_759,"[""remove_from_cart"", ""wishlist_add"", ""view_returns"", ""add_to_cart"", ""remove_from_cart"", ""purchase"", ""search"", ""check_policy"", ""remove_from_cart"", ""remove_from_cart""]",IN,mobile,enterprise,0,1,2,35.95249753997698,67,1
user_760,"[""purchase"", ""search"", ""view_returns"", ""page_view"", ""contact_support"", ""search"", ""check_policy"", ""wishlist_add"", ""check_policy"", ""search"", ""check_policy""]",US,mobile,enterprise,0,0,1,126.01690622820614,78,0
user_761,"[""contact_support"", ""contact_support"", ""view_returns"", ""rage_click"", ""rage_click"", ""view_item"", ""check_policy"", ""check_policy"", ""remove_from_cart"", ""rage_click"", ""view_returns""]",CN,tablet,free,0,1,0,310.52484566427745,28,0
user_762,"[""page_view"", ""view_item"", ""view_item"", ""wishlist_add"", ""wishlist_add"", ""search"", ""view_returns"", ""page_view"", ""remove_from_cart"", ""contact_support"", ""wishlist_add"", ""begin_checkout"", ""rage_click"", ""check_policy"", ""view_returns"", ""search""]",BR,tablet,enterprise,1,0,0,78.65359167173077,62,0
user_763,"[""check_policy"", ""begin_checkout"", ""begin_checkout"", ""contact_support"", ""search"", ""purchase"", ""begin_checkout"", ""wishlist_add"", ""search"", ""rage_click"", ""add_to_cart"", ""add_to_cart"", ""check_policy""]",CN,mobile,premium,2,0,4,176.41754233187038,94,0
user_764,"[""purchase"", ""add_to_cart"", ""check_policy"", ""begin_checkout"", ""check_policy"", ""view_item"", ""purchase"", ""view_returns"", ""page_view"", ""remove_from_cart"", ""search""]",CN,mobile,enterprise,1,1,2,155.50326713486186,11,0
user_765,"[""page_view"", ""contact_support"", ""wishlist_add"", ""search"", ""view_returns""]",UK,desktop,premium,0,0,2,16.166776020945704,62,0
user_766,"[""wishlist_add"", ""contact_support"", ""page_view"", ""search"", ""view_item"", ""remove_from_cart"", ""page_view"", ""add_to_cart"", ""view_returns"", ""view_returns"", ""view_returns""]",US,tablet,free,0,1,0,296.7249907504858,76,1
user_767,"[""purchase"", ""begin_checkout"", ""rage_click"", ""remove_from_cart"", ""contact_support"", ""wishlist_add"", ""wishlist_add"", ""wishlist_add"", ""check_policy"", ""page_view""]",JP,tablet,premium,0,1,2,289.3662459944403,56,0
user_768,"[""rage_click"", ""check_policy"", ""contact_support"", ""wishlist_add"", ""rage_click"", ""check_policy"", ""view_item"", ""purchase"", ""contact_support"", ""wishlist_add"", ""search"", ""remove_from_cart"", ""add_to_cart"", ""view_item"", ""purchase"", ""view_returns"", ""purchase"", ""rage_click"", ""begin_checkout""]",FR,mobile,free,1,0,2,1018.098302701136,62,0
user_769,"[""view_returns"", ""rage_click"", ""contact_support"", ""remove_from_cart"", ""purchase"", ""search""]",JP,mobile,free,0,1,1,106.14879182487206,66,0
user_770,"[""view_returns"", ""rage_click"", ""wishlist_add"", ""begin_checkout"", ""wishlist_add"", ""purchase"", ""search"", ""remove_from_cart"", ""begin_checkout"", ""check_policy"", ""rage_click"", ""contact_support"", ""search"", ""purchase""]",UK,desktop,enterprise,0,1,3,162.8760712891995,34,1
user_771,"[""purchase"", ""view_returns"", ""search"", ""remove_from_cart"", ""add_to_cart"", ""check_policy"", ""begin_checkout"", ""view_item"", ""view_item"", ""search"", ""purchase"", ""view_returns"", ""page_view"", ""search"", ""purchase"", ""wishlist_add"", ""view_item"", ""view_item""]",DE,desktop,free,0,0,0,155.07203414744464,44,0
user_772,"[""contact_support"", ""page_view"", ""purchase"", ""check_policy"", ""view_returns"", ""check_policy"", ""purchase"", ""rage_click"", ""add_to_cart"", ""search"", ""purchase""]",BR,mobile,premium,1,0,1,756.7597559047997,38,0
user_773,"[""view_item"", ""page_view"", ""wishlist_add"", ""wishlist_add"", ""page_view"", ""search"", ""contact_support"", ""add_to_cart""]",BR,tablet,free,0,0,0,157.60381877325224,85,0
user_774,"[""view_item"", ""wishlist_add"", ""search"", ""search"", ""search"", ""page_view"", ""remove_from_cart"", ""check_policy""]",UK,desktop,free,0,0,4,175.43000675803307,96,0
user_775,"[""search"", ""purchase"", ""purchase"", ""search"", ""rage_click"", ""view_item"", ""remove_from_cart"", ""begin_checkout"", ""page_view"", ""view_returns"", ""view_returns"", ""purchase"", ""wishlist_add"", ""begin_checkout""]",US,mobile,enterprise,0,0,1,87.24390429838883,26,0
user_776,"[""add_to_cart"", ""add_to_cart"", ""view_item"", ""begin_checkout"", ""add_to_cart"", ""add_to_cart"", ""purchase"", ""view_returns"", ""view_item"", ""remove_from_cart"", ""search"", ""check_policy""]",BR,mobile,premium,0,1,1,0.3506487716656,89,0
user_777,"[""page_view"", ""wishlist_add"", ""contact_support"", ""check_policy"", ""check_policy""]",UK,mobile,free,0,0,1,35.11209505127727,58,0
user_778,"[""page_view"", ""remove_from_cart"", ""begin_checkout"", ""begin_checkout"", ""remove_from_cart""]",CN,tablet,enterprise,0,1,1,365.1064219020331,65,0
user_779,"[""check_policy"", ""rage_click"", ""check_policy"", ""contact_support"", ""page_view"", ""check_policy"", ""page_view"", ""check_policy"", ""contact_support"", ""view_returns"", ""search"", ""rage_click""]",DE,mobile,enterprise,1,1,2,344.1790744841613,82,0
user_780,"[""add_to_cart"", ""remove_from_cart"", ""remove_from_cart"", ""wishlist_add"", ""rage_click"", ""check_policy"", ""add_to_cart"", ""contact_support"", ""begin_checkout"", ""check_policy"", ""view_returns"", ""page_view"", ""wishlist_add"", ""view_item"", ""check_policy"", ""search""]",DE,mobile,premium,3,0,1,116.81725596503333,12,0
user_781,"[""view_item"", ""check_policy"", ""rage_click"", ""search"", ""view_item"", ""check_policy"", ""remove_from_cart"", ""search"", ""view_item"", ""check_policy"", ""begin_checkout"", ""page_view"", ""begin_checkout"", ""wishlist_add"", ""wishlist_add"", ""add_to_cart"", ""check_policy"", ""purchase"", ""view_returns""]",FR,tablet,enterprise,2,0,2,192.1699643601871,31,0
user_782,"[""begin_checkout"", ""view_item"", ""rage_click"", ""search"", ""view_returns"", ""purchase"", ""contact_support"", ""check_policy"", ""rage_click"", ""check_policy"", ""add_to_cart"", ""purchase"", ""search"", ""search"", ""check_policy"", ""view_item"", ""add_to_cart""]",FR,mobile,free,0,1,2,105.88103617404578,23,0
user_783,"[""contact_support"", ""purchase"", ""page_view"", ""rage_click"", ""begin_checkout"", ""wishlist_add"", ""check_policy"", ""rage_click""]",CN,mobile,enterprise,0,0,1,393.8199373412915,12,1
user_784,"[""page_view"", ""page_view"", ""add_to_cart"", ""purchase"", ""view_item"", ""contact_support"", ""wishlist_add"", ""search"", ""page_view"", ""page_view"", ""begin_checkout"", ""remove_from_cart"", ""page_view""]",IN,desktop,premium,1,0,1,554.4977083249267,47,1
user_785,"[""add_to_cart"", ""view_item"", ""rage_click"", ""search"", ""page_view"", ""check_policy"", ""remove_from_cart"", ""begin_checkout""]",IN,mobile,premium,0,1,0,688.1033422388784,96,1
user_786,"[""begin_checkout"", ""page_view"", ""purchase"", ""rage_click"", ""view_item"", ""check_policy"", ""purchase"", ""begin_checkout"", ""remove_from_cart"", ""remove_from_cart"", ""purchase"", ""remove_from_cart"", ""begin_checkout"", ""purchase""]",DE,tablet,enterprise,0,0,2,57.30141971698789,30,0
user_787,"[""check_policy"", ""rage_click"", ""contact_support"", ""check_policy"", ""check_policy"", ""remove_from_cart"", ""page_view"", ""view_returns"", ""remove_from_cart""]",IN,desktop,free,1,1,0,356.2495185426408,60,0
user_788,"[""begin_checkout"", ""view_returns"", ""remove_from_cart"", ""wishlist_add"", ""view_returns""]",CN,mobile,enterprise,1,0,1,989.0891349789138,33,0
user_789,"[""add_to_cart"", ""rage_click"", ""add_to_cart"", ""page_view"", ""view_item"", ""purchase"", ""wishlist_add"", ""contact_support"", ""view_item"", ""purchase"", ""page_view"", ""search""]",DE,tablet,premium,0,0,1,315.471413892954,54,0
user_790,"[""page_view"", ""begin_checkout"", ""contact_support"", ""search"", ""rage_click"", ""view_returns"", ""add_to_cart"", ""add_to_cart"", ""page_view"", ""add_to_cart"", ""wishlist_add"", ""wishlist_add"", ""wishlist_add"", ""search"", ""page_view"", ""view_returns"", ""page_view""]",IN,mobile,enterprise,0,0,1,129.68481681106883,78,0
user_791,"[""rage_click"", ""check_policy"", ""remove_from_cart"", ""search"", ""rage_click"", ""rage_click"", ""view_item"", ""contact_support"", ""contact_support""]",IN,desktop,enterprise,1,0,4,303.13622264954296,53,0
user_792,"[""wishlist_add"", ""purchase"", ""remove_from_cart"", ""view_returns"", ""wishlist_add"", ""search"", ""check_policy"", ""check_policy"", ""search"", ""contact_support"", ""rage_click"", ""begin_checkout"", ""purchase"", ""page_view"", ""purchase""]",IN,tablet,free,0,0,0,349.8355730098693,56,0
user_793,"[""purchase"", ""rage_click"", ""view_returns"", ""rage_click"", ""contact_support"", ""view_returns""]",US,desktop,enterprise,0,0,1,151.77495786833288,66,0
user_794,"[""view_returns"", ""purchase"", ""purchase"", ""purchase"", ""add_to_cart"", ""contact_support"", ""page_view""]",IN,tablet,free,0,0,3,32.941429866969905,28,1
user_795,"[""remove_from_cart"", ""contact_support"", ""wishlist_add"", ""purchase"", ""search"", ""wishlist_add"", ""contact_support"", ""view_item"", ""check_policy"", ""check_policy"", ""search"", ""remove_from_cart"", ""remove_from_cart"", ""page_view"", ""view_item"", ""rage_click""]",IN,tablet,enterprise,1,0,4,279.9241693123208,43,0
user_796,"[""view_returns"", ""view_returns"", ""rage_click"", ""check_policy"", ""rage_click"", ""contact_support"", ""wishlist_add"", ""view_item"", ""purchase"", ""add_to_cart"", ""search"", ""purchase"", ""add_to_cart"", ""view_returns""]",UK,mobile,enterprise,0,0,0,486.0598844909208,12,0
user_797,"[""search"", ""remove_from_cart"", ""wishlist_add"", ""contact_support"", ""purchase"", ""rage_click"", ""view_item"", ""view_item"", ""check_policy"", ""view_item"", ""view_item"", ""remove_from_cart"", ""rage_click"", ""view_returns"", ""view_item"", ""view_returns"", ""remove_from_cart"", ""view_item"", ""search""]",FR,tablet,free,0,1,0,1806.760740006858,48,0
user_798,"[""check_policy"", ""purchase"", ""contact_support"", ""begin_checkout"", ""search"", ""page_view"", ""view_item"", ""view_returns"", ""page_view"", ""add_to_cart"", ""view_item"", ""begin_checkout"", ""remove_from_cart"", ""check_policy""]",US,tablet,free,0,0,0,75.71699176996923,84,1
user_799,"[""view_returns"", ""remove_from_cart"", ""wishlist_add"", ""purchase"", ""remove_from_cart"", ""view_item"", ""page_view"", ""page_view"", ""view_returns""]",BR,mobile,premium,1,0,4,361.58106786588894,69,1
user_800,"[""remove_from_cart"", ""begin_checkout"", ""search"", ""view_returns"", ""wishlist_add"", ""check_policy"", ""view_returns"", ""view_returns"", ""purchase"", ""contact_support"", ""view_item"", ""purchase"", ""page_view"", ""page_view"", ""search"", ""add_to_cart"", ""add_to_cart"", ""search""]",IN,tablet,free,0,0,1,8.533176037407378,19,0
user_801,"[""begin_checkout"", ""page_view"", ""contact_support"", ""purchase"", ""check_policy"", ""contact_support"", ""wishlist_add"", ""search"", ""add_to_cart"", ""remove_from_cart"", ""contact_support"", ""search"", ""contact_support"", ""wishlist_add"", ""contact_support"", ""contact_support"", ""contact_support""]",IN,tablet,enterprise,0,0,1,1050.2252348665822,49,0
user_802,"[""page_view"", ""view_returns"", ""contact_support"", ""contact_support"", ""view_item"", ""page_view"", ""view_returns""]",UK,tablet,premium,1,0,1,3.7932185491715837,11,1
user_803,"[""check_policy"", ""remove_from_cart"", ""search"", ""rage_click"", ""purchase"", ""view_item"", ""page_view"", ""page_view"", ""rage_click"", ""remove_from_cart"", ""begin_checkout""]",IN,tablet,free,0,0,2,133.32180017138904,54,0
user_804,"[""remove_from_cart"", ""wishlist_add"", ""view_returns"", ""remove_from_cart"", ""rage_click"", ""rage_click"", ""purchase""]",IN,mobile,free,1,2,1,23.843761158766057,36,1
user_805,"[""wishlist_add"", ""contact_support"", ""search"", ""check_policy"", ""rage_click"", ""purchase""]",IN,mobile,premium,0,1,2,291.04036303705794,62,0
user_806,"[""check_policy"", ""begin_checkout"", ""page_view"", ""add_to_cart"", ""begin_checkout"", ""check_policy"", ""add_to_cart""]",FR,desktop,enterprise,0,0,1,124.42735367082727,18,0
user_807,"[""begin_checkout"", ""page_view"", ""contact_support"", ""purchase"", ""view_returns"", ""page_view"", ""view_item"", ""remove_from_cart"", ""wishlist_add"", ""view_item""]",BR,tablet,enterprise,0,0,1,396.0889942832258,10,1
user_808,"[""rage_click"", ""contact_support"", ""view_returns"", ""view_returns"", ""remove_from_cart"", ""begin_checkout"", ""remove_from_cart"", ""rage_click"", ""view_item"", ""search"", ""view_returns"", ""view_item"", ""page_view"", ""contact_support"", ""add_to_cart""]",CN,mobile,premium,2,0,0,199.880346729796,42,0
user_809,"[""wishlist_add"", ""add_to_cart"", ""rage_click"", ""check_policy"", ""contact_support"", ""page_view"", ""contact_support"", ""begin_checkout"", ""rage_click"", ""wishlist_add"", ""add_to_cart"", ""rage_click"", ""begin_checkout""]",BR,tablet,enterprise,1,0,0,163.10973347515514,47,0
user_810,"[""contact_support"", ""purchase"", ""rage_click"", ""check_policy"", ""check_policy"", ""view_returns"", ""check_policy"", ""wishlist_add"", ""rage_click"", ""search"", ""rage_click"", ""purchase"", ""check_policy""]",US,mobile,free,1,1,0,128.55089319175553,66,0
user_811,"[""rage_click"", ""wishlist_add"", ""page_view"", ""page_view"", ""add_to_cart"", ""wishlist_add""]",IN,desktop,enterprise,1,0,1,27.01981142989222,42,1
user_812,"[""begin_checkout"", ""view_item"", ""rage_click"", ""contact_support"", ""remove_from_cart"", ""remove_from_cart"", ""begin_checkout"", ""view_returns"", ""contact_support"", ""remove_from_cart""]",JP,tablet,free,0,0,3,68.75786324922102,57,0
user_813,"[""wishlist_add"", ""remove_from_cart"", ""purchase"", ""wishlist_add"", ""add_to_cart"", ""view_returns"", ""purchase"", ""contact_support"", ""begin_checkout""]",BR,desktop,enterprise,1,0,2,305.7483924919377,12,0
user_814,"[""view_item"", ""contact_support"", ""contact_support"", ""check_policy"", ""view_item"", ""page_view"", ""check_policy"", ""begin_checkout"", ""page_view"", ""remove_from_cart"", ""wishlist_add"", ""remove_from_cart"", ""contact_support"", ""check_policy"", ""rage_click"", ""view_item"", ""wishlist_add""]",JP,desktop,free,0,0,1,206.0014589983002,41,0
user_815,"[""page_view"", ""view_item"", ""check_policy"", ""contact_support"", ""purchase"", ""remove_from_cart"", ""page_view"", ""page_view"", ""begin_checkout"", ""page_view"", ""wishlist_add"", ""check_policy"", ""search"", ""page_view"", ""page_view"", ""view_item"", ""search"", ""wishlist_add""]",FR,desktop,premium,0,0,2,21.800064594891083,86,1
user_816,"[""add_to_cart"", ""search"", ""page_view"", ""rage_click"", ""contact_support"", ""view_returns"", ""begin_checkout"", ""search"", ""view_item"", ""begin_checkout"", ""purchase"", ""page_view"", ""search"", ""remove_from_cart""]",US,mobile,free,0,0,1,235.5469778112462,30,0
user_817,"[""view_item"", ""begin_checkout"", ""page_view"", ""remove_from_cart"", ""remove_from_cart"", ""purchase"", ""contact_support"", ""rage_click"", ""add_to_cart"", ""rage_click"", ""purchase"", ""check_policy"", ""wishlist_add""]",BR,tablet,enterprise,1,0,2,16.699057865078142,77,0
user_818,"[""view_item"", ""search"", ""contact_support"", ""purchase"", ""purchase"", ""view_item"", ""view_item"", ""view_item"", ""contact_support"", ""wishlist_add"", ""page_view"", ""begin_checkout"", ""view_returns"", ""view_item""]",IN,mobile,free,0,0,2,215.0641487517378,26,0
user_819,"[""begin_checkout"", ""wishlist_add"", ""view_returns"", ""contact_support"", ""begin_checkout"", ""view_item"", ""add_to_cart"", ""purchase"", ""search"", ""search"", ""begin_checkout"", ""search"", ""remove_from_cart"", ""remove_from_cart"", ""begin_checkout"", ""view_item"", ""rage_click""]",UK,mobile,enterprise,0,0,1,1005.3918919629093,51,1
user_820,"[""contact_support"", ""view_item"", ""contact_support"", ""rage_click"", ""add_to_cart"", ""contact_support""]",BR,tablet,enterprise,2,0,2,110.16677848892643,77,1
user_821,"[""remove_from_cart"", ""purchase"", ""remove_from_cart"", ""contact_support"", ""check_policy"", ""page_view"", ""add_to_cart"", ""add_to_cart"", ""page_view"", ""purchase"", ""search""]",IN,tablet,free,0,0,1,385.6667428236343,93,0
user_822,"[""rage_click"", ""view_returns"", ""search"", ""check_policy"", ""contact_support"", ""view_returns"", ""purchase"", ""rage_click"", ""add_to_cart"", ""contact_support"", ""contact_support"", ""rage_click"", ""remove_from_cart"", ""check_policy"", ""rage_click"", ""view_item"", ""view_item"", ""rage_click""]",UK,tablet,enterprise,0,0,2,410.59768367944224,21,1
user_823,"[""add_to_cart"", ""rage_click"", ""begin_checkout"", ""purchase"", ""view_item"", ""view_returns"", ""search"", ""rage_click"", ""view_item"", ""purchase"", ""purchase"", ""view_returns"", ""contact_support"", ""wishlist_add"", ""begin_checkout"", ""rage_click""]",US,tablet,premium,0,0,1,155.6873468993996,99,0
user_824,"[""rage_click"", ""contact_support"", ""check_policy"", ""remove_from_cart"", ""add_to_cart""]",JP,mobile,enterprise,1,0,1,269.89804994288056,54,0
user_825,"[""contact_support"", ""search"", ""purchase"", ""wishlist_add"", ""page_view"", ""add_to_cart"", ""view_item"", ""search"", ""rage_click"", ""add_to_cart"", ""view_item"", ""remove_from_cart"", ""view_item"", ""page_view"", ""purchase"", ""contact_support"", ""view_returns"", ""contact_support""]",US,tablet,premium,0,0,1,191.6238876221672,45,1
user_826,"[""view_item"", ""rage_click"", ""add_to_cart"", ""view_returns"", ""wishlist_add"", ""view_returns"", ""add_to_cart"", ""add_to_cart"", ""wishlist_add"", ""purchase"", ""page_view"", ""remove_from_cart"", ""page_view"", ""add_to_cart""]",IN,tablet,premium,0,1,1,99.95576107163286,89,0
user_827,"[""begin_checkout"", ""wishlist_add"", ""begin_checkout"", ""search"", ""remove_from_cart"", ""add_to_cart"", ""begin_checkout"", ""search"", ""remove_from_cart"", ""view_returns"", ""remove_from_cart"", ""search"", ""wishlist_add""]",JP,tablet,enterprise,3,1,1,421.63348483736553,60,0
user_828,"[""purchase"", ""wishlist_add"", ""search"", ""begin_checkout"", ""remove_from_cart"", ""remove_from_cart"", ""wishlist_add"", ""remove_from_cart"", ""search"", ""rage_click"", ""remove_from_cart"", ""wishlist_add""]",JP,desktop,premium,0,1,0,364.0318574461239,16,1
user_829,"[""contact_support"", ""purchase"", ""contact_support"", ""check_policy"", ""wishlist_add"", ""contact_support"", ""add_to_cart"", ""view_returns"", ""add_to_cart"", ""page_view"", ""contact_support"", ""wishlist_add"", ""begin_checkout""]",CN,tablet,premium,1,2,0,692.4266570057396,42,0
user_830,"[""contact_support"", ""purchase"", ""contact_support"", ""rage_click"", ""page_view"", ""remove_from_cart""]",CN,tablet,free,0,0,4,288.79951145580935,57,0
user_831,"[""page_view"", ""page_view"", ""view_returns"", ""search"", ""view_item"", ""page_view"", ""search"", ""view_returns"", ""remove_from_cart"", ""add_to_cart"", ""wishlist_add"", ""remove_from_cart"", ""search"", ""begin_checkout"", ""page_view"", ""search"", ""page_view"", ""add_to_cart"", ""purchase""]",UK,mobile,premium,0,0,1,147.6601171882012,75,1
user_832,"[""search"", ""wishlist_add"", ""view_item"", ""wishlist_add"", ""check_policy""]",FR,desktop,premium,0,0,1,375.5369686331738,42,0
user_833,"[""page_view"", ""check_policy"", ""remove_from_cart"", ""contact_support"", ""purchase"", ""view_returns"", ""rage_click"", ""purchase"", ""wishlist_add"", ""search"", ""rage_click"", ""remove_from_cart"", ""purchase"", ""view_returns"", ""rage_click"", ""add_to_cart"", ""view_item"", ""purchase""]",DE,mobile,premium,0,1,0,289.51529972458235,87,0
user_834,"[""page_view"", ""view_returns"", ""rage_click"", ""rage_click"", ""view_item"", ""rage_click"", ""check_policy"", ""begin_checkout""]",US,desktop,premium,1,1,2,287.61404019454056,93,0
user_835,"[""rage_click"", ""view_returns"", ""purchase"", ""remove_from_cart"", ""page_view"", ""purchase"", ""add_to_cart"", ""purchase"", ""purchase"", ""remove_from_cart"", ""view_item""]",JP,mobile,premium,3,0,1,568.8116848809831,36,0
user_836,"[""rage_click"", ""view_item"", ""add_to_cart"", ""contact_support"", ""page_view"", ""check_policy"", ""page_view"", ""search"", ""rage_click"", ""search"", ""search"", ""page_view"", ""begin_checkout"", ""check_policy"", ""add_to_cart"", ""rage_click"", ""view_returns"", ""add_to_cart"", ""begin_checkout""]",IN,mobile,enterprise,0,1,2,723.9495579271289,56,0
user_837,"[""wishlist_add"", ""remove_from_cart"", ""begin_checkout"", ""add_to_cart"", ""rage_click"", ""contact_support"", ""rage_click"", ""check_policy"", ""contact_support"", ""view_item"", ""check_policy""]",US,tablet,premium,1,0,1,59.62370846086138,94,0
user_838,"[""search"", ""begin_checkout"", ""rage_click"", ""wishlist_add"", ""search"", ""add_to_cart"", ""remove_from_cart"", ""page_view"", ""purchase"", ""remove_from_cart"", ""page_view""]",FR,tablet,enterprise,0,0,0,113.08526012434567,75,0
user_839,"[""add_to_cart"", ""rage_click"", ""view_returns"", ""check_policy"", ""search"", ""wishlist_add""]",IN,desktop,enterprise,0,1,2,315.20878124937406,52,1
user_840,"[""remove_from_cart"", ""page_view"", ""view_returns"", ""remove_from_cart"", ""add_to_cart"", ""rage_click"", ""contact_support"", ""remove_from_cart"", ""remove_from_cart"", ""rage_click"", ""wishlist_add"", ""search"", ""wishlist_add"", ""view_item"", ""wishlist_add"", ""begin_checkout"", ""remove_from_cart"", ""rage_click""]",FR,desktop,enterprise,0,1,4,244.40550977136414,89,0
user_841,"[""begin_checkout"", ""rage_click"", ""search"", ""rage_click"", ""view_item"", ""rage_click"", ""add_to_cart"", ""remove_from_cart"", ""page_view"", ""page_view"", ""page_view"", ""rage_click"", ""search"", ""view_returns"", ""begin_checkout"", ""begin_checkout""]",DE,desktop,free,0,0,1,316.9471522185612,28,0
user_842,"[""add_to_cart"", ""add_to_cart"", ""check_policy"", ""rage_click"", ""purchase"", ""view_item"", ""page_view"", ""view_item"", ""page_view"", ""contact_support"", ""contact_support"", ""rage_click"", ""contact_support""]",IN,tablet,free,1,0,1,170.22651718750396,77,1
user_843,"[""wishlist_add"", ""view_returns"", ""check_policy"", ""add_to_cart"", ""view_returns"", ""view_item"", ""view_item"", ""search"", ""contact_support"", ""add_to_cart"", ""check_policy"", ""page_view"", ""view_returns"", ""wishlist_add"", ""check_policy"", ""remove_from_cart"", ""begin_checkout"", ""contact_support"", ""page_view""]",BR,mobile,enterprise,0,0,2,159.5325695731716,19,1
user_844,"[""page_view"", ""page_view"", ""contact_support"", ""page_view"", ""check_policy"", ""check_policy"", ""remove_from_cart"", ""wishlist_add""]",DE,desktop,free,1,0,2,37.551270683542505,31,0
user_845,"[""wishlist_add"", ""add_to_cart"", ""view_returns"", ""view_returns"", ""search"", ""search""]",JP,tablet,premium,0,0,3,293.1693123877013,85,0
user_846,"[""contact_support"", ""rage_click"", ""search"", ""wishlist_add"", ""rage_click"", ""remove_from_cart"", ""wishlist_add"", ""page_view"", ""page_view"", ""wishlist_add""]",CN,tablet,enterprise,1,0,1,57.99739575551334,75,0
user_847,"[""begin_checkout"", ""view_item"", ""purchase"", ""check_policy"", ""page_view"", ""purchase"", ""view_returns"", ""wishlist_add"", ""begin_checkout"", ""wishlist_add"", ""check_policy"", ""contact_support"", ""purchase"", ""remove_from_cart""]",BR,mobile,enterprise,1,0,1,333.528951182453,11,0
user_848,"[""check_policy"", ""contact_support"", ""rage_click"", ""contact_support"", ""contact_support"", ""check_policy"", ""wishlist_add"", ""begin_checkout"", ""check_policy"", ""add_to_cart"", ""view_item"", ""search"", ""begin_checkout"", ""remove_from_cart"", ""begin_checkout"", ""view_returns"", ""wishlist_add"", ""remove_from_cart"", ""rage_click""]",DE,mobile,enterprise,1,0,0,1024.0317918239255,27,0
user_849,"[""contact_support"", ""wishlist_add"", ""check_policy"", ""view_returns"", ""wishlist_add"", ""purchase"", ""view_returns"", ""add_to_cart"", ""contact_support"", ""contact_support"", ""page_view""]",CN,tablet,free,0,0,7,88.8807821369056,89,0
user_850,"[""page_view"", ""rage_click"", ""view_item"", ""search"", ""view_item"", ""check_policy"", ""view_item"", ""contact_support"", ""view_returns"", ""purchase""]",BR,mobile,free,0,0,0,45.99861219413463,28,0
user_851,"[""check_policy"", ""check_policy"", ""purchase"", ""contact_support"", ""search"", ""rage_click"", ""rage_click"", ""check_policy"", ""rage_click"", ""contact_support"", ""add_to_cart"", ""add_to_cart"", ""page_view"", ""begin_checkout"", ""remove_from_cart"", ""view_item"", ""rage_click"", ""add_to_cart""]",CN,mobile,free,0,0,0,7.341678984606162,98,1
user_852,"[""view_returns"", ""purchase"", ""begin_checkout"", ""page_view"", ""remove_from_cart"", ""add_to_cart"", ""page_view"", ""wishlist_add"", ""begin_checkout"", ""purchase"", ""view_item"", ""add_to_cart"", ""search"", ""purchase"", ""remove_from_cart"", ""rage_click"", ""begin_checkout"", ""remove_from_cart"", ""view_item""]",JP,tablet,premium,0,0,2,142.8437858713211,39,1
user_853,"[""contact_support"", ""view_item"", ""wishlist_add"", ""check_policy"", ""add_to_cart"", ""rage_click"", ""search"", ""begin_checkout"", ""view_returns"", ""search""]",IN,desktop,free,1,1,1,72.47286524350476,15,0
user_854,"[""wishlist_add"", ""contact_support"", ""view_returns"", ""search"", ""wishlist_add"", ""add_to_cart"", ""add_to_cart"", ""begin_checkout"", ""search"", ""contact_support""]",UK,desktop,enterprise,1,1,0,203.0991430771934,36,0
user_855,"[""view_returns"", ""contact_support"", ""wishlist_add"", ""view_returns"", ""view_item"", ""wishlist_add"", ""remove_from_cart""]",IN,tablet,free,0,0,1,222.89416423828726,24,1
user_856,"[""page_view"", ""remove_from_cart"", ""wishlist_add"", ""search"", ""remove_from_cart"", ""contact_support"", ""rage_click"", ""add_to_cart"", ""view_item"", ""rage_click"", ""rage_click"", ""page_view"", ""purchase"", ""contact_support""]",CN,desktop,free,2,0,0,128.92476333891804,40,1
user_857,"[""add_to_cart"", ""search"", ""rage_click"", ""view_item"", ""purchase"", ""page_view"", ""check_policy"", ""add_to_cart"", ""check_policy"", ""remove_from_cart"", ""rage_click"", ""begin_checkout""]",IN,tablet,free,1,0,1,415.7757961706884,53,1
user_858,"[""view_returns"", ""purchase"", ""view_item"", ""add_to_cart"", ""view_returns"", ""contact_support"", ""check_policy""]",JP,tablet,free,0,0,0,705.5536230439019,95,0
user_859,"[""purchase"", ""page_view"", ""rage_click"", ""add_to_cart"", ""begin_checkout"", ""check_policy"", ""check_policy"", ""add_to_cart"", ""remove_from_cart"", ""contact_support"", ""check_policy"", ""view_returns"", ""view_item"", ""rage_click""]",DE,mobile,enterprise,0,0,2,71.29564990240806,85,0
user_860,"[""view_returns"", ""purchase"", ""purchase"", ""rage_click"", ""remove_from_cart"", ""search"", ""search"", ""begin_checkout"", ""rage_click"", ""page_view"", ""remove_from_cart""]",US,desktop,free,2,1,2,542.9118579073586,19,1
user_861,"[""search"", ""rage_click"", ""search"", ""wishlist_add"", ""contact_support"", ""purchase"", ""wishlist_add"", ""view_returns"", ""rage_click"", ""contact_support"", ""remove_from_cart""]",DE,tablet,enterprise,2,0,3,42.18852070857154,30,0
user_862,"[""view_returns"", ""view_item"", ""search"", ""page_view"", ""check_policy""]",IN,desktop,free,1,0,1,77.90421250016614,56,1
user_863,"[""contact_support"", ""rage_click"", ""search"", ""wishlist_add"", ""wishlist_add"", ""rage_click"", ""add_to_cart"", ""purchase"", ""check_policy"", ""contact_support"", ""rage_click"", ""view_item"", ""view_returns"", ""check_policy"", ""remove_from_cart"", ""view_item""]",FR,desktop,premium,0,0,2,247.2609623894472,64,0
user_864,"[""search"", ""begin_checkout"", ""purchase"", ""search"", ""check_policy"", ""contact_support"", ""page_view"", ""view_returns"", ""remove_from_cart"", ""rage_click"", ""page_view"", ""search""]",DE,desktop,premium,1,0,1,109.83646492330014,45,1
user_865,"[""purchase"", ""search"", ""contact_support"", ""search"", ""page_view"", ""remove_from_cart""]",UK,tablet,enterprise,0,0,2,12.781697349706809,83,0
user_866,"[""contact_support"", ""begin_checkout"", ""rage_click"", ""search"", ""search"", ""purchase"", ""page_view"", ""purchase"", ""purchase"", ""purchase"", ""view_returns"", ""purchase""]",JP,mobile,enterprise,0,0,3,104.81284000097217,67,0
user_867,"[""search"", ""view_item"", ""remove_from_cart"", ""contact_support"", ""begin_checkout"", ""contact_support"", ""remove_from_cart"", ""view_item"", ""check_policy""]",CN,desktop,premium,1,0,0,705.7538652850118,28,0
user_868,"[""contact_support"", ""view_item"", ""page_view"", ""begin_checkout"", ""wishlist_add"", ""page_view"", ""page_view"", ""page_view"", ""purchase"", ""rage_click"", ""contact_support"", ""search"", ""wishlist_add"", ""page_view""]",FR,tablet,premium,0,0,1,57.42921413469745,96,1
user_869,"[""rage_click"", ""rage_click"", ""page_view"", ""view_returns"", ""page_view"", ""view_returns"", ""page_view"", ""wishlist_add"", ""begin_checkout""]",JP,desktop,free,0,0,2,432.86053104523387,73,0
user_870,"[""purchase"", ""rage_click"", ""page_view"", ""rage_click"", ""page_view"", ""contact_support"", ""contact_support"", ""add_to_cart"", ""page_view"", ""add_to_cart"", ""wishlist_add"", ""search""]",JP,mobile,premium,0,0,1,384.3447270725078,19,0
user_871,"[""view_item"", ""view_item"", ""rage_click"", ""view_returns"", ""page_view"", ""wishlist_add"", ""remove_from_cart"", ""page_view"", ""page_view"", ""wishlist_add"", ""wishlist_add"", ""remove_from_cart"", ""view_item"", ""add_to_cart"", ""search"", ""rage_click"", ""view_item""]",CN,desktop,enterprise,1,0,1,33.690302262206565,58,0
user_872,"[""page_view"", ""view_item"", ""begin_checkout"", ""contact_support"", ""page_view"", ""search"", ""check_policy"", ""remove_from_cart""]",BR,tablet,enterprise,0,0,0,119.89395476159302,63,1
user_873,"[""view_returns"", ""purchase"", ""view_item"", ""page_view"", ""view_returns"", ""view_returns"", ""rage_click"", ""purchase"", ""wishlist_add"", ""page_view""]",DE,desktop,premium,0,0,0,62.97799264777823,70,0
user_874,"[""rage_click"", ""wishlist_add"", ""add_to_cart"", ""search"", ""purchase"", ""contact_support"", ""contact_support"", ""search"", ""wishlist_add"", ""rage_click"", ""search"", ""add_to_cart"", ""begin_checkout"", ""begin_checkout"", ""contact_support"", ""check_policy"", ""remove_from_cart"", ""search""]",US,desktop,enterprise,0,1,2,7.026706629543597,68,0
user_875,"[""check_policy"", ""rage_click"", ""search"", ""remove_from_cart"", ""remove_from_cart"", ""purchase"", ""purchase"", ""check_policy""]",BR,desktop,free,1,0,1,56.99993077503655,11,0
user_876,"[""page_view"", ""search"", ""add_to_cart"", ""rage_click"", ""purchase"", ""purchase"", ""begin_checkout"", ""search"", ""add_to_cart"", ""search"", ""begin_checkout"", ""page_view"", ""add_to_cart"", ""remove_from_cart"", ""begin_checkout"", ""contact_support"", ""rage_click"", ""remove_from_cart"", ""add_to_cart""]",FR,mobile,free,1,1,3,67.53537784568029,84,0
user_877,"[""page_view"", ""contact_support"", ""purchase"", ""check_policy"", ""contact_support"", ""view_returns"", ""wishlist_add"", ""page_view"", ""wishlist_add"", ""remove_from_cart"", ""search"", ""begin_checkout"", ""view_item"", ""page_view""]",CN,desktop,premium,1,0,3,54.44945778498074,17,0
user_878,"[""purchase"", ""begin_checkout"", ""rage_click"", ""search"", ""search"", ""view_item"", ""contact_support"", ""wishlist_add"", ""view_returns"", ""search"", ""contact_support"", ""rage_click""]",UK,tablet,enterprise,0,0,1,28.65513947952678,28,0
user_879,"[""check_policy"", ""view_returns"", ""add_to_cart"", ""remove_from_cart"", ""add_to_cart""]",UK,desktop,premium,0,1,1,224.15757103181724,89,1
user_880,"[""rage_click"", ""add_to_cart"", ""purchase"", ""view_returns"", ""purchase"", ""view_item"", ""check_policy"", ""view_item"", ""view_item"", ""view_item"", ""search""]",US,desktop,enterprise,2,0,1,116.86529246878987,77,0
user_881,"[""page_view"", ""search"", ""page_view"", ""check_policy"", ""wishlist_add"", ""begin_checkout"", ""search"", ""add_to_cart"", ""page_view"", ""search"", ""contact_support"", ""purchase"", ""search"", ""page_view"", ""rage_click"", ""view_item"", ""page_view"", ""wishlist_add"", ""check_policy""]",US,desktop,enterprise,0,0,2,716.6042495826574,23,0
user_882,"[""purchase"", ""begin_checkout"", ""search"", ""remove_from_cart"", ""search"", ""remove_from_cart"", ""add_to_cart"", ""contact_support"", ""view_returns"", ""check_policy""]",DE,mobile,enterprise,0,0,2,62.18603166030168,31,1
user_883,"[""page_view"", ""check_policy"", ""contact_support"", ""remove_from_cart"", ""check_policy"", ""wishlist_add"", ""page_view"", ""begin_checkout"", ""add_to_cart"", ""begin_checkout"", ""remove_from_cart"", ""view_item"", ""search""]",UK,tablet,free,1,0,0,277.04191147134986,26,1
user_884,"[""add_to_cart"", ""page_view"", ""wishlist_add"", ""contact_support"", ""view_returns"", ""begin_checkout"", ""remove_from_cart"", ""contact_support""]",FR,desktop,enterprise,1,0,1,692.6424778334895,72,1
user_885,"[""begin_checkout"", ""remove_from_cart"", ""add_to_cart"", ""begin_checkout"", ""remove_from_cart"", ""page_view"", ""wishlist_add"", ""add_to_cart"", ""contact_support"", ""contact_support"", ""view_returns"", ""check_policy"", ""view_item"", ""page_view"", ""add_to_cart"", ""begin_checkout""]",IN,tablet,free,0,2,2,14.501819819494585,35,0
user_886,"[""search"", ""wishlist_add"", ""page_view"", ""add_to_cart"", ""add_to_cart"", ""begin_checkout"", ""add_to_cart"", ""rage_click"", ""page_view"", ""remove_from_cart"", ""contact_support"", ""contact_support"", ""remove_from_cart"", ""page_view""]",CN,tablet,enterprise,0,0,4,217.8731471164082,45,0
user_887,"[""view_item"", ""search"", ""page_view"", ""purchase"", ""add_to_cart"", ""check_policy"", ""begin_checkout"", ""rage_click"", ""check_policy"", ""remove_from_cart"", ""begin_checkout"", ""begin_checkout"", ""search"", ""begin_checkout"", ""contact_support"", ""rage_click"", ""contact_support"", ""add_to_cart""]",US,mobile,premium,0,0,0,179.7161290485696,54,0
user_888,"[""view_returns"", ""search"", ""rage_click"", ""check_policy"", ""wishlist_add"", ""add_to_cart"", ""page_view"", ""remove_from_cart"", ""purchase"", ""add_to_cart""]",US,tablet,free,0,0,0,792.588617201633,39,0
user_889,"[""page_view"", ""purchase"", ""page_view"", ""rage_click"", ""search"", ""wishlist_add"", ""page_view"", ""purchase"", ""page_view"", ""wishlist_add"", ""check_policy"", ""add_to_cart"", ""purchase"", ""check_policy"", ""page_view"", ""page_view"", ""begin_checkout"", ""purchase""]",US,desktop,free,0,0,2,326.98328496902064,30,0
user_890,"[""rage_click"", ""page_view"", ""remove_from_cart"", ""contact_support"", ""view_returns"", ""contact_support"", ""rage_click"", ""add_to_cart"", ""search"", ""view_item"", ""remove_from_cart"", ""view_item"", ""page_view"", ""wishlist_add"", ""add_to_cart"", ""check_policy"", ""page_view"", ""view_item"", ""page_view""]",IN,mobile,free,1,0,4,128.84808272122666,29,1
user_891,"[""begin_checkout"", ""view_returns"", ""add_to_cart"", ""wishlist_add"", ""check_policy"", ""view_returns"", ""purchase"", ""check_policy"", ""wishlist_add"", ""view_item"", ""view_returns"", ""begin_checkout""]",CN,mobile,premium,0,0,1,372.9401230281912,51,0
user_892,"[""page_view"", ""begin_checkout"", ""page_view"", ""wishlist_add"", ""view_returns"", ""remove_from_cart"", ""remove_from_cart"", ""view_item"", ""begin_checkout"", ""page_view"", ""rage_click""]",FR,tablet,free,2,0,4,262.1519143936264,99,0
user_893,"[""purchase"", ""view_item"", ""contact_support"", ""contact_support"", ""page_view"", ""remove_from_cart"", ""check_policy"", ""purchase"", ""contact_support""]",UK,mobile,premium,1,1,5,127.93150929489957,65,0
user_894,"[""page_view"", ""view_returns"", ""remove_from_cart"", ""begin_checkout"", ""check_policy""]",IN,tablet,enterprise,0,1,4,461.4823684124561,21,0
user_895,"[""contact_support"", ""check_policy"", ""view_item"", ""remove_from_cart"", ""contact_support"", ""wishlist_add"", ""page_view"", ""contact_support"", ""rage_click"", ""add_to_cart"", ""wishlist_add"", ""add_to_cart""]",IN,tablet,enterprise,2,0,0,330.9395296664029,17,0
user_896,"[""rage_click"", ""contact_support"", ""add_to_cart"", ""view_returns"", ""view_item"", ""add_to_cart"", ""view_item"", ""page_view"", ""view_item"", ""view_returns"", ""rage_click"", ""view_item"", ""check_policy"", ""begin_checkout""]",BR,mobile,premium,1,0,0,1.6293059001370542,72,0
user_897,"[""rage_click"", ""purchase"", ""search"", ""page_view"", ""begin_checkout"", ""check_policy"", ""remove_from_cart""]",FR,desktop,free,0,0,1,601.0434238569214,65,0
user_898,"[""contact_support"", ""begin_checkout"", ""rage_click"", ""rage_click"", ""rage_click"", ""page_view"", ""view_item"", ""add_to_cart"", ""remove_from_cart"", ""contact_support"", ""rage_click"", ""contact_support""]",CN,tablet,free,0,1,1,151.7971407073937,16,0
user_899,"[""purchase"", ""page_view"", ""wishlist_add"", ""rage_click"", ""purchase"", ""remove_from_cart"", ""remove_from_cart"", ""add_to_cart"", ""check_policy"", ""add_to_cart"", ""view_item"", ""contact_support"", ""view_returns"", ""remove_from_cart"", ""view_returns"", ""page_view"", ""begin_checkout""]",FR,mobile,premium,0,1,1,311.06973953027125,71,1
user_900,"[""rage_click"", ""page_view"", ""search"", ""remove_from_cart"", ""purchase"", ""contact_support"", ""view_returns"", ""add_to_cart"", ""begin_checkout"", ""check_policy"", ""page_view"", ""check_policy"", ""wishlist_add"", ""search"", ""view_returns"", ""view_returns"", ""rage_click""]",DE,mobile,enterprise,0,0,1,151.63618361543965,70,0
user_901,"[""wishlist_add"", ""purchase"", ""view_item"", ""add_to_cart"", ""remove_from_cart"", ""remove_from_cart"", ""view_returns"", ""page_view"", ""contact_support"", ""remove_from_cart""]",BR,tablet,premium,0,1,1,639.5036435589345,19,1
user_902,"[""wishlist_add"", ""search"", ""search"", ""remove_from_cart"", ""page_view"", ""add_to_cart"", ""begin_checkout"", ""purchase"", ""rage_click"", ""rage_click"", ""rage_click"", ""search"", ""page_view"", ""wishlist_add"", ""rage_click""]",CN,tablet,free,2,1,0,315.6635901030768,59,0
user_903,"[""view_returns"", ""view_item"", ""search"", ""page_view"", ""page_view"", ""wishlist_add"", ""purchase"", ""rage_click"", ""check_policy"", ""begin_checkout"", ""search"", ""view_item"", ""page_view"", ""view_item"", ""page_view"", ""add_to_cart"", ""purchase""]",BR,tablet,free,0,0,1,259.81206828494373,29,1
user_904,"[""view_returns"", ""add_to_cart"", ""contact_support"", ""rage_click"", ""contact_support"", ""begin_checkout"", ""check_policy"", ""view_returns"", ""add_to_cart"", ""view_item"", ""view_item"", ""begin_checkout"", ""page_view"", ""view_item"", ""rage_click"", ""check_policy"", ""purchase""]",BR,tablet,free,1,0,4,1177.604672188421,37,0
user_905,"[""check_policy"", ""search"", ""begin_checkout"", ""rage_click"", ""purchase"", ""purchase"", ""search"", ""remove_from_cart"", ""wishlist_add"", ""page_view"", ""begin_checkout"", ""search"", ""rage_click""]",US,desktop,free,1,2,1,98.81822223187879,23,1
user_906,"[""view_returns"", ""view_returns"", ""begin_checkout"", ""wishlist_add"", ""rage_click"", ""add_to_cart"", ""add_to_cart"", ""page_view"", ""rage_click"", ""purchase"", ""view_item"", ""view_returns"", ""wishlist_add"", ""rage_click"", ""rage_click"", ""view_item"", ""view_item""]",UK,desktop,enterprise,0,0,0,20.24422657565713,85,0
user_907,"[""check_policy"", ""search"", ""remove_from_cart"", ""page_view"", ""view_returns"", ""view_item"", ""add_to_cart"", ""begin_checkout"", ""add_to_cart"", ""check_policy"", ""check_policy"", ""view_item"", ""check_policy"", ""search"", ""purchase"", ""contact_support"", ""rage_click""]",BR,desktop,enterprise,2,0,2,217.70757842671142,17,0
user_908,"[""rage_click"", ""view_item"", ""check_policy"", ""begin_checkout"", ""purchase"", ""page_view"", ""check_policy"", ""purchase"", ""remove_from_cart"", ""page_view"", ""rage_click"", ""remove_from_cart"", ""view_item"", ""view_returns"", ""view_item"", ""begin_checkout"", ""search""]",DE,desktop,enterprise,0,0,2,165.50357407547057,16,0
user_909,"[""search"", ""view_returns"", ""search"", ""page_view"", ""page_view"", ""wishlist_add"", ""remove_from_cart"", ""begin_checkout"", ""rage_click"", ""search""]",DE,mobile,free,1,0,0,181.70030094098317,14,0
user_910,"[""check_policy"", ""check_policy"", ""view_returns"", ""begin_checkout"", ""begin_checkout"", ""page_view"", ""rage_click"", ""purchase"", ""rage_click"", ""add_to_cart"", ""begin_checkout"", ""view_item"", ""contact_support"", ""begin_checkout"", ""view_returns"", ""search"", ""view_item"", ""view_returns""]",CN,tablet,free,1,1,2,290.3579863656096,10,0
user_911,"[""contact_support"", ""contact_support"", ""page_view"", ""begin_checkout"", ""page_view"", ""check_policy"", ""view_returns"", ""add_to_cart""]",JP,mobile,free,0,0,3,286.4483801533252,82,1
user_912,"[""check_policy"", ""remove_from_cart"", ""add_to_cart"", ""view_returns"", ""add_to_cart"", ""check_policy"", ""view_item""]",IN,mobile,premium,0,1,1,149.40455535055307,91,0
user_913,"[""search"", ""page_view"", ""wishlist_add"", ""purchase"", ""view_returns"", ""page_view"", ""contact_support"", ""wishlist_add"", ""rage_click"", ""add_to_cart"", ""add_to_cart"", ""remove_from_cart"", ""search"", ""page_view"", ""rage_click""]",US,desktop,free,0,1,0,596.0631361433519,19,0
user_914,"[""add_to_cart"", ""contact_support"", ""remove_from_cart"", ""page_view"", ""remove_from_cart"", ""page_view"", ""begin_checkout"", ""begin_checkout"", ""search"", ""check_policy"", ""view_returns"", ""remove_from_cart"", ""check_policy"", ""remove_from_cart"", ""add_to_cart""]",UK,mobile,enterprise,0,1,3,316.199400393538,67,0
user_915,"[""purchase"", ""remove_from_cart"", ""add_to_cart"", ""rage_click"", ""begin_checkout"", ""check_policy"", ""wishlist_add"", ""purchase"", ""contact_support"", ""begin_checkout"", ""check_policy"", ""search"", ""purchase"", ""contact_support"", ""view_item"", ""add_to_cart"", ""view_item"", ""wishlist_add"", ""add_to_cart""]",UK,desktop,enterprise,0,0,1,661.9416954484097,74,0
user_916,"[""view_returns"", ""purchase"", ""view_item"", ""view_returns"", ""purchase""]",UK,tablet,enterprise,0,0,2,733.0853253193961,69,0
user_917,"[""search"", ""page_view"", ""check_policy"", ""add_to_cart"", ""search"", ""wishlist_add"", ""view_returns"", ""purchase"", ""remove_from_cart"", ""search"", ""view_returns""]",IN,desktop,premium,0,0,2,54.92890437003175,29,0
user_918,"[""contact_support"", ""view_item"", ""purchase"", ""begin_checkout"", ""begin_checkout"", ""contact_support"", ""search"", ""add_to_cart"", ""wishlist_add"", ""view_returns"", ""view_returns"", ""wishlist_add"", ""begin_checkout""]",CN,tablet,enterprise,0,0,2,342.35750472592423,67,1
user_919,"[""contact_support"", ""view_returns"", ""add_to_cart"", ""view_item"", ""rage_click"", ""view_item"", ""rage_click"", ""remove_from_cart"", ""wishlist_add"", ""view_item"", ""contact_support"", ""page_view""]",US,desktop,premium,0,0,0,114.60304049592118,52,0
user_920,"[""rage_click"", ""wishlist_add"", ""rage_click"", ""remove_from_cart"", ""rage_click"", ""wishlist_add"", ""purchase"", ""page_view""]",BR,mobile,premium,1,1,2,543.1525396874881,38,1
user_921,"[""purchase"", ""rage_click"", ""view_item"", ""purchase"", ""view_item"", ""remove_from_cart"", ""view_returns"", ""check_policy"", ""search"", ""wishlist_add"", ""rage_click"", ""check_policy"", ""page_view"", ""view_item""]",BR,mobile,premium,0,0,4,395.9852680760061,11,0
user_922,"[""check_policy"", ""add_to_cart"", ""rage_click"", ""check_policy"", ""purchase"", ""purchase"", ""page_view"", ""begin_checkout"", ""contact_support"", ""add_to_cart""]",CN,desktop,free,0,0,0,66.47381540047297,35,1
user_923,"[""contact_support"", ""add_to_cart"", ""begin_checkout"", ""check_policy"", ""add_to_cart"", ""contact_support"", ""view_item"", ""purchase"", ""view_returns"", ""remove_from_cart"", ""rage_click""]",UK,tablet,free,1,0,3,837.7432387728423,84,0
user_924,"[""wishlist_add"", ""view_returns"", ""check_policy"", ""check_policy"", ""add_to_cart"", ""purchase"", ""begin_checkout"", ""page_view"", ""search"", ""add_to_cart"", ""wishlist_add"", ""page_view"", ""remove_from_cart"", ""contact_support"", ""add_to_cart"", ""search""]",IN,tablet,enterprise,0,0,2,345.1097132938849,98,1
user_925,"[""rage_click"", ""add_to_cart"", ""wishlist_add"", ""purchase"", ""purchase"", ""check_policy"", ""rage_click"", ""wishlist_add""]",BR,desktop,enterprise,0,0,1,890.6284037574549,68,0
user_926,"[""page_view"", ""view_returns"", ""begin_checkout"", ""rage_click"", ""contact_support"", ""wishlist_add"", ""begin_checkout"", ""begin_checkout"", ""wishlist_add"", ""wishlist_add"", ""view_item""]",FR,mobile,premium,1,1,4,67.66061240589708,10,0
user_927,"[""search"", ""add_to_cart"", ""contact_support"", ""rage_click"", ""check_policy"", ""page_view"", ""add_to_cart"", ""wishlist_add"", ""view_item"", ""page_view"", ""rage_click"", ""view_returns"", ""begin_checkout"", ""search"", ""wishlist_add"", ""view_item""]",FR,tablet,free,0,0,0,611.3864679217686,40,0
user_928,"[""check_policy"", ""search"", ""search"", ""view_item"", ""page_view""]",IN,desktop,enterprise,0,0,3,330.8519018175566,47,0
user_929,"[""check_policy"", ""check_policy"", ""contact_support"", ""purchase"", ""begin_checkout"", ""add_to_cart""]",IN,tablet,enterprise,0,0,2,241.08059086170718,31,0
user_930,"[""wishlist_add"", ""add_to_cart"", ""search"", ""wishlist_add"", ""rage_click"", ""remove_from_cart"", ""rage_click"", ""remove_from_cart"", ""view_item"", ""remove_from_cart"", ""purchase"", ""purchase"", ""begin_checkout"", ""page_view"", ""add_to_cart"", ""begin_checkout"", ""purchase"", ""page_view""]",US,mobile,free,0,0,0,515.2955817472084,75,0
user_931,"[""rage_click"", ""add_to_cart"", ""contact_support"", ""add_to_cart"", ""search"", ""view_item"", ""view_returns"", ""add_to_cart"", ""purchase"", ""view_item"", ""check_policy"", ""remove_from_cart"", ""rage_click"", ""contact_support"", ""rage_click"", ""check_policy"", ""wishlist_add"", ""view_returns""]",UK,tablet,premium,1,0,4,300.6067857472047,56,0
user_932,"[""search"", ""begin_checkout"", ""view_item"", ""contact_support"", ""check_policy"", ""view_returns"", ""rage_click""]",CN,desktop,enterprise,0,0,1,332.23551698038574,10,1
user_933,"[""search"", ""check_policy"", ""contact_support"", ""contact_support"", ""view_returns"", ""wishlist_add"", ""rage_click"", ""purchase"", ""wishlist_add"", ""wishlist_add"", ""contact_support"", ""view_item"", ""view_item"", ""remove_from_cart"", ""rage_click""]",IN,tablet,enterprise,0,0,1,87.77646005405212,97,1
user_934,"[""view_item"", ""view_returns"", ""search"", ""check_policy"", ""rage_click"", ""view_returns"", ""add_to_cart"", ""page_view"", ""view_item"", ""view_item"", ""remove_from_cart""]",IN,tablet,free,1,1,2,509.56876490521614,59,0
user_935,"[""remove_from_cart"", ""rage_click"", ""remove_from_cart"", ""purchase"", ""purchase"", ""contact_support"", ""search"", ""contact_support"", ""page_view"", ""view_returns""]",JP,mobile,free,1,0,0,315.2062087504413,45,0
user_936,"[""add_to_cart"", ""purchase"", ""add_to_cart"", ""search"", ""view_item"", ""begin_checkout"", ""page_view"", ""rage_click"", ""search"", ""check_policy"", ""add_to_cart"", ""remove_from_cart"", ""purchase"", ""add_to_cart"", ""wishlist_add"", ""check_policy""]",IN,mobile,premium,0,0,2,558.1191372094082,54,0
user_937,"[""purchase"", ""rage_click"", ""wishlist_add"", ""begin_checkout"", ""remove_from_cart"", ""add_to_cart"", ""contact_support"", ""page_view"", ""add_to_cart"", ""add_to_cart"", ""check_policy"", ""check_policy"", ""wishlist_add"", ""page_view"", ""add_to_cart"", ""view_returns"", ""rage_click""]",JP,mobile,premium,0,0,1,129.94045724958755,45,1
user_938,"[""check_policy"", ""wishlist_add"", ""search"", ""view_returns"", ""purchase"", ""search"", ""add_to_cart"", ""page_view"", ""check_policy"", ""page_view"", ""page_view""]",JP,mobile,enterprise,0,0,1,120.90997532384468,43,1
user_939,"[""contact_support"", ""check_policy"", ""search"", ""remove_from_cart"", ""purchase"", ""page_view"", ""check_policy"", ""wishlist_add"", ""purchase"", ""remove_from_cart"", ""check_policy"", ""add_to_cart"", ""page_view""]",FR,desktop,premium,0,0,2,7.257982797920733,18,1
user_940,"[""add_to_cart"", ""page_view"", ""view_item"", ""search"", ""begin_checkout"", ""view_returns"", ""page_view"", ""remove_from_cart""]",CN,tablet,enterprise,0,0,2,439.08914530284494,85,1
user_941,"[""remove_from_cart"", ""begin_checkout"", ""check_policy"", ""wishlist_add"", ""view_returns"", ""purchase"", ""page_view"", ""check_policy"", ""add_to_cart"", ""purchase"", ""view_returns"", ""check_policy"", ""contact_support"", ""purchase"", ""rage_click"", ""rage_click"", ""page_view"", ""page_view""]",JP,tablet,enterprise,0,0,1,120.2840733562107,93,1
user_942,"[""view_returns"", ""wishlist_add"", ""wishlist_add"", ""contact_support"", ""check_policy""]",UK,tablet,free,1,0,4,118.89764001725102,13,1
user_943,"[""view_item"", ""remove_from_cart"", ""add_to_cart"", ""check_policy"", ""contact_support"", ""view_returns"", ""purchase""]",UK,tablet,enterprise,0,0,2,350.08453838507705,88,0
user_944,"[""purchase"", ""view_item"", ""wishlist_add"", ""check_policy"", ""search"", ""contact_support"", ""check_policy""]",JP,desktop,free,0,0,2,87.4544129990279,72,1
user_945,"[""view_returns"", ""remove_from_cart"", ""check_policy"", ""remove_from_cart"", ""wishlist_add"", ""begin_checkout"", ""check_policy"", ""contact_support""]",DE,mobile,enterprise,0,0,2,719.1362775819938,13,1
user_946,"[""contact_support"", ""begin_checkout"", ""search"", ""add_to_cart"", ""begin_checkout"", ""add_to_cart"", ""search""]",JP,tablet,enterprise,0,0,2,231.6999708952507,14,0
user_947,"[""search"", ""check_policy"", ""page_view"", ""rage_click"", ""rage_click"", ""begin_checkout"", ""rage_click"", ""contact_support"", ""purchase"", ""begin_checkout"", ""add_to_cart"", ""search"", ""search"", ""view_returns""]",DE,tablet,enterprise,0,0,3,1046.7847543763526,19,0
user_948,"[""contact_support"", ""add_to_cart"", ""purchase"", ""view_returns"", ""rage_click"", ""purchase"", ""begin_checkout"", ""wishlist_add""]",US,mobile,premium,0,1,1,23.930198169835858,53,0
user_949,"[""view_item"", ""view_item"", ""rage_click"", ""view_item"", ""view_item"", ""add_to_cart"", ""add_to_cart"", ""remove_from_cart"", ""check_policy"", ""rage_click"", ""view_item"", ""remove_from_cart"", ""rage_click"", ""view_item"", ""contact_support""]",US,mobile,premium,1,1,2,123.21507787892904,49,1
user_950,"[""page_view"", ""contact_support"", ""view_returns"", ""rage_click"", ""check_policy"", ""view_returns"", ""remove_from_cart"", ""remove_from_cart"", ""view_item"", ""view_returns"", ""search"", ""view_item"", ""rage_click"", ""remove_from_cart"", ""page_view""]",UK,tablet,free,0,0,2,144.1230417271151,45,0
user_951,"[""remove_from_cart"", ""add_to_cart"", ""wishlist_add"", ""purchase"", ""check_policy"", ""view_returns"", ""view_item"", ""purchase"", ""purchase"", ""contact_support"", ""wishlist_add"", ""begin_checkout"", ""contact_support"", ""contact_support"", ""check_policy"", ""add_to_cart"", ""remove_from_cart""]",CN,mobile,enterprise,1,0,1,393.26782733873017,44,0
user_952,"[""rage_click"", ""remove_from_cart"", ""add_to_cart"", ""view_item"", ""begin_checkout"", ""remove_from_cart"", ""view_returns"", ""check_policy"", ""purchase"", ""search"", ""wishlist_add"", ""view_item"", ""add_to_cart"", ""contact_support""]",FR,tablet,free,0,0,2,71.84372244854882,68,1
user_953,"[""rage_click"", ""begin_checkout"", ""add_to_cart"", ""view_item"", ""view_returns"", ""purchase"", ""contact_support"", ""search"", ""wishlist_add"", ""check_policy"", ""page_view"", ""page_view"", ""contact_support""]",CN,tablet,free,0,0,2,141.1671443462985,74,0
user_954,"[""contact_support"", ""add_to_cart"", ""wishlist_add"", ""page_view"", ""begin_checkout"", ""add_to_cart""]",UK,tablet,enterprise,1,0,1,724.5331779796651,91,1
user_955,"[""view_returns"", ""wishlist_add"", ""search"", ""purchase"", ""rage_click""]",UK,tablet,premium,0,0,0,36.49808599171215,40,1
user_956,"[""rage_click"", ""rage_click"", ""wishlist_add"", ""wishlist_add"", ""page_view"", ""add_to_cart"", ""purchase""]",CN,tablet,premium,1,0,1,410.3289397580768,55,1
user_957,"[""remove_from_cart"", ""begin_checkout"", ""rage_click"", ""purchase"", ""wishlist_add"", ""check_policy"", ""check_policy"", ""remove_from_cart"", ""remove_from_cart"", ""remove_from_cart"", ""search"", ""begin_checkout""]",FR,tablet,free,2,0,2,363.687303089693,58,0
user_958,"[""view_returns"", ""rage_click"", ""view_item"", ""search"", ""check_policy"", ""page_view"", ""page_view"", ""remove_from_cart"", ""contact_support""]",UK,mobile,premium,1,0,1,41.952835117787416,15,1
user_959,"[""view_item"", ""search"", ""view_item"", ""page_view"", ""contact_support"", ""view_item"", ""check_policy"", ""rage_click"", ""purchase"", ""contact_support"", ""view_item""]",BR,desktop,enterprise,1,1,0,349.89781353404055,79,0
user_960,"[""contact_support"", ""contact_support"", ""rage_click"", ""check_policy"", ""search"", ""page_view"", ""wishlist_add"", ""rage_click"", ""view_item"", ""remove_from_cart"", ""rage_click"", ""remove_from_cart"", ""add_to_cart"", ""page_view"", ""check_policy"", ""purchase""]",BR,desktop,enterprise,1,0,3,253.04021433097182,28,0
user_961,"[""remove_from_cart"", ""purchase"", ""purchase"", ""remove_from_cart"", ""purchase"", ""contact_support"", ""search"", ""view_returns"", ""add_to_cart"", ""remove_from_cart"", ""contact_support"", ""wishlist_add"", ""page_view"", ""remove_from_cart""]",FR,tablet,premium,1,1,1,101.70201531252832,51,0
user_962,"[""contact_support"", ""contact_support"", ""wishlist_add"", ""rage_click"", ""view_returns"", ""search"", ""remove_from_cart"", ""wishlist_add"", ""check_policy"", ""contact_support"", ""add_to_cart"", ""rage_click"", ""contact_support"", ""remove_from_cart"", ""view_item""]",UK,mobile,premium,0,1,4,111.81568694289686,39,0
user_963,"[""begin_checkout"", ""view_item"", ""contact_support"", ""purchase"", ""search"", ""contact_support"", ""page_view"", ""purchase"", ""remove_from_cart"", ""add_to_cart"", ""view_item"", ""check_policy"", ""rage_click"", ""wishlist_add""]",BR,tablet,free,0,0,1,536.9145636481968,35,1
user_964,"[""purchase"", ""rage_click"", ""view_item"", ""check_policy"", ""begin_checkout"", ""begin_checkout"", ""search""]",US,mobile,premium,0,1,1,78.80513929766175,12,0
user_965,"[""rage_click"", ""remove_from_cart"", ""rage_click"", ""search"", ""contact_support"", ""rage_click"", ""remove_from_cart"", ""add_to_cart"", ""view_item"", ""rage_click"", ""wishlist_add""]",DE,tablet,free,0,0,2,215.71217974682608,42,1
user_966,"[""purchase"", ""begin_checkout"", ""begin_checkout"", ""remove_from_cart"", ""purchase"", ""begin_checkout""]",UK,tablet,enterprise,0,0,1,342.9101046998511,59,0
user_967,"[""remove_from_cart"", ""rage_click"", ""purchase"", ""search"", ""contact_support"", ""contact_support"", ""contact_support"", ""add_to_cart"", ""contact_support"", ""purchase"", ""page_view"", ""begin_checkout"", ""contact_support"", ""purchase"", ""search""]",DE,desktop,enterprise,0,0,0,41.74472361055601,40,0
user_968,"[""search"", ""rage_click"", ""search"", ""add_to_cart"", ""view_item"", ""remove_from_cart"", ""view_returns"", ""search"", ""view_returns"", ""add_to_cart"", ""remove_from_cart"", ""add_to_cart""]",JP,mobile,enterprise,0,1,0,808.0395450571951,93,0
user_969,"[""view_item"", ""remove_from_cart"", ""purchase"", ""search"", ""search"", ""begin_checkout"", ""add_to_cart"", ""view_item"", ""rage_click"", ""page_view"", ""rage_click"", ""page_view"", ""check_policy"", ""purchase""]",BR,mobile,premium,0,0,0,90.5887928537051,77,0
user_970,"[""add_to_cart"", ""add_to_cart"", ""search"", ""page_view"", ""remove_from_cart"", ""wishlist_add"", ""view_item"", ""contact_support"", ""view_returns"", ""add_to_cart"", ""check_policy""]",UK,desktop,premium,0,1,0,115.18517951834784,91,1
user_971,"[""wishlist_add"", ""rage_click"", ""purchase"", ""page_view"", ""view_returns"", ""page_view"", ""add_to_cart"", ""search"", ""begin_checkout"", ""view_returns"", ""rage_click""]",US,desktop,premium,1,1,2,329.08826020290365,19,1
user_972,"[""check_policy"", ""rage_click"", ""search"", ""add_to_cart"", ""begin_checkout"", ""contact_support"", ""view_returns"", ""wishlist_add"", ""page_view"", ""view_returns"", ""check_policy"", ""page_view"", ""contact_support"", ""wishlist_add"", ""contact_support"", ""wishlist_add"", ""purchase"", ""page_view"", ""view_item""]",FR,desktop,free,0,0,4,24.425381179768166,31,0
user_973,"[""view_item"", ""contact_support"", ""page_view"", ""purchase"", ""view_returns"", ""view_returns"", ""view_returns"", ""search"", ""purchase""]",US,desktop,free,0,0,2,296.3462430610119,72,1
user_974,"[""add_to_cart"", ""page_view"", ""view_item"", ""begin_checkout"", ""contact_support"", ""begin_checkout"", ""contact_support"", ""page_view"", ""page_view"", ""rage_click"", ""view_item"", ""check_policy"", ""contact_support"", ""remove_from_cart"", ""check_policy""]",DE,mobile,free,1,1,1,743.1885637914833,63,0
user_975,"[""begin_checkout"", ""wishlist_add"", ""wishlist_add"", ""page_view"", ""remove_from_cart"", ""contact_support"", ""add_to_cart"", ""contact_support"", ""wishlist_add"", ""begin_checkout"", ""contact_support"", ""contact_support""]",FR,mobile,enterprise,0,0,1,85.94106423521136,60,0
user_976,"[""purchase"", ""view_item"", ""check_policy"", ""add_to_cart"", ""page_view"", ""contact_support"", ""add_to_cart"", ""rage_click"", ""contact_support"", ""search"", ""search"", ""purchase"", ""search"", ""purchase"", ""remove_from_cart"", ""view_returns"", ""begin_checkout""]",US,desktop,free,0,0,2,134.7817131692502,90,0
user_977,"[""rage_click"", ""begin_checkout"", ""search"", ""begin_checkout"", ""remove_from_cart"", ""purchase"", ""view_item"", ""add_to_cart"", ""page_view"", ""view_item"", ""view_item""]",US,tablet,premium,1,0,0,79.3201442782477,13,0
user_978,"[""view_returns"", ""view_item"", ""purchase"", ""begin_checkout"", ""add_to_cart"", ""begin_checkout"", ""begin_checkout"", ""begin_checkout"", ""add_to_cart"", ""add_to_cart"", ""remove_from_cart"", ""check_policy""]",US,tablet,premium,1,0,3,512.3944298628394,46,1
user_979,"[""wishlist_add"", ""wishlist_add"", ""view_item"", ""contact_support"", ""remove_from_cart"", ""remove_from_cart"", ""page_view"", ""contact_support"", ""view_returns"", ""page_view"", ""view_returns"", ""check_policy"", ""rage_click"", ""view_returns"", ""begin_checkout"", ""view_returns""]",CN,tablet,enterprise,1,0,1,55.035474971629625,80,0
user_980,"[""search"", ""contact_support"", ""wishlist_add"", ""wishlist_add"", ""add_to_cart"", ""contact_support"", ""check_policy"", ""wishlist_add"", ""remove_from_cart"", ""begin_checkout"", ""rage_click"", ""check_policy"", ""remove_from_cart"", ""purchase"", ""contact_support"", ""search"", ""check_policy"", ""contact_support""]",IN,tablet,premium,0,0,1,127.68269815297296,72,0
user_981,"[""rage_click"", ""remove_from_cart"", ""contact_support"", ""add_to_cart"", ""view_returns"", ""page_view"", ""rage_click"", ""page_view"", ""view_item"", ""view_returns"", ""rage_click"", ""check_policy"", ""add_to_cart"", ""check_policy"", ""purchase"", ""view_item"", ""add_to_cart""]",FR,mobile,premium,0,0,0,275.65456616292147,60,0
user_982,"[""wishlist_add"", ""contact_support"", ""contact_support"", ""wishlist_add"", ""begin_checkout"", ""contact_support"", ""remove_from_cart"", ""view_item"", ""remove_from_cart"", ""wishlist_add"", ""view_returns"", ""begin_checkout"", ""begin_checkout"", ""wishlist_add"", ""wishlist_add""]",US,mobile,premium,1,0,2,155.53359030737215,17,0
user_983,"[""add_to_cart"", ""view_returns"", ""purchase"", ""view_item"", ""view_item"", ""rage_click"", ""check_policy"", ""contact_support"", ""rage_click"", ""purchase"", ""begin_checkout"", ""wishlist_add"", ""page_view"", ""wishlist_add""]",IN,mobile,free,0,0,2,20.313244907132606,10,0
user_984,"[""purchase"", ""add_to_cart"", ""add_to_cart"", ""add_to_cart"", ""add_to_cart"", ""check_policy"", ""contact_support"", ""search"", ""view_item"", ""contact_support""]",BR,tablet,free,1,1,3,885.3462480893845,17,0
user_985,"[""contact_support"", ""view_item"", ""add_to_cart"", ""contact_support"", ""wishlist_add"", ""check_policy"", ""add_to_cart"", ""check_policy"", ""rage_click"", ""search"", ""contact_support"", ""wishlist_add"", ""search"", ""remove_from_cart"", ""check_policy"", ""rage_click"", ""view_returns""]",BR,desktop,premium,0,1,1,123.70180327793554,92,1
user_986,"[""rage_click"", ""begin_checkout"", ""begin_checkout"", ""add_to_cart"", ""begin_checkout"", ""view_returns"", ""wishlist_add"", ""begin_checkout"", ""remove_from_cart"", ""view_returns"", ""check_policy"", ""purchase""]",US,tablet,premium,0,1,2,176.98836314703914,90,0
user_987,"[""begin_checkout"", ""contact_support"", ""view_item"", ""remove_from_cart"", ""view_returns"", ""view_returns"", ""search"", ""page_view"", ""view_item""]",DE,mobile,premium,0,1,3,55.01295459332934,64,0
user_988,"[""rage_click"", ""contact_support"", ""search"", ""wishlist_add"", ""search"", ""check_policy"", ""contact_support"", ""begin_checkout"", ""page_view""]",US,tablet,premium,0,1,3,601.5234705117933,18,0
user_989,"[""purchase"", ""wishlist_add"", ""view_returns"", ""check_policy"", ""view_item"", ""wishlist_add"", ""begin_checkout"", ""search"", ""remove_from_cart"", ""rage_click"", ""contact_support"", ""page_view"", ""wishlist_add"", ""purchase"", ""add_to_cart"", ""search"", ""rage_click"", ""begin_checkout"", ""purchase""]",BR,desktop,free,1,0,2,103.35141413178383,60,0
user_990,"[""rage_click"", ""rage_click"", ""view_returns"", ""rage_click"", ""remove_from_cart"", ""purchase"", ""begin_checkout"", ""begin_checkout"", ""remove_from_cart"", ""view_item"", ""wishlist_add"", ""purchase"", ""rage_click"", ""wishlist_add"", ""page_view""]",US,desktop,enterprise,1,0,0,6.006646697465679,25,1
user_991,"[""check_policy"", ""purchase"", ""add_to_cart"", ""page_view"", ""remove_from_cart"", ""rage_click"", ""view_item"", ""add_to_cart"", ""view_item"", ""view_item"", ""contact_support"", ""search"", ""search"", ""view_returns"", ""add_to_cart"", ""check_policy"", ""view_returns"", ""add_to_cart""]",JP,tablet,premium,0,1,1,114.11583170114345,62,0
user_992,"[""view_returns"", ""add_to_cart"", ""check_policy"", ""wishlist_add"", ""page_view"", ""wishlist_add""]",IN,mobile,free,0,0,1,1241.6711444717992,68,0
user_993,"[""wishlist_add"", ""wishlist_add"", ""rage_click"", ""wishlist_add"", ""add_to_cart"", ""check_policy"", ""purchase"", ""view_returns"", ""add_to_cart"", ""add_to_cart""]",FR,mobile,premium,1,0,2,47.64346292370981,54,0
user_994,"[""add_to_cart"", ""rage_click"", ""search"", ""remove_from_cart"", ""purchase"", ""view_returns"", ""search"", ""view_returns""]",JP,mobile,enterprise,1,1,1,9.509896458067868,46,1
user_995,"[""begin_checkout"", ""begin_checkout"", ""purchase"", ""contact_support"", ""check_policy"", ""contact_support"", ""check_policy"", ""remove_from_cart"", ""purchase"", ""check_policy"", ""begin_checkout"", ""begin_checkout"", ""view_item"", ""check_policy"", ""wishlist_add"", ""purchase"", ""search"", ""page_view"", ""remove_from_cart""]",IN,tablet,free,0,0,0,258.94984263775245,75,1
user_996,"[""wishlist_add"", ""add_to_cart"", ""check_policy"", ""search"", ""wishlist_add"", ""contact_support"", ""remove_from_cart""]",IN,mobile,free,0,0,0,139.40528294092746,73,0
user_997,"[""wishlist_add"", ""view_returns"", ""search"", ""rage_click"", ""add_to_cart"", ""begin_checkout"", ""remove_from_cart"", ""wishlist_add"", ""contact_support"", ""purchase"", ""search"", ""contact_support"", ""remove_from_cart"", ""view_returns"", ""add_to_cart"", ""search"", ""begin_checkout"", ""page_view"", ""purchase""]",CN,tablet,enterprise,0,0,6,475.38744463377935,45,0
user_998,"[""begin_checkout"", ""view_returns"", ""rage_click"", ""view_returns"", ""view_returns"", ""wishlist_add"", ""add_to_cart"", ""remove_from_cart"", ""search"", ""remove_from_cart"", ""search"", ""begin_checkout"", ""rage_click"", ""wishlist_add"", ""rage_click""]",DE,mobile,enterprise,1,0,2,394.90487837042235,85,0
user_999,"[""wishlist_add"", ""page_view"", ""view_returns"", ""page_view"", ""view_item"", ""check_policy"", ""view_returns"", ""page_view"", ""add_to_cart"", ""check_policy"", ""rage_click"", ""view_returns"", ""view_returns"", ""rage_click""]",IN,desktop,free,1,0,0,61.524432860055434,59,1
user_1000,"[""add_to_cart"", ""view_returns"", ""page_view"", ""view_returns"", ""check_policy"", ""view_returns"", ""page_view"", ""purchase"", ""check_policy"", ""search"", ""begin_checkout"", ""begin_checkout"", ""check_policy"", ""search""]",JP,desktop,enterprise,1,1,0,249.4692988296267,62,0
user_1001,"[""add_to_cart"", ""purchase"", ""check_policy"", ""page_view"", ""wishlist_add"", ""view_item"", ""wishlist_add"", ""remove_from_cart"", ""view_returns"", ""search"", ""contact_support"", ""purchase"", ""page_view"", ""contact_support"", ""begin_checkout"", ""check_policy"", ""purchase"", ""wishlist_add"", ""rage_click""]",CN,mobile,premium,0,0,3,9.892114230372998,66,0
user_1002,"[""remove_from_cart"", ""search"", ""wishlist_add"", ""begin_checkout"", ""check_policy"", ""view_returns"", ""begin_checkout"", ""rage_click"", ""contact_support"", ""wishlist_add"", ""remove_from_cart"", ""remove_from_cart""]",UK,tablet,enterprise,2,0,1,173.66615807245688,28,0
user_1003,"[""view_returns"", ""page_view"", ""view_returns"", ""begin_checkout"", ""search"", ""page_view"", ""remove_from_cart"", ""view_item"", ""remove_from_cart"", ""view_returns"", ""begin_checkout"", ""page_view"", ""check_policy"", ""page_view"", ""rage_click"", ""add_to_cart"", ""wishlist_add""]",FR,mobile,enterprise,1,0,3,375.5848728833335,35,0
user_1004,"[""purchase"", ""contact_support"", ""purchase"", ""search"", ""search"", ""purchase"", ""page_view""]",US,tablet,free,0,0,0,160.82189800665475,77,0
user_1005,"[""wishlist_add"", ""purchase"", ""view_returns"", ""page_view"", ""begin_checkout"", ""add_to_cart"", ""view_item"", ""search"", ""view_returns""]",JP,desktop,enterprise,0,0,1,37.65337131844353,52,0
user_1006,"[""contact_support"", ""check_policy"", ""begin_checkout"", ""wishlist_add"", ""rage_click"", ""begin_checkout"", ""view_item"", ""add_to_cart"", ""remove_from_cart"", ""begin_checkout"", ""add_to_cart""]",JP,tablet,free,0,1,1,19.05246346324312,67,0
user_1007,"[""check_policy"", ""begin_checkout"", ""begin_checkout"", ""purchase"", ""check_policy"", ""contact_support"", ""contact_support"", ""view_returns"", ""rage_click"", ""search"", ""remove_from_cart"", ""begin_checkout"", ""begin_checkout"", ""view_returns"", ""rage_click"", ""check_policy""]",US,mobile,premium,1,0,2,576.5456513001291,86,0
user_1008,"[""begin_checkout"", ""add_to_cart"", ""page_view"", ""search"", ""rage_click"", ""begin_checkout"", ""rage_click"", ""contact_support"", ""wishlist_add"", ""remove_from_cart"", ""begin_checkout"", ""remove_from_cart"", ""view_item"", ""wishlist_add"", ""page_view"", ""view_returns"", ""remove_from_cart"", ""begin_checkout"", ""purchase""]",US,desktop,enterprise,0,0,2,665.8234611685194,68,0
user_1009,"[""view_returns"", ""search"", ""view_returns"", ""check_policy"", ""remove_from_cart"", ""purchase"", ""remove_from_cart"", ""check_policy"", ""wishlist_add"", ""wishlist_add"", ""search"", ""page_view"", ""begin_checkout"", ""contact_support"", ""wishlist_add"", ""contact_support"", ""remove_from_cart"", ""search""]",DE,tablet,enterprise,0,0,1,126.06360998824076,55,0
user_1010,"[""rage_click"", ""begin_checkout"", ""remove_from_cart"", ""rage_click"", ""begin_checkout"", ""rage_click"", ""view_returns"", ""remove_from_cart"", ""search"", ""search"", ""check_policy""]",JP,tablet,free,0,1,1,53.7998451258671,77,0
user_1011,"[""contact_support"", ""remove_from_cart"", ""begin_checkout"", ""begin_checkout"", ""search"", ""rage_click"", ""wishlist_add"", ""rage_click"", ""purchase""]",JP,desktop,free,0,0,2,1153.536680016764,49,1
user_1012,"[""remove_from_cart"", ""view_item"", ""add_to_cart"", ""view_item"", ""begin_checkout"", ""purchase"", ""search"", ""begin_checkout"", ""view_item"", ""wishlist_add"", ""begin_checkout"", ""rage_click"", ""remove_from_cart"", ""wishlist_add"", ""contact_support"", ""view_item"", ""add_to_cart"", ""add_to_cart""]",BR,mobile,enterprise,0,1,0,236.80744015847822,22,0
user_1013,"[""remove_from_cart"", ""page_view"", ""page_view"", ""check_policy"", ""check_policy"", ""view_item"", ""rage_click"", ""rage_click"", ""begin_checkout"", ""add_to_cart"", ""add_to_cart"", ""wishlist_add"", ""add_to_cart""]",IN,desktop,free,0,0,1,194.25433802829346,18,0
user_1014,"[""remove_from_cart"", ""view_returns"", ""search"", ""search"", ""search"", ""begin_checkout"", ""page_view"", ""rage_click"", ""page_view"", ""purchase""]",UK,mobile,enterprise,2,0,2,405.98294690858916,75,1
user_1015,"[""add_to_cart"", ""contact_support"", ""begin_checkout"", ""contact_support"", ""check_policy""]",BR,mobile,premium,0,1,0,55.490479061962944,62,0
user_1016,"[""contact_support"", ""view_returns"", ""wishlist_add"", ""rage_click"", ""purchase"", ""search"", ""rage_click"", ""view_returns"", ""rage_click"", ""contact_support"", ""remove_from_cart"", ""rage_click"", ""check_policy"", ""begin_checkout"", ""begin_checkout"", ""page_view"", ""view_item"", ""contact_support""]",CN,tablet,enterprise,1,2,0,260.24282997544054,85,0
user_1017,"[""view_returns"", ""purchase"", ""wishlist_add"", ""contact_support"", ""search"", ""begin_checkout"", ""page_view""]",UK,mobile,premium,2,0,3,662.6255912532633,90,0
user_1018,"[""search"", ""wishlist_add"", ""rage_click"", ""add_to_cart"", ""add_to_cart"", ""view_item"", ""remove_from_cart"", ""wishlist_add"", ""view_item"", ""rage_click"", ""wishlist_add"", ""contact_support"", ""check_policy"", ""view_returns"", ""add_to_cart"", ""purchase""]",BR,mobile,premium,0,1,1,7.001618277816878,13,0
user_1019,"[""contact_support"", ""purchase"", ""page_view"", ""purchase"", ""add_to_cart"", ""search"", ""add_to_cart"", ""add_to_cart"", ""contact_support"", ""search"", ""search"", ""contact_support"", ""search"", ""view_returns"", ""begin_checkout"", ""remove_from_cart"", ""rage_click"", ""rage_click"", ""page_view""]",JP,desktop,free,2,0,1,335.2832227097977,23,0
user_1020,"[""view_returns"", ""begin_checkout"", ""check_policy"", ""page_view"", ""wishlist_add"", ""contact_support""]",UK,desktop,free,0,0,1,240.5031178385772,94,0
user_1021,"[""begin_checkout"", ""search"", ""wishlist_add"", ""add_to_cart"", ""contact_support"", ""wishlist_add"", ""wishlist_add"", ""view_item"", ""view_item"", ""rage_click"", ""remove_from_cart"", ""remove_from_cart"", ""check_policy"", ""contact_support"", ""contact_support"", ""view_item""]",JP,mobile,free,1,0,3,903.5632800640964,17,1
user_1022,"[""add_to_cart"", ""purchase"", ""add_to_cart"", ""search"", ""begin_checkout"", ""remove_from_cart"", ""add_to_cart""]",FR,tablet,free,0,2,1,89.80436017022637,71,1
user_1023,"[""contact_support"", ""add_to_cart"", ""purchase"", ""check_policy"", ""check_policy"", ""view_item"", ""add_to_cart"", ""wishlist_add"", ""contact_support"", ""contact_support"", ""remove_from_cart"", ""check_policy""]",DE,desktop,enterprise,0,0,0,587.468156031147,54,0
user_1024,"[""add_to_cart"", ""check_policy"", ""check_policy"", ""contact_support"", ""add_to_cart"", ""wishlist_add""]",UK,tablet,premium,2,2,3,110.87842905256473,76,1
user_1025,"[""wishlist_add"", ""add_to_cart"", ""begin_checkout"", ""check_policy"", ""remove_from_cart""]",JP,desktop,enterprise,0,0,5,168.5638819651004,71,0
user_1026,"[""search"", ""search"", ""page_view"", ""purchase"", ""view_item"", ""wishlist_add"", ""add_to_cart"", ""remove_from_cart"", ""purchase"", ""purchase"", ""check_policy"", ""begin_checkout"", ""check_policy"", ""view_item"", ""page_view"", ""wishlist_add"", ""contact_support""]",UK,desktop,premium,0,0,2,71.96774728166623,87,0
user_1027,"[""page_view"", ""wishlist_add"", ""view_item"", ""search"", ""wishlist_add"", ""contact_support"", ""purchase"", ""page_view"", ""contact_support"", ""add_to_cart"", ""check_policy"", ""wishlist_add""]",IN,mobile,premium,1,0,1,597.6293007200214,92,0
user_1028,"[""remove_from_cart"", ""wishlist_add"", ""add_to_cart"", ""page_view"", ""wishlist_add"", ""rage_click"", ""contact_support"", ""purchase"", ""purchase"", ""rage_click"", ""page_view"", ""purchase""]",IN,desktop,premium,1,0,0,65.22660789497093,79,0
user_1029,"[""begin_checkout"", ""search"", ""purchase"", ""search"", ""view_returns"", ""begin_checkout"", ""view_item"", ""wishlist_add"", ""wishlist_add"", ""view_item"", ""contact_support"", ""begin_checkout"", ""add_to_cart"", ""contact_support"", ""add_to_cart"", ""view_returns""]",CN,desktop,enterprise,2,2,1,587.7262630987486,45,0
user_1030,"[""page_view"", ""wishlist_add"", ""wishlist_add"", ""begin_checkout"", ""rage_click"", ""remove_from_cart"", ""page_view"", ""view_returns"", ""begin_checkout"", ""view_item"", ""wishlist_add""]",DE,tablet,free,0,0,1,182.42867722359168,93,0
user_1031,"[""wishlist_add"", ""wishlist_add"", ""wishlist_add"", ""add_to_cart"", ""rage_click""]",FR,desktop,enterprise,0,0,1,540.6984251127278,10,0
user_1032,"[""remove_from_cart"", ""view_returns"", ""view_returns"", ""contact_support"", ""wishlist_add""]",US,desktop,premium,2,0,2,92.15675514195433,69,1
user_1033,"[""search"", ""view_returns"", ""contact_support"", ""view_returns"", ""remove_from_cart"", ""view_returns"", ""rage_click"", ""check_policy"", ""wishlist_add"", ""view_item"", ""rage_click"", ""search"", ""view_returns"", ""begin_checkout"", ""wishlist_add""]",IN,tablet,enterprise,0,0,1,42.721528501309805,83,0
user_1034,"[""check_policy"", ""view_item"", ""add_to_cart"", ""wishlist_add"", ""rage_click"", ""remove_from_cart"", ""remove_from_cart""]",US,mobile,premium,1,1,0,242.87818667105026,22,0
user_1035,"[""begin_checkout"", ""add_to_cart"", ""rage_click"", ""add_to_cart"", ""view_item"", ""wishlist_add"", ""begin_checkout""]",UK,mobile,free,0,0,1,213.66051136465782,21,0
user_1036,"[""page_view"", ""wishlist_add"", ""search"", ""purchase"", ""contact_support"", ""add_to_cart"", ""remove_from_cart"", ""purchase"", ""view_returns"", ""rage_click""]",JP,desktop,free,1,0,3,132.30003943617643,84,0
user_1037,"[""check_policy"", ""begin_checkout"", ""wishlist_add"", ""rage_click"", ""remove_from_cart"", ""contact_support"", ""search"", ""purchase"", ""begin_checkout"", ""page_view""]",CN,desktop,enterprise,0,0,0,326.14277210071094,26,1
user_1038,"[""begin_checkout"", ""rage_click"", ""page_view"", ""begin_checkout"", ""check_policy"", ""search"", ""purchase"", ""purchase"", ""wishlist_add""]",IN,tablet,free,0,1,3,29.99345087066735,56,1
user_1039,"[""purchase"", ""begin_checkout"", ""contact_support"", ""begin_checkout"", ""rage_click"", ""view_returns"", ""wishlist_add"", ""contact_support"", ""remove_from_cart"", ""remove_from_cart"", ""contact_support""]",DE,mobile,premium,0,0,2,291.8591781172234,62,1
user_1040,"[""add_to_cart"", ""view_returns"", ""check_policy"", ""begin_checkout"", ""contact_support"", ""add_to_cart"", ""begin_checkout"", ""add_to_cart"", ""contact_support""]",FR,mobile,premium,1,1,1,71.38431330078737,76,1
user_1041,"[""page_view"", ""purchase"", ""contact_support"", ""remove_from_cart"", ""remove_from_cart"", ""view_returns"", ""view_item"", ""remove_from_cart"", ""view_item""]",FR,mobile,free,1,0,2,41.418338700921524,19,0
user_1042,"[""contact_support"", ""add_to_cart"", ""wishlist_add"", ""view_returns"", ""purchase""]",IN,tablet,free,0,0,1,721.0804511371941,55,0
user_1043,"[""check_policy"", ""view_item"", ""purchase"", ""view_returns"", ""view_returns"", ""remove_from_cart"", ""purchase"", ""begin_checkout"", ""rage_click"", ""view_returns"", ""view_item"", ""wishlist_add"", ""check_policy"", ""check_policy"", ""search"", ""wishlist_add""]",IN,tablet,free,1,0,3,184.74239725365368,92,0
user_1044,"[""page_view"", ""wishlist_add"", ""remove_from_cart"", ""begin_checkout"", ""remove_from_cart""]",BR,tablet,enterprise,0,0,2,432.4366915402268,13,1
user_1045,"[""add_to_cart"", ""check_policy"", ""view_returns"", ""purchase"", ""purchase"", ""view_returns"", ""view_returns"", ""check_policy"", ""purchase"", ""purchase"", ""contact_support""]",FR,desktop,enterprise,1,0,0,28.002222514396237,66,0
user_1046,"[""purchase"", ""view_returns"", ""page_view"", ""begin_checkout"", ""add_to_cart"", ""wishlist_add"", ""view_returns"", ""search"", ""purchase"", ""view_item"", ""check_policy"", ""check_policy"", ""begin_checkout"", ""view_returns"", ""begin_checkout""]",US,mobile,premium,0,0,2,17.754628691775764,47,0
user_1047,"[""rage_click"", ""remove_from_cart"", ""view_item"", ""remove_from_cart"", ""rage_click""]",DE,desktop,enterprise,0,0,2,204.87127345160928,21,0
user_1048,"[""remove_from_cart"", ""view_item"", ""begin_checkout"", ""add_to_cart"", ""contact_support"", ""view_item""]",BR,desktop,enterprise,0,1,1,113.74240961420293,40,0
user_1049,"[""rage_click"", ""begin_checkout"", ""contact_support"", ""begin_checkout"", ""page_view"", ""purchase"", ""check_policy"", ""page_view"", ""rage_click"", ""view_returns"", ""wishlist_add"", ""view_returns"", ""check_policy"", ""begin_checkout"", ""add_to_cart"", ""wishlist_add"", ""rage_click"", ""check_policy""]",US,tablet,premium,1,1,1,1.4758118419824138,11,0
user_1050,"[""contact_support"", ""contact_support"", ""view_returns"", ""purchase"", ""wishlist_add"", ""search"", ""begin_checkout"", ""view_returns"", ""add_to_cart"", ""wishlist_add"", ""check_policy"", ""view_item"", ""add_to_cart"", ""wishlist_add"", ""view_item""]",UK,mobile,premium,0,0,3,60.74306749210294,10,1
user_1051,"[""check_policy"", ""search"", ""contact_support"", ""search"", ""search"", ""search"", ""contact_support"", ""page_view"", ""contact_support""]",FR,desktop,free,0,0,2,74.06782148779672,90,0
user_1052,"[""page_view"", ""page_view"", ""wishlist_add"", ""contact_support"", ""view_returns"", ""purchase"", ""purchase"", ""wishlist_add"", ""rage_click"", ""remove_from_cart"", ""view_returns"", ""remove_from_cart"", ""view_item""]",DE,mobile,free,0,0,3,102.11663780016825,34,1
user_1053,"[""view_returns"", ""wishlist_add"", ""check_policy"", ""remove_from_cart"", ""rage_click"", ""rage_click"", ""view_returns"", ""page_view"", ""check_policy"", ""begin_checkout"", ""check_policy"", ""wishlist_add"", ""rage_click"", ""view_item"", ""search""]",IN,desktop,enterprise,1,0,2,629.9804148067502,14,1
user_1054,"[""remove_from_cart"", ""view_item"", ""add_to_cart"", ""search"", ""view_returns"", ""wishlist_add"", ""rage_click"", ""purchase""]",FR,tablet,premium,0,0,2,163.72996865887316,57,1
user_1055,"[""view_item"", ""view_item"", ""check_policy"", ""view_returns"", ""view_returns"", ""purchase"", ""contact_support"", ""view_returns"", ""page_view"", ""rage_click"", ""wishlist_add"", ""page_view"", ""add_to_cart"", ""wishlist_add""]",US,desktop,enterprise,0,2,1,341.2986224156313,23,1
user_1056,"[""search"", ""begin_checkout"", ""rage_click"", ""rage_click"", ""purchase"", ""search"", ""page_view"", ""contact_support"", ""check_policy"", ""purchase"", ""rage_click"", ""check_policy"", ""wishlist_add""]",US,tablet,enterprise,0,0,2,5.570221503659244,61,0
user_1057,"[""wishlist_add"", ""remove_from_cart"", ""check_policy"", ""view_item"", ""purchase"", ""purchase"", ""view_item"", ""remove_from_cart"", ""view_returns"", ""view_returns"", ""view_returns"", ""view_returns"", ""page_view"", ""view_item"", ""wishlist_add""]",US,mobile,premium,2,0,0,504.4827311416106,83,1
user_1058,"[""remove_from_cart"", ""wishlist_add"", ""rage_click"", ""add_to_cart"", ""purchase"", ""check_policy"", ""view_returns"", ""check_policy"", ""add_to_cart"", ""purchase"", ""begin_checkout"", ""wishlist_add"", ""contact_support"", ""remove_from_cart"", ""page_view"", ""check_policy"", ""view_returns"", ""view_item"", ""check_policy""]",FR,desktop,premium,0,0,2,82.46092821210466,30,0
user_1059,"[""begin_checkout"", ""remove_from_cart"", ""view_item"", ""contact_support"", ""purchase"", ""begin_checkout"", ""view_item"", ""contact_support"", ""check_policy"", ""purchase""]",DE,desktop,premium,0,1,1,110.90171183048975,34,1
user_1060,"[""search"", ""rage_click"", ""search"", ""contact_support"", ""begin_checkout"", ""rage_click"", ""rage_click"", ""page_view"", ""begin_checkout"", ""rage_click"", ""check_policy"", ""purchase"", ""purchase"", ""search"", ""check_policy"", ""page_view""]",DE,tablet,premium,1,0,1,13.89374691832005,76,0
user_1061,"[""page_view"", ""purchase"", ""remove_from_cart"", ""page_view"", ""rage_click"", ""wishlist_add"", ""remove_from_cart"", ""wishlist_add""]",UK,tablet,enterprise,0,0,2,158.13371374345434,91,0
user_1062,"[""check_policy"", ""view_returns"", ""wishlist_add"", ""search"", ""rage_click"", ""rage_click"", ""view_returns"", ""contact_support"", ""search"", ""wishlist_add""]",FR,mobile,enterprise,0,0,2,574.3343195576078,59,0
user_1063,"[""add_to_cart"", ""wishlist_add"", ""view_item"", ""begin_checkout"", ""page_view"", ""add_to_cart"", ""page_view"", ""add_to_cart"", ""remove_from_cart"", ""check_policy"", ""wishlist_add"", ""wishlist_add"", ""begin_checkout"", ""begin_checkout"", ""page_view"", ""view_returns""]",UK,tablet,enterprise,0,0,0,142.79890885516159,42,0
user_1064,"[""remove_from_cart"", ""contact_support"", ""begin_checkout"", ""view_item"", ""wishlist_add"", ""page_view"", ""rage_click"", ""view_item"", ""purchase"", ""page_view"", ""page_view"", ""rage_click"", ""remove_from_cart"", ""rage_click"", ""search"", ""begin_checkout"", ""check_policy""]",CN,mobile,premium,1,0,2,717.7702407311363,26,1
user_1065,"[""purchase"", ""view_returns"", ""page_view"", ""rage_click"", ""add_to_cart""]",UK,desktop,free,0,0,2,606.2331792366766,79,1
user_1066,"[""page_view"", ""search"", ""purchase"", ""search"", ""purchase""]",UK,mobile,enterprise,1,0,3,19.18910767319255,43,0
user_1067,"[""add_to_cart"", ""check_policy"", ""contact_support"", ""add_to_cart"", ""add_to_cart""]",UK,mobile,free,0,0,3,109.27043880200706,35,0
user_1068,"[""wishlist_add"", ""check_policy"", ""remove_from_cart"", ""remove_from_cart"", ""add_to_cart"", ""contact_support"", ""search""]",IN,mobile,free,0,0,2,723.777942575173,51,1
user_1069,"[""view_item"", ""remove_from_cart"", ""view_returns"", ""purchase"", ""check_policy"", ""check_policy"", ""view_item"", ""remove_from_cart"", ""contact_support"", ""contact_support"", ""purchase"", ""add_to_cart"", ""rage_click""]",US,desktop,free,1,4,0,9.078678107732397,40,0
user_1070,"[""remove_from_cart"", ""contact_support"", ""view_item"", ""purchase"", ""page_view"", ""purchase"", ""wishlist_add"", ""contact_support"", ""page_view"", ""view_returns"", ""begin_checkout"", ""purchase"", ""view_item"", ""view_item"", ""wishlist_add"", ""rage_click"", ""add_to_cart""]",CN,desktop,premium,1,0,1,435.48456075626456,60,1
user_1071,"[""contact_support"", ""begin_checkout"", ""wishlist_add"", ""remove_from_cart"", ""contact_support"", ""view_item"", ""view_returns"", ""contact_support"", ""check_policy"", ""search""]",BR,tablet,premium,0,0,5,710.7071588223346,45,0
user_1072,"[""purchase"", ""view_returns"", ""check_policy"", ""page_view"", ""begin_checkout"", ""view_item""]",IN,mobile,enterprise,2,1,1,441.54443104971347,22,0
user_1073,"[""check_policy"", ""check_policy"", ""add_to_cart"", ""check_policy"", ""begin_checkout"", ""view_returns"", ""wishlist_add"", ""view_returns"", ""check_policy"", ""purchase""]",UK,desktop,enterprise,1,0,2,408.5558319682106,94,1
user_1074,"[""purchase"", ""wishlist_add"", ""search"", ""rage_click"", ""view_item"", ""page_view""]",DE,mobile,premium,1,1,1,556.1334395481933,99,0
user_1075,"[""begin_checkout"", ""search"", ""purchase"", ""add_to_cart"", ""view_returns"", ""check_policy"", ""view_item"", ""wishlist_add"", ""check_policy"", ""page_view"", ""rage_click"", ""check_policy"", ""purchase"", ""view_item"", ""add_to_cart""]",UK,mobile,premium,0,0,2,328.7953282852496,89,0
user_1076,"[""contact_support"", ""begin_checkout"", ""rage_click"", ""purchase"", ""begin_checkout""]",US,mobile,free,0,0,3,165.02391941020335,22,1
user_1077,"[""add_to_cart"", ""begin_checkout"", ""view_returns"", ""wishlist_add"", ""view_item"", ""begin_checkout"", ""purchase"", ""contact_support"", ""view_returns"", ""view_returns"", ""begin_checkout"", ""rage_click"", ""remove_from_cart"", ""wishlist_add"", ""rage_click"", ""search""]",IN,desktop,premium,0,0,2,19.443343916154948,41,1
user_1078,"[""purchase"", ""remove_from_cart"", ""view_item"", ""view_returns"", ""purchase"", ""wishlist_add"", ""add_to_cart"", ""check_policy"", ""contact_support"", ""check_policy"", ""purchase""]",JP,mobile,premium,0,0,1,465.30463645405,14,1
user_1079,"[""view_returns"", ""page_view"", ""page_view"", ""purchase"", ""begin_checkout"", ""rage_click""]",BR,mobile,premium,0,0,1,706.965552756356,21,0
user_1080,"[""wishlist_add"", ""check_policy"", ""view_item"", ""wishlist_add"", ""check_policy"", ""add_to_cart"", ""page_view"", ""search"", ""view_returns"", ""wishlist_add"", ""add_to_cart"", ""search"", ""view_returns"", ""check_policy"", ""wishlist_add"", ""view_item"", ""page_view""]",CN,tablet,premium,1,1,2,214.97784513967108,68,0
user_1081,"[""page_view"", ""purchase"", ""search"", ""contact_support"", ""search"", ""contact_support"", ""view_returns"", ""check_policy"", ""remove_from_cart"", ""page_view"", ""page_view""]",JP,mobile,free,0,0,1,228.1135007272271,50,0
user_1082,"[""begin_checkout"", ""wishlist_add"", ""check_policy"", ""remove_from_cart"", ""contact_support"", ""wishlist_add"", ""page_view"", ""search""]",JP,tablet,enterprise,1,0,1,154.89569748908266,46,0
user_1083,"[""check_policy"", ""view_item"", ""search"", ""view_item"", ""view_returns"", ""wishlist_add"", ""contact_support"", ""contact_support"", ""contact_support"", ""begin_checkout"", ""contact_support"", ""view_item"", ""begin_checkout"", ""view_returns""]",CN,mobile,free,0,3,2,583.2270246657898,77,1
user_1084,"[""add_to_cart"", ""view_returns"", ""rage_click"", ""begin_checkout"", ""view_item"", ""view_item"", ""check_policy"", ""page_view"", ""contact_support"", ""wishlist_add""]",FR,tablet,premium,0,0,1,4.474189901457135,57,0
user_1085,"[""contact_support"", ""remove_from_cart"", ""page_view"", ""remove_from_cart"", ""wishlist_add"", ""search""]",BR,desktop,premium,0,0,1,293.8878328159604,52,0
user_1086,"[""contact_support"", ""begin_checkout"", ""rage_click"", ""page_view"", ""wishlist_add"", ""begin_checkout"", ""view_item"", ""rage_click"", ""purchase"", ""view_item"", ""add_to_cart"", ""view_returns"", ""page_view"", ""wishlist_add"", ""add_to_cart"", ""contact_support"", ""page_view""]",IN,desktop,enterprise,1,0,3,713.8822775439081,50,1
user_1087,"[""search"", ""view_returns"", ""page_view"", ""begin_checkout"", ""remove_from_cart"", ""check_policy"", ""begin_checkout"", ""view_returns"", ""wishlist_add"", ""search"", ""page_view"", ""begin_checkout"", ""remove_from_cart"", ""add_to_cart"", ""begin_checkout""]",BR,mobile,enterprise,0,0,0,32.68419065861377,65,1
user_1088,"[""add_to_cart"", ""view_returns"", ""add_to_cart"", ""page_view"", ""rage_click"", ""rage_click"", ""purchase"", ""contact_support"", ""page_view"", ""view_returns"", ""view_item"", ""rage_click"", ""view_returns"", ""add_to_cart""]",DE,tablet,enterprise,0,0,2,959.4613181008766,78,0
user_1089,"[""begin_checkout"", ""rage_click"", ""page_view"", ""rage_click"", ""remove_from_cart"", ""remove_from_cart"", ""remove_from_cart"", ""contact_support"", ""wishlist_add"", ""rage_click"", ""purchase"", ""search"", ""view_returns"", ""wishlist_add"", ""remove_from_cart"", ""add_to_cart"", ""page_view""]",US,desktop,free,0,0,2,1029.6036723295172,20,0
user_1090,"[""check_policy"", ""remove_from_cart"", ""view_returns"", ""add_to_cart"", ""page_view"", ""begin_checkout"", ""view_item"", ""add_to_cart"", ""purchase"", ""add_to_cart"", ""add_to_cart"", ""wishlist_add"", ""purchase"", ""begin_checkout""]",CN,mobile,enterprise,0,1,2,796.8749366387656,18,1
user_1091,"[""rage_click"", ""page_view"", ""add_to_cart"", ""add_to_cart"", ""search"", ""purchase"", ""view_returns"", ""add_to_cart"", ""add_to_cart"", ""purchase"", ""view_returns"", ""purchase"", ""wishlist_add"", ""contact_support""]",IN,mobile,premium,1,1,3,186.273684781703,37,0
user_1092,"[""remove_from_cart"", ""page_view"", ""view_returns"", ""remove_from_cart"", ""purchase"", ""search"", ""add_to_cart""]",JP,tablet,premium,1,0,2,144.85129164204994,31,1
user_1093,"[""wishlist_add"", ""search"", ""purchase"", ""wishlist_add"", ""search"", ""rage_click"", ""rage_click"", ""contact_support"", ""add_to_cart"", ""add_to_cart"", ""remove_from_cart"", ""wishlist_add"", ""check_policy"", ""add_to_cart"", ""contact_support""]",US,tablet,premium,0,0,1,367.1993281530834,84,1
user_1094,"[""search"", ""view_returns"", ""purchase"", ""remove_from_cart"", ""search"", ""wishlist_add"", ""search"", ""begin_checkout"", ""wishlist_add"", ""view_item"", ""purchase"", ""add_to_cart""]",US,mobile,free,1,1,2,115.1214550134695,94,0
user_1095,"[""purchase"", ""wishlist_add"", ""begin_checkout"", ""view_item"", ""wishlist_add"", ""begin_checkout"", ""begin_checkout"", ""rage_click"", ""search"", ""view_returns"", ""wishlist_add"", ""wishlist_add"", ""check_policy"", ""wishlist_add"", ""add_to_cart"", ""contact_support"", ""remove_from_cart"", ""purchase"", ""add_to_cart""]",FR,tablet,enterprise,3,0,0,21.237538640638007,15,0
user_1096,"[""rage_click"", ""view_returns"", ""purchase"", ""remove_from_cart"", ""check_policy"", ""search"", ""add_to_cart"", ""contact_support"", ""view_returns"", ""page_view"", ""add_to_cart"", ""search"", ""begin_checkout"", ""begin_checkout"", ""contact_support""]",JP,tablet,enterprise,0,0,1,695.0726469565394,35,0
user_1097,"[""view_item"", ""contact_support"", ""view_returns"", ""begin_checkout"", ""check_policy"", ""check_policy"", ""begin_checkout"", ""view_returns"", ""rage_click"", ""remove_from_cart"", ""remove_from_cart"", ""view_returns"", ""page_view"", ""remove_from_cart"", ""purchase"", ""remove_from_cart"", ""purchase"", ""begin_checkout""]",UK,desktop,enterprise,0,0,1,302.2390940358951,25,0
user_1098,"[""rage_click"", ""contact_support"", ""rage_click"", ""remove_from_cart"", ""remove_from_cart"", ""wishlist_add"", ""view_returns"", ""contact_support"", ""remove_from_cart"", ""view_item"", ""view_item"", ""page_view"", ""begin_checkout"", ""purchase"", ""rage_click"", ""begin_checkout"", ""purchase"", ""purchase""]",US,tablet,enterprise,1,0,0,69.63807118028598,23,0
user_1099,"[""wishlist_add"", ""remove_from_cart"", ""page_view"", ""remove_from_cart"", ""page_view"", ""begin_checkout"", ""search""]",JP,mobile,premium,1,0,2,5.5740322360278975,44,1
user_1100,"[""view_returns"", ""view_returns"", ""begin_checkout"", ""contact_support"", ""view_item"", ""wishlist_add"", ""purchase"", ""page_view"", ""check_policy"", ""search"", ""remove_from_cart"", ""begin_checkout"", ""purchase"", ""search"", ""page_view""]",BR,tablet,free,0,2,0,385.68066188224645,51,1
user_1101,"[""contact_support"", ""remove_from_cart"", ""view_returns"", ""begin_checkout"", ""search"", ""view_returns"", ""page_view"", ""view_returns"", ""search"", ""search"", ""remove_from_cart"", ""view_item"", ""search""]",US,mobile,enterprise,1,0,1,574.7887643967297,62,0
user_1102,"[""view_item"", ""begin_checkout"", ""view_item"", ""add_to_cart"", ""search"", ""purchase"", ""page_view"", ""purchase"", ""add_to_cart"", ""check_policy""]",FR,mobile,premium,0,0,4,156.08484857014477,31,1
user_1103,"[""purchase"", ""view_returns"", ""page_view"", ""search"", ""search"", ""rage_click""]",FR,tablet,premium,0,0,1,25.307520597244345,62,0
user_1104,"[""begin_checkout"", ""wishlist_add"", ""begin_checkout"", ""purchase"", ""view_item"", ""purchase"", ""search"", ""remove_from_cart"", ""view_returns""]",UK,tablet,free,0,0,3,313.76716273494986,75,1
user_1105,"[""search"", ""rage_click"", ""rage_click"", ""view_returns"", ""add_to_cart"", ""contact_support"", ""search"", ""search"", ""remove_from_cart"", ""page_view"", ""rage_click"", ""begin_checkout"", ""purchase"", ""add_to_cart"", ""search"", ""contact_support"", ""view_returns""]",FR,tablet,enterprise,0,0,1,105.6892412501896,22,0
user_1106,"[""check_policy"", ""page_view"", ""contact_support"", ""wishlist_add"", ""begin_checkout"", ""contact_support"", ""rage_click"", ""wishlist_add"", ""search"", ""wishlist_add"", ""purchase"", ""view_returns"", ""contact_support"", ""page_view"", ""contact_support"", ""search"", ""check_policy"", ""add_to_cart"", ""rage_click""]",IN,desktop,free,0,0,2,46.62680027082877,20,0
user_1107,"[""begin_checkout"", ""view_returns"", ""view_returns"", ""wishlist_add"", ""wishlist_add"", ""add_to_cart"", ""view_item"", ""view_item"", ""begin_checkout"", ""contact_support""]",JP,desktop,enterprise,0,0,1,214.2478535621382,21,0
user_1108,"[""check_policy"", ""view_returns"", ""contact_support"", ""view_returns"", ""wishlist_add"", ""view_returns"", ""contact_support"", ""wishlist_add"", ""search"", ""add_to_cart"", ""search"", ""view_item"", ""remove_from_cart"", ""page_view"", ""add_to_cart"", ""search""]",CN,tablet,free,2,1,1,197.24351784736916,95,0
user_1109,"[""check_policy"", ""check_policy"", ""page_view"", ""check_policy"", ""contact_support"", ""check_policy"", ""remove_from_cart"", ""check_policy"", ""view_returns"", ""add_to_cart"", ""contact_support"", ""view_item"", ""check_policy""]",FR,mobile,enterprise,0,0,1,218.1790184233123,62,0
user_1110,"[""begin_checkout"", ""begin_checkout"", ""check_policy"", ""rage_click"", ""search"", ""view_returns"", ""purchase"", ""check_policy"", ""rage_click""]",CN,tablet,enterprise,0,0,3,521.0660497869127,18,1
user_1111,"[""search"", ""purchase"", ""page_view"", ""remove_from_cart"", ""view_returns"", ""check_policy"", ""add_to_cart"", ""contact_support"", ""add_to_cart"", ""search"", ""add_to_cart"", ""wishlist_add"", ""page_view"", ""contact_support"", ""page_view"", ""purchase"", ""page_view"", ""begin_checkout""]",UK,desktop,free,1,1,1,198.8120955788032,80,0
user_1112,"[""begin_checkout"", ""check_policy"", ""purchase"", ""wishlist_add"", ""rage_click"", ""purchase"", ""rage_click"", ""remove_from_cart""]",BR,desktop,enterprise,1,1,2,692.4016663942236,26,1
user_1113,"[""page_view"", ""contact_support"", ""check_policy"", ""add_to_cart"", ""view_item""]",DE,tablet,free,1,0,0,553.1887061185025,70,0
user_1114,"[""purchase"", ""purchase"", ""check_policy"", ""begin_checkout"", ""view_returns"", ""check_policy"", ""view_item"", ""page_view"", ""rage_click"", ""begin_checkout"", ""wishlist_add"", ""search"", ""begin_checkout"", ""wishlist_add"", ""contact_support"", ""remove_from_cart"", ""view_item"", ""begin_checkout""]",US,mobile,free,1,0,0,315.90469346533365,19,0
user_1115,"[""wishlist_add"", ""check_policy"", ""search"", ""rage_click"", ""rage_click"", ""search""]",IN,mobile,enterprise,0,0,1,17.559573530408002,47,0
user_1116,"[""page_view"", ""purchase"", ""begin_checkout"", ""remove_from_cart"", ""wishlist_add"", ""purchase"", ""purchase"", ""purchase"", ""view_item"", ""check_policy""]",US,desktop,enterprise,1,0,1,600.6205966375846,48,1
user_1117,"[""remove_from_cart"", ""wishlist_add"", ""rage_click"", ""contact_support"", ""view_item"", ""begin_checkout"", ""remove_from_cart"", ""rage_click"", ""remove_from_cart"", ""view_returns"", ""view_returns"", ""purchase"", ""purchase"", ""search"", ""view_returns"", ""wishlist_add"", ""wishlist_add"", ""contact_support""]",JP,desktop,free,0,0,3,707.9753854453975,98,0
user_1118,"[""begin_checkout"", ""search"", ""page_view"", ""page_view"", ""view_item"", ""contact_support"", ""contact_support"", ""begin_checkout"", ""remove_from_cart"", ""page_view"", ""remove_from_cart"", ""remove_from_cart"", ""contact_support""]",UK,desktop,premium,0,0,0,141.02371419182234,39,0
user_1119,"[""page_view"", ""rage_click"", ""add_to_cart"", ""remove_from_cart"", ""begin_checkout"", ""check_policy"", ""purchase"", ""begin_checkout""]",UK,mobile,free,0,0,0,224.06045298111303,43,1
user_1120,"[""page_view"", ""check_policy"", ""wishlist_add"", ""purchase"", ""search"", ""begin_checkout"", ""check_policy"", ""add_to_cart"", ""page_view"", ""rage_click"", ""view_item"", ""contact_support""]",UK,desktop,premium,0,0,1,98.97680124717184,42,0
user_1121,"[""add_to_cart"", ""view_returns"", ""wishlist_add"", ""contact_support"", ""rage_click"", ""add_to_cart"", ""purchase"", ""check_policy"", ""page_view"", ""check_policy"", ""remove_from_cart"", ""begin_checkout"", ""view_returns"", ""remove_from_cart"", ""remove_from_cart"", ""view_returns"", ""begin_checkout"", ""purchase"", ""wishlist_add""]",US,desktop,premium,0,1,2,4.447708047208631,41,0
user_1122,"[""begin_checkout"", ""page_view"", ""check_policy"", ""purchase"", ""view_item"", ""search"", ""check_policy"", ""purchase"", ""begin_checkout"", ""view_returns"", ""begin_checkout"", ""search"", ""view_item"", ""purchase"", ""wishlist_add""]",FR,mobile,free,1,1,0,195.86141187159444,21,0
user_1123,"[""begin_checkout"", ""purchase"", ""check_policy"", ""view_item"", ""page_view""]",US,desktop,free,1,0,2,41.55765793102249,96,0
user_1124,"[""add_to_cart"", ""begin_checkout"", ""wishlist_add"", ""search"", ""view_item"", ""page_view"", ""page_view"", ""search"", ""remove_from_cart"", ""contact_support""]",US,desktop,free,2,0,1,60.75411157829806,74,0
user_1125,"[""view_item"", ""page_view"", ""purchase"", ""remove_from_cart"", ""contact_support"", ""wishlist_add"", ""check_policy"", ""search"", ""purchase"", ""begin_checkout"", ""contact_support"", ""wishlist_add"", ""wishlist_add"", ""wishlist_add"", ""wishlist_add"", ""view_item"", ""begin_checkout""]",US,tablet,premium,0,0,1,196.58830438687863,93,1
user_1126,"[""rage_click"", ""view_item"", ""check_policy"", ""contact_support"", ""remove_from_cart"", ""add_to_cart"", ""search"", ""page_view"", ""add_to_cart"", ""search"", ""rage_click"", ""rage_click"", ""check_policy""]",BR,desktop,free,0,1,6,605.3083411097298,19,1
user_1127,"[""add_to_cart"", ""remove_from_cart"", ""check_policy"", ""check_policy"", ""wishlist_add"", ""wishlist_add"", ""view_item""]",BR,tablet,free,0,0,1,558.5889318305362,28,0
user_1128,"[""begin_checkout"", ""check_policy"", ""check_policy"", ""purchase"", ""contact_support"", ""contact_support"", ""wishlist_add"", ""view_returns"", ""add_to_cart"", ""page_view"", ""add_to_cart"", ""search"", ""view_item"", ""view_item"", ""view_item"", ""begin_checkout""]",FR,desktop,enterprise,0,0,1,1006.3092086402228,32,0
user_1129,"[""page_view"", ""contact_support"", ""remove_from_cart"", ""contact_support"", ""begin_checkout"", ""view_item"", ""begin_checkout"", ""contact_support"", ""remove_from_cart"", ""view_returns"", ""page_view"", ""wishlist_add"", ""begin_checkout"", ""search"", ""wishlist_add"", ""contact_support"", ""page_view""]",DE,desktop,enterprise,0,2,2,197.72845081981575,94,0
user_1130,"[""contact_support"", ""remove_from_cart"", ""view_returns"", ""page_view"", ""search"", ""view_item"", ""page_view"", ""search"", ""check_policy"", ""view_item"", ""page_view"", ""wishlist_add"", ""purchase"", ""purchase""]",JP,tablet,enterprise,1,0,1,240.8945803561236,66,0
user_1131,"[""view_item"", ""page_view"", ""contact_support"", ""add_to_cart"", ""contact_support"", ""begin_checkout"", ""purchase"", ""add_to_cart"", ""rage_click"", ""search"", ""begin_checkout"", ""view_item"", ""contact_support"", ""purchase""]",DE,desktop,free,0,0,1,517.9874831190518,68,0
user_1132,"[""view_returns"", ""search"", ""purchase"", ""remove_from_cart"", ""purchase"", ""view_returns"", ""view_returns"", ""contact_support"", ""view_item"", ""view_returns"", ""purchase"", ""view_item"", ""page_view"", ""purchase"", ""check_policy"", ""contact_support""]",DE,tablet,free,1,0,0,360.8654293364877,63,0
user_1133,"[""contact_support"", ""view_returns"", ""search"", ""wishlist_add"", ""rage_click"", ""remove_from_cart"", ""check_policy"", ""view_returns"", ""purchase""]",US,desktop,free,0,0,2,60.56954052428924,83,0
user_1134,"[""check_policy"", ""rage_click"", ""begin_checkout"", ""view_item"", ""remove_from_cart"", ""add_to_cart""]",IN,tablet,premium,1,0,3,152.33644850343828,11,0
user_1135,"[""contact_support"", ""check_policy"", ""contact_support"", ""view_returns"", ""page_view"", ""view_returns"", ""begin_checkout"", ""wishlist_add""]",DE,tablet,premium,0,1,0,794.1964418531152,57,1
user_1136,"[""search"", ""search"", ""page_view"", ""view_item"", ""page_view"", ""begin_checkout"", ""purchase"", ""contact_support"", ""rage_click"", ""view_returns"", ""check_policy""]",US,desktop,enterprise,1,0,1,47.39189280335776,15,1
user_1137,"[""begin_checkout"", ""add_to_cart"", ""rage_click"", ""begin_checkout"", ""add_to_cart"", ""add_to_cart"", ""add_to_cart"", ""purchase"", ""page_view"", ""search"", ""remove_from_cart"", ""view_returns"", ""add_to_cart"", ""begin_checkout"", ""view_item"", ""view_item""]",US,desktop,premium,0,0,3,70.47238464002005,52,0
user_1138,"[""check_policy"", ""contact_support"", ""add_to_cart"", ""begin_checkout"", ""add_to_cart"", ""purchase"", ""contact_support"", ""add_to_cart"", ""view_returns"", ""view_item"", ""add_to_cart"", ""view_returns"", ""view_returns"", ""page_view"", ""view_returns""]",JP,tablet,premium,0,0,0,153.5778897466188,26,1
user_1139,"[""view_item"", ""wishlist_add"", ""check_policy"", ""purchase"", ""view_item"", ""begin_checkout"", ""check_policy"", ""view_returns"", ""add_to_cart"", ""page_view"", ""check_policy"", ""begin_checkout"", ""begin_checkout"", ""check_policy""]",UK,mobile,premium,1,1,4,843.3945380434934,88,0
user_1140,"[""view_returns"", ""wishlist_add"", ""contact_support"", ""begin_checkout"", ""view_returns""]",US,desktop,enterprise,1,0,1,36.249927501395405,45,0
user_1141,"[""contact_support"", ""begin_checkout"", ""wishlist_add"", ""check_policy"", ""contact_support"", ""add_to_cart"", ""view_item"", ""purchase"", ""begin_checkout"", ""rage_click"", ""contact_support"", ""remove_from_cart"", ""search"", ""add_to_cart""]",BR,desktop,enterprise,2,0,0,335.2856624909338,33,1
user_1142,"[""view_returns"", ""purchase"", ""page_view"", ""contact_support"", ""wishlist_add"", ""search"", ""page_view"", ""wishlist_add"", ""purchase"", ""add_to_cart"", ""add_to_cart"", ""purchase"", ""add_to_cart""]",DE,mobile,premium,0,0,3,42.51141925981065,70,1
user_1143,"[""search"", ""contact_support"", ""purchase"", ""begin_checkout"", ""remove_from_cart"", ""view_returns"", ""view_item"", ""wishlist_add"", ""search"", ""check_policy"", ""remove_from_cart"", ""view_item"", ""check_policy"", ""page_view"", ""remove_from_cart"", ""rage_click"", ""remove_from_cart""]",JP,mobile,free,1,0,3,223.01717246488434,38,0
user_1144,"[""add_to_cart"", ""contact_support"", ""contact_support"", ""view_item"", ""add_to_cart"", ""page_view"", ""contact_support"", ""view_returns"", ""page_view"", ""add_to_cart"", ""add_to_cart"", ""view_item"", ""begin_checkout"", ""contact_support"", ""add_to_cart"", ""add_to_cart""]",CN,tablet,enterprise,0,0,2,230.72577990298373,87,0
user_1145,"[""remove_from_cart"", ""remove_from_cart"", ""add_to_cart"", ""search"", ""page_view"", ""view_returns"", ""page_view"", ""check_policy"", ""begin_checkout"", ""remove_from_cart"", ""remove_from_cart"", ""view_returns""]",CN,desktop,premium,0,0,2,13.06838116596734,67,1
user_1146,"[""search"", ""purchase"", ""wishlist_add"", ""page_view"", ""contact_support"", ""view_returns"", ""view_item"", ""purchase"", ""rage_click"", ""page_view"", ""purchase"", ""view_returns"", ""contact_support"", ""view_item"", ""begin_checkout""]",CN,tablet,free,0,1,3,924.5033506681705,75,0
user_1147,"[""begin_checkout"", ""add_to_cart"", ""remove_from_cart"", ""check_policy"", ""remove_from_cart"", ""rage_click"", ""search"", ""wishlist_add"", ""contact_support"", ""view_item""]",DE,desktop,free,0,0,1,492.933514621302,95,0
user_1148,"[""view_returns"", ""begin_checkout"", ""contact_support"", ""wishlist_add"", ""view_returns"", ""view_returns"", ""rage_click"", ""contact_support"", ""purchase""]",UK,mobile,enterprise,0,0,1,108.22821302309525,62,1
user_1149,"[""remove_from_cart"", ""wishlist_add"", ""search"", ""add_to_cart"", ""wishlist_add"", ""begin_checkout"", ""purchase"", ""add_to_cart"", ""view_item"", ""check_policy"", ""search"", ""begin_checkout"", ""rage_click"", ""add_to_cart"", ""view_returns"", ""purchase""]",FR,tablet,free,1,2,1,41.99397051232921,79,0
user_1150,"[""wishlist_add"", ""wishlist_add"", ""rage_click"", ""begin_checkout"", ""contact_support"", ""purchase"", ""rage_click"", ""check_policy""]",IN,desktop,enterprise,0,0,1,127.22319454876674,18,0
user_1151,"[""begin_checkout"", ""view_item"", ""remove_from_cart"", ""view_item"", ""add_to_cart"", ""contact_support"", ""wishlist_add"", ""add_to_cart"", ""remove_from_cart"", ""purchase"", ""wishlist_add"", ""add_to_cart"", ""contact_support"", ""page_view"", ""page_view"", ""rage_click""]",UK,desktop,premium,2,0,2,674.0785562648689,85,1
user_1152,"[""begin_checkout"", ""rage_click"", ""search"", ""check_policy"", ""rage_click"", ""wishlist_add"", ""check_policy"", ""rage_click"", ""view_item"", ""search"", ""search"", ""view_returns"", ""check_policy""]",IN,mobile,enterprise,0,2,3,42.70542857168056,51,0
user_1153,"[""begin_checkout"", ""remove_from_cart"", ""check_policy"", ""add_to_cart"", ""view_returns"", ""view_item"", ""page_view"", ""search"", ""view_item"", ""rage_click""]",JP,mobile,free,0,0,1,128.91985489301092,48,0
user_1154,"[""search"", ""view_returns"", ""add_to_cart"", ""check_policy"", ""view_item"", ""view_returns"", ""check_policy"", ""wishlist_add"", ""begin_checkout""]",UK,desktop,enterprise,0,0,0,204.54612615566205,78,0
user_1155,"[""search"", ""remove_from_cart"", ""page_view"", ""begin_checkout"", ""wishlist_add"", ""rage_click"", ""contact_support"", ""remove_from_cart"", ""rage_click"", ""wishlist_add"", ""view_item"", ""remove_from_cart"", ""rage_click"", ""remove_from_cart"", ""begin_checkout"", ""search""]",CN,mobile,enterprise,3,1,0,10.031147893944228,49,0
user_1156,"[""page_view"", ""page_view"", ""rage_click"", ""rage_click"", ""remove_from_cart"", ""view_item"", ""rage_click"", ""remove_from_cart"", ""purchase"", ""wishlist_add"", ""page_view"", ""wishlist_add""]",UK,mobile,premium,0,0,2,93.60624648479376,68,0
user_1157,"[""begin_checkout"", ""add_to_cart"", ""remove_from_cart"", ""page_view"", ""rage_click"", ""view_returns"", ""remove_from_cart"", ""view_item"", ""rage_click"", ""remove_from_cart"", ""rage_click"", ""contact_support"", ""add_to_cart""]",JP,tablet,free,1,1,1,271.6303822007024,53,0
user_1158,"[""check_policy"", ""contact_support"", ""remove_from_cart"", ""view_item"", ""search"", ""rage_click"", ""remove_from_cart"", ""view_returns"", ""view_item"", ""view_returns"", ""search""]",JP,desktop,enterprise,0,0,2,117.45294289818558,74,0
user_1159,"[""begin_checkout"", ""check_policy"", ""check_policy"", ""wishlist_add"", ""rage_click"", ""add_to_cart"", ""contact_support"", ""remove_from_cart"", ""contact_support"", ""remove_from_cart"", ""contact_support"", ""begin_checkout"", ""purchase"", ""add_to_cart""]",CN,tablet,premium,0,0,3,613.2812603237434,83,0
user_1160,"[""remove_from_cart"", ""add_to_cart"", ""view_item"", ""contact_support"", ""wishlist_add"", ""rage_click"", ""page_view"", ""view_item"", ""view_returns"", ""check_policy"", ""wishlist_add"", ""page_view"", ""begin_checkout"", ""contact_support"", ""purchase"", ""begin_checkout"", ""remove_from_cart""]",BR,mobile,premium,0,0,0,828.2711865927346,20,0
user_1161,"[""page_view"", ""check_policy"", ""rage_click"", ""purchase"", ""add_to_cart"", ""contact_support"", ""remove_from_cart"", ""contact_support"", ""begin_checkout"", ""wishlist_add"", ""wishlist_add"", ""page_view"", ""begin_checkout"", ""page_view"", ""rage_click"", ""check_policy"", ""add_to_cart"", ""rage_click""]",DE,desktop,premium,0,0,3,174.77322433423242,96,0
user_1162,"[""wishlist_add"", ""check_policy"", ""rage_click"", ""purchase"", ""contact_support"", ""begin_checkout""]",IN,mobile,premium,1,0,0,227.79922047328566,93,0
user_1163,"[""check_policy"", ""purchase"", ""begin_checkout"", ""view_item"", ""view_returns"", ""check_policy"", ""purchase"", ""begin_checkout"", ""begin_checkout"", ""rage_click"", ""page_view"", ""rage_click"", ""purchase"", ""remove_from_cart"", ""contact_support"", ""check_policy""]",US,mobile,premium,2,0,1,298.9317515438407,14,0
user_1164,"[""begin_checkout"", ""begin_checkout"", ""view_returns"", ""check_policy"", ""view_returns"", ""search"", ""wishlist_add"", ""contact_support"", ""view_item"", ""rage_click"", ""add_to_cart"", ""purchase"", ""purchase""]",FR,desktop,enterprise,0,0,1,327.67126465518675,86,0
user_1165,"[""wishlist_add"", ""check_policy"", ""rage_click"", ""wishlist_add"", ""contact_support"", ""search""]",FR,mobile,enterprise,0,0,1,19.60419664684069,83,0
user_1166,"[""view_returns"", ""view_item"", ""page_view"", ""view_returns"", ""view_item""]",CN,tablet,free,2,2,4,16.55216960785364,58,1
user_1167,"[""purchase"", ""begin_checkout"", ""view_returns"", ""add_to_cart"", ""contact_support"", ""remove_from_cart"", ""check_policy"", ""check_policy"", ""wishlist_add"", ""view_returns""]",BR,desktop,enterprise,0,1,0,602.0529436896084,60,1
user_1168,"[""search"", ""wishlist_add"", ""view_item"", ""remove_from_cart"", ""contact_support"", ""rage_click""]",FR,mobile,free,2,1,2,74.48919905356061,45,0
user_1169,"[""wishlist_add"", ""rage_click"", ""remove_from_cart"", ""rage_click"", ""add_to_cart"", ""wishlist_add"", ""begin_checkout"", ""contact_support"", ""rage_click"", ""purchase"", ""add_to_cart"", ""contact_support"", ""rage_click"", ""purchase""]",UK,mobile,free,1,1,1,263.1970991195229,25,0
user_1170,"[""remove_from_cart"", ""view_returns"", ""check_policy"", ""page_view"", ""purchase"", ""view_returns"", ""add_to_cart"", ""rage_click""]",JP,mobile,free,0,0,1,293.9863423335138,16,0
user_1171,"[""view_item"", ""purchase"", ""wishlist_add"", ""page_view"", ""wishlist_add"", ""search"", ""view_item"", ""begin_checkout"", ""page_view"", ""view_returns"", ""page_view"", ""rage_click"", ""contact_support"", ""search""]",IN,desktop,enterprise,1,1,1,53.904652771940476,98,0
user_1172,"[""wishlist_add"", ""view_item"", ""page_view"", ""rage_click"", ""remove_from_cart"", ""wishlist_add"", ""page_view""]",BR,tablet,premium,0,0,4,430.1373583304634,53,0
user_1173,"[""check_policy"", ""view_item"", ""check_policy"", ""wishlist_add"", ""check_policy""]",JP,mobile,free,1,0,3,602.852918327981,35,0
user_1174,"[""contact_support"", ""rage_click"", ""check_policy"", ""page_view"", ""wishlist_add"", ""view_returns"", ""view_returns"", ""remove_from_cart"", ""view_returns"", ""remove_from_cart"", ""view_returns"", ""begin_checkout"", ""remove_from_cart"", ""purchase"", ""view_item"", ""wishlist_add"", ""view_item"", ""view_item"", ""rage_click""]",CN,mobile,premium,0,0,1,100.80033044027641,45,0
user_1175,"[""contact_support"", ""add_to_cart"", ""contact_support"", ""remove_from_cart"", ""contact_support"", ""wishlist_add"", ""view_returns"", ""remove_from_cart"", ""search"", ""contact_support"", ""contact_support"", ""check_policy"", ""begin_checkout"", ""rage_click"", ""remove_from_cart"", ""add_to_cart"", ""view_item"", ""page_view"", ""search""]",JP,mobile,free,1,0,1,630.7275297328521,62,1
user_1176,"[""contact_support"", ""view_item"", ""view_returns"", ""purchase"", ""wishlist_add"", ""wishlist_add"", ""begin_checkout"", ""view_item"", ""check_policy"", ""view_item""]",IN,desktop,enterprise,2,0,3,25.352880671142724,53,0
user_1177,"[""begin_checkout"", ""view_item"", ""search"", ""contact_support"", ""search"", ""search"", ""view_item"", ""check_policy"", ""rage_click"", ""begin_checkout"", ""check_policy"", ""remove_from_cart"", ""view_item"", ""add_to_cart"", ""view_item"", ""begin_checkout"", ""purchase""]",US,mobile,free,0,0,1,483.5280713946035,21,1
user_1178,"[""check_policy"", ""add_to_cart"", ""remove_from_cart"", ""view_returns"", ""remove_from_cart"", ""check_policy"", ""wishlist_add"", ""purchase"", ""check_policy"", ""page_view"", ""add_to_cart"", ""purchase"", ""add_to_cart"", ""check_policy"", ""rage_click"", ""add_to_cart"", ""page_view"", ""contact_support"", ""purchase""]",JP,mobile,enterprise,0,0,3,306.58802268408385,99,0
user_1179,"[""page_view"", ""page_view"", ""view_returns"", ""rage_click"", ""view_item"", ""rage_click"", ""begin_checkout"", ""view_returns"", ""check_policy"", ""check_policy"", ""remove_from_cart"", ""view_item"", ""begin_checkout"", ""search"", ""search"", ""add_to_cart""]",JP,mobile,premium,0,1,1,262.480432338667,77,0
user_1180,"[""rage_click"", ""purchase"", ""page_view"", ""add_to_cart"", ""wishlist_add"", ""remove_from_cart"", ""rage_click"", ""search"", ""purchase"", ""remove_from_cart"", ""page_view"", ""view_returns"", ""search"", ""view_item"", ""search"", ""search"", ""view_returns"", ""purchase"", ""view_returns""]",BR,desktop,enterprise,1,0,1,78.46115246185225,32,0
user_1181,"[""begin_checkout"", ""begin_checkout"", ""contact_support"", ""contact_support"", ""search"", ""view_returns"", ""check_policy"", ""view_returns"", ""wishlist_add"", ""view_returns""]",IN,tablet,premium,0,0,2,134.75072050462663,97,1
user_1182,"[""view_item"", ""search"", ""rage_click"", ""check_policy"", ""wishlist_add"", ""search"", ""purchase"", ""rage_click"", ""page_view"", ""search"", ""view_item""]",UK,desktop,enterprise,1,0,0,723.40001644464,39,0
user_1183,"[""page_view"", ""contact_support"", ""wishlist_add"", ""add_to_cart"", ""search"", ""begin_checkout"", ""page_view"", ""remove_from_cart"", ""view_returns"", ""purchase"", ""page_view"", ""wishlist_add"", ""page_view"", ""add_to_cart"", ""contact_support"", ""view_returns"", ""search""]",DE,tablet,free,0,1,0,188.0624101939327,72,0
user_1184,"[""view_returns"", ""add_to_cart"", ""check_policy"", ""wishlist_add"", ""add_to_cart"", ""remove_from_cart"", ""rage_click"", ""remove_from_cart"", ""add_to_cart"", ""begin_checkout"", ""check_policy"", ""begin_checkout"", ""remove_from_cart"", ""view_returns"", ""remove_from_cart""]",FR,tablet,free,0,1,3,270.70161787229233,12,0
user_1185,"[""contact_support"", ""purchase"", ""view_item"", ""add_to_cart"", ""page_view"", ""begin_checkout""]",UK,desktop,enterprise,1,1,0,823.9665246427153,89,1
user_1186,"[""view_item"", ""wishlist_add"", ""check_policy"", ""begin_checkout"", ""view_item"", ""view_returns"", ""search"", ""purchase"", ""remove_from_cart"", ""remove_from_cart"", ""view_item"", ""add_to_cart"", ""check_policy""]",UK,mobile,premium,1,0,3,188.48236225568388,43,0
user_1187,"[""begin_checkout"", ""contact_support"", ""purchase"", ""purchase"", ""remove_from_cart"", ""purchase"", ""add_to_cart""]",UK,tablet,premium,0,0,3,147.4389075850994,58,0
user_1188,"[""check_policy"", ""remove_from_cart"", ""view_item"", ""search"", ""check_policy"", ""add_to_cart"", ""page_view"", ""view_item"", ""contact_support"", ""rage_click"", ""wishlist_add""]",FR,mobile,premium,0,0,3,671.0451357058718,53,1
user_1189,"[""view_returns"", ""purchase"", ""purchase"", ""page_view"", ""view_item"", ""remove_from_cart"", ""add_to_cart"", ""page_view"", ""view_returns"", ""check_policy"", ""remove_from_cart"", ""wishlist_add"", ""wishlist_add"", ""rage_click"", ""search"", ""remove_from_cart"", ""page_view"", ""contact_support"", ""page_view""]",CN,tablet,enterprise,0,0,5,725.3582288726802,50,0
user_1190,"[""page_view"", ""remove_from_cart"", ""page_view"", ""view_item"", ""remove_from_cart""]",UK,mobile,enterprise,0,0,1,131.3832843317674,57,0
user_1191,"[""view_item"", ""view_returns"", ""check_policy"", ""rage_click"", ""purchase"", ""remove_from_cart"", ""purchase"", ""remove_from_cart"", ""check_policy"", ""rage_click"", ""add_to_cart""]",DE,mobile,enterprise,0,0,1,268.9388451091704,80,0
user_1192,"[""view_item"", ""page_view"", ""page_view"", ""add_to_cart"", ""check_policy"", ""search"", ""rage_click""]",CN,desktop,enterprise,0,0,4,995.0108767104573,17,1
user_1193,"[""view_item"", ""check_policy"", ""page_view"", ""view_item"", ""purchase"", ""search"", ""begin_checkout"", ""view_returns"", ""wishlist_add"", ""search"", ""view_item"", ""page_view"", ""check_policy"", ""purchase"", ""view_returns"", ""search"", ""view_returns"", ""view_item""]",JP,mobile,premium,1,0,0,17.120569701321337,16,0
user_1194,"[""view_returns"", ""purchase"", ""rage_click"", ""wishlist_add"", ""check_policy"", ""view_item"", ""view_returns"", ""rage_click"", ""check_policy"", ""remove_from_cart"", ""rage_click"", ""remove_from_cart"", ""wishlist_add"", ""remove_from_cart"", ""rage_click"", ""view_returns"", ""remove_from_cart"", ""view_returns""]",DE,tablet,premium,0,1,3,12.184860809235925,46,0
user_1195,"[""view_returns"", ""check_policy"", ""contact_support"", ""purchase"", ""view_returns"", ""check_policy"", ""begin_checkout"", ""wishlist_add"", ""remove_from_cart"", ""wishlist_add"", ""view_item"", ""search"", ""view_returns"", ""rage_click"", ""remove_from_cart"", ""remove_from_cart"", ""begin_checkout"", ""view_item"", ""check_policy""]",BR,mobile,enterprise,1,0,0,218.0611471827467,64,1
user_1196,"[""begin_checkout"", ""purchase"", ""remove_from_cart"", ""view_returns"", ""view_returns"", ""wishlist_add"", ""begin_checkout"", ""wishlist_add"", ""purchase"", ""add_to_cart"", ""page_view"", ""rage_click"", ""rage_click"", ""add_to_cart"", ""remove_from_cart"", ""check_policy"", ""view_item"", ""wishlist_add"", ""add_to_cart""]",IN,mobile,enterprise,0,0,1,103.2715552011521,80,0
user_1197,"[""search"", ""view_returns"", ""page_view"", ""remove_from_cart"", ""page_view"", ""view_item"", ""view_returns"", ""purchase"", ""rage_click"", ""view_item""]",CN,mobile,premium,2,2,3,261.57443519287074,59,1
user_1198,"[""rage_click"", ""rage_click"", ""purchase"", ""add_to_cart"", ""begin_checkout"", ""view_item"", ""check_policy""]",JP,tablet,premium,1,1,1,386.5275316728307,91,0
user_1199,"[""search"", ""view_returns"", ""purchase"", ""view_returns"", ""view_item"", ""add_to_cart"", ""check_policy"", ""contact_support"", ""wishlist_add"", ""page_view"", ""check_policy"", ""purchase"", ""view_returns"", ""check_policy""]",JP,tablet,free,2,0,2,21.47275555629315,30,0
user_1200,"[""add_to_cart"", ""add_to_cart"", ""remove_from_cart"", ""rage_click"", ""rage_click"", ""view_item"", ""begin_checkout"", ""page_view""]",UK,tablet,enterprise,1,0,2,642.0569146341466,43,0
user_1201,"[""view_item"", ""view_returns"", ""remove_from_cart"", ""begin_checkout"", ""search"", ""remove_from_cart"", ""begin_checkout"", ""begin_checkout""]",UK,mobile,free,0,0,2,97.25693325714023,58,1
user_1202,"[""search"", ""add_to_cart"", ""check_policy"", ""add_to_cart"", ""view_item"", ""add_to_cart"", ""search"", ""add_to_cart"", ""view_returns""]",FR,desktop,premium,1,0,1,144.0634573406857,36,0
user_1203,"[""add_to_cart"", ""contact_support"", ""begin_checkout"", ""remove_from_cart"", ""rage_click"", ""view_returns"", ""search"", ""check_policy""]",US,tablet,premium,0,0,1,123.31071694780569,17,0
user_1204,"[""view_returns"", ""begin_checkout"", ""remove_from_cart"", ""check_policy"", ""page_view"", ""purchase"", ""view_returns"", ""check_policy"", ""view_item"", ""check_policy"", ""purchase"", ""begin_checkout"", ""remove_from_cart"", ""page_view"", ""view_item"", ""check_policy"", ""contact_support"", ""add_to_cart"", ""begin_checkout""]",DE,mobile,enterprise,1,0,2,549.4649577278717,43,0
user_1205,"[""view_returns"", ""purchase"", ""begin_checkout"", ""view_item"", ""rage_click"", ""page_view"", ""search"", ""view_item"", ""page_view"", ""wishlist_add"", ""remove_from_cart"", ""remove_from_cart""]",FR,tablet,free,0,0,1,56.1347011226607,27,1
user_1206,"[""begin_checkout"", ""view_returns"", ""search"", ""search"", ""add_to_cart"", ""purchase"", ""wishlist_add"", ""wishlist_add"", ""add_to_cart""]",FR,desktop,premium,3,0,2,8.727697775862032,60,0
user_1207,"[""view_item"", ""view_returns"", ""page_view"", ""rage_click"", ""search"", ""check_policy"", ""wishlist_add"", ""contact_support"", ""wishlist_add"", ""search"", ""remove_from_cart"", ""add_to_cart"", ""purchase"", ""rage_click"", ""rage_click"", ""remove_from_cart"", ""contact_support""]",DE,mobile,free,0,0,1,1070.5471367506586,21,0
user_1208,"[""search"", ""rage_click"", ""view_item"", ""view_item"", ""begin_checkout"", ""page_view"", ""view_returns"", ""begin_checkout"", ""wishlist_add""]",IN,tablet,free,0,0,1,1183.2472788159073,95,1
user_1209,"[""view_item"", ""wishlist_add"", ""rage_click"", ""view_item"", ""check_policy"", ""view_returns"", ""purchase"", ""search"", ""check_policy"", ""search"", ""page_view"", ""remove_from_cart"", ""check_policy"", ""page_view""]",CN,tablet,free,0,0,1,89.39764367292747,60,1
user_1210,"[""page_view"", ""search"", ""purchase"", ""remove_from_cart"", ""add_to_cart"", ""wishlist_add"", ""begin_checkout"", ""rage_click"", ""contact_support"", ""contact_support"", ""wishlist_add"", ""wishlist_add"", ""search"", ""contact_support"", ""add_to_cart"", ""begin_checkout"", ""contact_support""]",BR,desktop,free,2,0,1,2.8189936861285965,72,0
user_1211,"[""rage_click"", ""search"", ""wishlist_add"", ""contact_support"", ""search"", ""remove_from_cart"", ""page_view"", ""contact_support"", ""begin_checkout""]",DE,tablet,free,0,1,2,311.4672656003552,49,1
user_1212,"[""purchase"", ""wishlist_add"", ""contact_support"", ""contact_support"", ""check_policy""]",JP,mobile,enterprise,2,0,0,313.63233434419345,31,0
user_1213,"[""contact_support"", ""remove_from_cart"", ""rage_click"", ""page_view"", ""rage_click""]",BR,mobile,enterprise,1,0,1,845.8121103484968,17,0
user_1214,"[""begin_checkout"", ""purchase"", ""check_policy"", ""remove_from_cart"", ""purchase"", ""check_policy"", ""search"", ""purchase"", ""search"", ""wishlist_add"", ""purchase"", ""view_item""]",IN,desktop,free,1,0,2,106.34770286782478,37,0
user_1215,"[""add_to_cart"", ""check_policy"", ""remove_from_cart"", ""page_view"", ""wishlist_add"", ""wishlist_add"", ""purchase"", ""purchase"", ""check_policy""]",US,desktop,enterprise,1,0,1,63.03272776040013,59,0
user_1216,"[""search"", ""view_returns"", ""add_to_cart"", ""purchase"", ""contact_support"", ""view_item"", ""rage_click"", ""view_item"", ""add_to_cart"", ""wishlist_add"", ""contact_support"", ""wishlist_add"", ""wishlist_add"", ""view_item"", ""rage_click"", ""page_view"", ""begin_checkout"", ""page_view"", ""begin_checkout""]",IN,desktop,premium,0,0,2,287.43267546539073,56,1
user_1217,"[""view_returns"", ""search"", ""view_returns"", ""view_item"", ""view_returns"", ""wishlist_add"", ""begin_checkout"", ""page_view"", ""check_policy"", ""purchase"", ""begin_checkout"", ""page_view""]",CN,mobile,free,0,1,2,248.80766498546762,65,1
user_1218,"[""page_view"", ""purchase"", ""contact_support"", ""wishlist_add"", ""check_policy"", ""contact_support"", ""contact_support"", ""page_view"", ""rage_click"", ""remove_from_cart"", ""begin_checkout"", ""view_item"", ""wishlist_add"", ""contact_support"", ""view_returns"", ""view_item"", ""add_to_cart"", ""wishlist_add""]",UK,desktop,enterprise,4,0,0,379.4745863097808,41,0
user_1219,"[""rage_click"", ""view_item"", ""purchase"", ""wishlist_add"", ""remove_from_cart"", ""check_policy"", ""purchase"", ""contact_support"", ""rage_click"", ""rage_click"", ""contact_support"", ""remove_from_cart"", ""page_view"", ""view_item"", ""view_returns"", ""contact_support"", ""view_returns"", ""view_item"", ""remove_from_cart""]",US,tablet,enterprise,0,0,2,649.1794858329139,20,1
user_1220,"[""check_policy"", ""remove_from_cart"", ""search"", ""view_returns"", ""rage_click""]",US,tablet,premium,1,0,0,246.12048009932255,30,0
user_1221,"[""rage_click"", ""add_to_cart"", ""begin_checkout"", ""purchase"", ""purchase"", ""contact_support"", ""view_returns"", ""purchase"", ""purchase"", ""remove_from_cart"", ""check_policy"", ""view_returns"", ""add_to_cart"", ""check_policy"", ""add_to_cart"", ""view_returns""]",IN,mobile,premium,0,0,1,48.78224230548823,35,0
user_1222,"[""page_view"", ""purchase"", ""contact_support"", ""rage_click"", ""wishlist_add""]",UK,tablet,premium,0,0,2,273.4871989340514,23,1
user_1223,"[""remove_from_cart"", ""purchase"", ""wishlist_add"", ""begin_checkout"", ""wishlist_add"", ""page_view"", ""purchase"", ""rage_click"", ""wishlist_add"", ""add_to_cart"", ""search"", ""add_to_cart"", ""view_item"", ""remove_from_cart"", ""contact_support"", ""add_to_cart"", ""wishlist_add"", ""view_item""]",US,desktop,premium,0,0,2,140.57015080153832,88,1
user_1224,"[""add_to_cart"", ""contact_support"", ""purchase"", ""rage_click"", ""search""]",CN,tablet,free,1,1,3,180.8466556365487,23,0
user_1225,"[""add_to_cart"", ""begin_checkout"", ""begin_checkout"", ""begin_checkout"", ""wishlist_add"", ""wishlist_add"", ""check_policy"", ""begin_checkout"", ""check_policy""]",CN,desktop,enterprise,0,1,0,961.8203906931021,85,0
user_1226,"[""begin_checkout"", ""view_item"", ""begin_checkout"", ""view_returns"", ""wishlist_add"", ""remove_from_cart"", ""view_item"", ""contact_support"", ""add_to_cart"", ""rage_click"", ""rage_click"", ""view_returns"", ""view_returns""]",CN,tablet,enterprise,1,0,0,242.86860739893348,12,0
user_1227,"[""view_returns"", ""view_returns"", ""page_view"", ""purchase"", ""wishlist_add"", ""rage_click"", ""view_returns"", ""add_to_cart"", ""search"", ""page_view"", ""view_item"", ""search""]",FR,mobile,premium,0,1,2,48.63117252890684,66,0
user_1228,"[""view_item"", ""check_policy"", ""wishlist_add"", ""purchase"", ""search"", ""view_item"", ""view_returns"", ""rage_click"", ""check_policy"", ""remove_from_cart"", ""page_view"", ""remove_from_cart"", ""remove_from_cart"", ""view_returns"", ""remove_from_cart"", ""remove_from_cart"", ""view_item"", ""wishlist_add"", ""contact_support""]",FR,desktop,enterprise,0,1,1,175.6424496216743,16,0
user_1229,"[""remove_from_cart"", ""search"", ""purchase"", ""add_to_cart"", ""check_policy"", ""purchase"", ""add_to_cart"", ""remove_from_cart"", ""contact_support"", ""begin_checkout"", ""rage_click""]",CN,tablet,enterprise,0,1,2,77.79855911265263,48,0
user_1230,"[""purchase"", ""remove_from_cart"", ""search"", ""search"", ""check_policy"", ""view_item"", ""remove_from_cart"", ""begin_checkout"", ""remove_from_cart"", ""remove_from_cart"", ""search"", ""rage_click"", ""search"", ""view_item"", ""purchase"", ""view_returns"", ""view_returns"", ""search""]",UK,mobile,enterprise,1,1,0,43.6751173780544,66,0
user_1231,"[""contact_support"", ""search"", ""remove_from_cart"", ""check_policy"", ""contact_support"", ""purchase"", ""search"", ""purchase"", ""view_item"", ""view_returns"", ""view_returns""]",UK,tablet,premium,0,0,1,373.6824058418,74,1
user_1232,"[""search"", ""check_policy"", ""search"", ""rage_click"", ""view_returns"", ""rage_click"", ""rage_click"", ""purchase"", ""view_item"", ""wishlist_add"", ""check_policy"", ""add_to_cart"", ""check_policy"", ""rage_click"", ""contact_support"", ""contact_support"", ""view_item"", ""purchase""]",DE,mobile,enterprise,1,0,1,297.117705518912,34,0
user_1233,"[""purchase"", ""rage_click"", ""rage_click"", ""begin_checkout"", ""begin_checkout"", ""rage_click"", ""view_returns"", ""check_policy"", ""view_returns"", ""purchase"", ""add_to_cart"", ""check_policy"", ""view_returns"", ""view_returns"", ""page_view"", ""check_policy"", ""add_to_cart""]",DE,tablet,enterprise,0,0,1,206.62039892560725,40,0
user_1234,"[""view_item"", ""view_returns"", ""rage_click"", ""add_to_cart"", ""add_to_cart"", ""purchase""]",IN,desktop,enterprise,0,0,3,165.0978266250901,95,1
user_1235,"[""contact_support"", ""page_view"", ""purchase"", ""wishlist_add"", ""add_to_cart"", ""search"", ""remove_from_cart"", ""rage_click"", ""add_to_cart"", ""page_view"", ""add_to_cart"", ""check_policy"", ""check_policy"", ""search"", ""begin_checkout""]",CN,desktop,free,0,1,2,116.67875385635676,19,0
user_1236,"[""page_view"", ""search"", ""view_returns"", ""contact_support"", ""view_returns"", ""contact_support"", ""wishlist_add"", ""contact_support"", ""contact_support"", ""view_item"", ""contact_support"", ""add_to_cart"", ""remove_from_cart"", ""page_view"", ""remove_from_cart"", ""begin_checkout"", ""add_to_cart"", ""search""]",BR,desktop,free,1,0,0,27.637452547379816,91,1
user_1237,"[""contact_support"", ""view_item"", ""purchase"", ""view_returns"", ""check_policy"", ""search"", ""page_view"", ""remove_from_cart"", ""add_to_cart"", ""purchase"", ""rage_click"", ""rage_click"", ""check_policy"", ""wishlist_add"", ""rage_click"", ""view_returns"", ""begin_checkout"", ""rage_click"", ""check_policy""]",US,desktop,enterprise,0,0,1,106.68963815700599,86,0
user_1238,"[""view_returns"", ""check_policy"", ""rage_click"", ""contact_support"", ""page_view"", ""rage_click"", ""check_policy"", ""page_view"", ""page_view""]",US,desktop,enterprise,0,0,0,546.7793579092126,81,0
user_1239,"[""view_returns"", ""rage_click"", ""wishlist_add"", ""purchase"", ""wishlist_add"", ""contact_support"", ""wishlist_add"", ""view_returns"", ""purchase""]",UK,tablet,enterprise,0,0,0,459.29255896187743,18,0
user_1240,"[""purchase"", ""remove_from_cart"", ""search"", ""begin_checkout"", ""view_item"", ""add_to_cart"", ""add_to_cart"", ""wishlist_add"", ""search"", ""begin_checkout"", ""begin_checkout"", ""purchase"", ""begin_checkout"", ""wishlist_add"", ""purchase""]",BR,tablet,enterprise,0,1,1,1076.088877217058,88,0
user_1241,"[""view_item"", ""remove_from_cart"", ""purchase"", ""wishlist_add"", ""begin_checkout"", ""page_view"", ""rage_click"", ""add_to_cart"", ""view_item"", ""rage_click"", ""check_policy"", ""begin_checkout""]",US,tablet,enterprise,0,0,3,320.19262021383435,17,0
user_1242,"[""purchase"", ""wishlist_add"", ""search"", ""remove_from_cart"", ""page_view"", ""remove_from_cart"", ""rage_click"", ""page_view"", ""contact_support"", ""add_to_cart"", ""begin_checkout"", ""check_policy"", ""rage_click"", ""purchase"", ""add_to_cart"", ""check_policy""]",IN,tablet,enterprise,0,1,2,241.98868036036782,28,0
user_1243,"[""remove_from_cart"", ""add_to_cart"", ""check_policy"", ""search"", ""search"", ""check_policy"", ""remove_from_cart"", ""wishlist_add"", ""check_policy"", ""search"", ""view_item"", ""page_view"", ""wishlist_add"", ""view_item"", ""remove_from_cart"", ""view_returns"", ""add_to_cart"", ""contact_support"", ""purchase""]",JP,desktop,free,0,0,2,105.31203337349164,39,0
user_1244,"[""rage_click"", ""rage_click"", ""remove_from_cart"", ""rage_click"", ""purchase"", ""view_item"", ""contact_support"", ""search"", ""purchase"", ""view_item""]",FR,mobile,premium,1,0,0,23.99239181397764,18,0
user_1245,"[""remove_from_cart"", ""begin_checkout"", ""view_returns"", ""search"", ""view_returns"", ""wishlist_add"", ""wishlist_add"", ""purchase"", ""remove_from_cart"", ""page_view"", ""wishlist_add"", ""check_policy""]",US,desktop,enterprise,0,1,1,288.7148034108719,92,0
user_1246,"[""rage_click"", ""view_item"", ""page_view"", ""remove_from_cart"", ""begin_checkout"", ""contact_support"", ""wishlist_add"", ""page_view"", ""begin_checkout"", ""purchase"", ""add_to_cart"", ""wishlist_add""]",US,tablet,enterprise,0,0,1,200.924245423485,56,1
user_1247,"[""check_policy"", ""purchase"", ""remove_from_cart"", ""add_to_cart"", ""begin_checkout"", ""add_to_cart"", ""contact_support"", ""rage_click"", ""rage_click"", ""purchase"", ""search"", ""purchase"", ""wishlist_add"", ""remove_from_cart"", ""remove_from_cart"", ""view_item"", ""contact_support"", ""remove_from_cart"", ""view_returns""]",DE,desktop,enterprise,1,2,2,426.9802732563687,55,1
user_1248,"[""contact_support"", ""view_item"", ""rage_click"", ""page_view"", ""view_item"", ""view_item"", ""search"", ""purchase"", ""check_policy"", ""add_to_cart"", ""search"", ""rage_click"", ""begin_checkout"", ""begin_checkout"", ""search"", ""wishlist_add"", ""remove_from_cart""]",JP,desktop,premium,0,1,2,159.23602257832962,99,1
user_1249,"[""view_returns"", ""wishlist_add"", ""remove_from_cart"", ""remove_from_cart"", ""view_item"", ""rage_click"", ""add_to_cart"", ""remove_from_cart"", ""check_policy"", ""contact_support"", ""view_returns"", ""view_returns"", ""remove_from_cart""]",US,desktop,enterprise,1,1,2,1271.14645160752,10,0
user_1250,"[""check_policy"", ""contact_support"", ""page_view"", ""purchase"", ""purchase"", ""purchase"", ""wishlist_add"", ""view_item"", ""view_returns"", ""begin_checkout"", ""begin_checkout"", ""view_item"", ""remove_from_cart"", ""wishlist_add"", ""rage_click"", ""rage_click"", ""purchase"", ""search"", ""rage_click""]",FR,mobile,enterprise,0,0,4,152.05608422704992,12,0
user_1251,"[""search"", ""page_view"", ""view_item"", ""page_view"", ""view_returns"", ""rage_click"", ""contact_support"", ""wishlist_add""]",IN,desktop,premium,0,0,2,121.5217912506601,43,0
user_1252,"[""view_item"", ""purchase"", ""rage_click"", ""wishlist_add"", ""add_to_cart"", ""rage_click"", ""view_item"", ""search"", ""begin_checkout"", ""search""]",US,desktop,enterprise,0,0,2,614.3511820835399,34,1
user_1253,"[""check_policy"", ""search"", ""contact_support"", ""rage_click"", ""check_policy"", ""wishlist_add""]",UK,mobile,premium,1,0,4,151.0092702975709,39,0
user_1254,"[""remove_from_cart"", ""wishlist_add"", ""remove_from_cart"", ""contact_support"", ""view_returns"", ""contact_support"", ""contact_support"", ""contact_support"", ""contact_support""]",JP,desktop,premium,0,0,1,614.1441646297575,10,0
user_1255,"[""page_view"", ""begin_checkout"", ""view_item"", ""search"", ""rage_click"", ""check_policy"", ""contact_support"", ""view_returns"", ""purchase"", ""rage_click"", ""purchase"", ""check_policy"", ""check_policy"", ""rage_click""]",US,desktop,enterprise,0,0,1,8.320613963869835,27,0
user_1256,"[""view_returns"", ""page_view"", ""remove_from_cart"", ""check_policy"", ""search"", ""view_returns"", ""check_policy"", ""wishlist_add"", ""add_to_cart"", ""remove_from_cart"", ""wishlist_add"", ""check_policy"", ""view_returns"", ""check_policy"", ""purchase""]",BR,desktop,free,0,0,1,353.8751065217453,42,0
user_1257,"[""rage_click"", ""search"", ""check_policy"", ""view_returns"", ""purchase"", ""page_view"", ""page_view"", ""purchase"", ""view_item"", ""view_returns"", ""page_view"", ""view_item"", ""view_returns""]",JP,desktop,free,0,1,0,22.369505182280495,18,0
user_1258,"[""purchase"", ""wishlist_add"", ""contact_support"", ""view_item"", ""view_item"", ""search"", ""check_policy"", ""begin_checkout"", ""begin_checkout"", ""view_returns"", ""wishlist_add"", ""wishlist_add"", ""check_policy"", ""wishlist_add"", ""rage_click"", ""remove_from_cart""]",US,desktop,enterprise,0,0,1,48.132490013381634,16,1
user_1259,"[""remove_from_cart"", ""view_item"", ""add_to_cart"", ""page_view"", ""page_view"", ""check_policy"", ""begin_checkout"", ""add_to_cart"", ""check_policy"", ""view_item"", ""add_to_cart"", ""page_view"", ""view_returns"", ""view_item""]",FR,tablet,premium,0,1,1,361.26687054890414,39,1
user_1260,"[""check_policy"", ""search"", ""rage_click"", ""purchase"", ""view_item"", ""view_item"", ""rage_click"", ""contact_support"", ""view_returns"", ""rage_click"", ""remove_from_cart"", ""remove_from_cart"", ""view_item"", ""contact_support"", ""page_view"", ""contact_support"", ""remove_from_cart"", ""contact_support"", ""contact_support""]",IN,desktop,premium,1,2,1,102.63021737459378,86,0
user_1261,"[""view_returns"", ""view_item"", ""wishlist_add"", ""search"", ""view_returns"", ""page_view"", ""page_view"", ""remove_from_cart"", ""check_policy"", ""rage_click"", ""begin_checkout"", ""view_item"", ""wishlist_add"", ""check_policy"", ""search""]",IN,mobile,premium,1,1,2,70.8813279829788,90,0
user_1262,"[""rage_click"", ""rage_click"", ""add_to_cart"", ""view_returns"", ""search"", ""remove_from_cart""]",FR,desktop,enterprise,2,0,1,485.1293589718441,22,0
user_1263,"[""page_view"", ""begin_checkout"", ""search"", ""remove_from_cart"", ""page_view"", ""contact_support"", ""view_returns""]",JP,tablet,free,1,0,0,877.0059818164978,22,0
user_1264,"[""view_returns"", ""add_to_cart"", ""purchase"", ""wishlist_add"", ""wishlist_add"", ""check_policy"", ""rage_click"", ""begin_checkout"", ""rage_click"", ""purchase"", ""contact_support"", ""contact_support""]",CN,mobile,premium,1,0,2,79.33839144606765,51,1
user_1265,"[""remove_from_cart"", ""page_view"", ""page_view"", ""contact_support"", ""begin_checkout"", ""add_to_cart"", ""begin_checkout"", ""begin_checkout"", ""page_view"", ""view_returns"", ""begin_checkout"", ""begin_checkout"", ""rage_click"", ""view_returns""]",DE,mobile,premium,0,0,6,114.46420972596297,83,0
user_1266,"[""page_view"", ""add_to_cart"", ""wishlist_add"", ""check_policy"", ""page_view"", ""page_view"", ""begin_checkout"", ""rage_click"", ""purchase"", ""contact_support"", ""view_item"", ""search"", ""rage_click"", ""purchase"", ""begin_checkout"", ""begin_checkout"", ""wishlist_add""]",DE,desktop,enterprise,0,0,1,375.6059447172724,87,1
user_1267,"[""purchase"", ""remove_from_cart"", ""wishlist_add"", ""contact_support"", ""view_item"", ""add_to_cart"", ""rage_click""]",UK,tablet,free,0,0,2,506.69513771738934,72,0
user_1268,"[""search"", ""rage_click"", ""purchase"", ""contact_support"", ""contact_support"", ""rage_click"", ""remove_from_cart"", ""search"", ""begin_checkout"", ""contact_support"", ""purchase"", ""rage_click"", ""begin_checkout"", ""view_returns"", ""search""]",CN,desktop,free,1,2,2,2125.4552722525204,78,0
user_1269,"[""begin_checkout"", ""contact_support"", ""page_view"", ""contact_support"", ""purchase""]",DE,tablet,enterprise,0,0,3,95.80166016288901,45,0
user_1270,"[""wishlist_add"", ""begin_checkout"", ""page_view"", ""purchase"", ""contact_support"", ""begin_checkout"", ""purchase"", ""search"", ""contact_support"", ""check_policy"", ""check_policy""]",JP,tablet,free,4,0,1,243.99747176811138,44,1
user_1271,"[""wishlist_add"", ""add_to_cart"", ""wishlist_add"", ""purchase"", ""add_to_cart"", ""view_item""]",DE,desktop,enterprise,0,0,1,43.167672902534406,55,0
user_1272,"[""begin_checkout"", ""search"", ""contact_support"", ""rage_click"", ""add_to_cart"", ""add_to_cart"", ""purchase"", ""begin_checkout""]",UK,tablet,premium,0,2,2,120.51967247382294,54,1
user_1273,"[""check_policy"", ""search"", ""add_to_cart"", ""begin_checkout"", ""view_returns"", ""remove_from_cart"", ""contact_support"", ""view_item"", ""remove_from_cart"", ""view_item""]",US,desktop,enterprise,1,0,2,13.803308799138529,65,1
user_1274,"[""remove_from_cart"", ""remove_from_cart"", ""contact_support"", ""rage_click"", ""contact_support"", ""purchase"", ""rage_click""]",DE,tablet,premium,0,1,2,71.03530316483538,96,1
user_1275,"[""rage_click"", ""search"", ""rage_click"", ""purchase"", ""begin_checkout"", ""add_to_cart"", ""begin_checkout"", ""add_to_cart""]",JP,mobile,enterprise,0,0,2,211.8970687889768,14,1
user_1276,"[""begin_checkout"", ""view_item"", ""rage_click"", ""check_policy"", ""purchase"", ""begin_checkout"", ""remove_from_cart"", ""view_returns"", ""view_item""]",JP,desktop,premium,0,0,3,53.65157305000112,53,0
user_1277,"[""page_view"", ""contact_support"", ""page_view"", ""add_to_cart"", ""begin_checkout"", ""purchase"", ""remove_from_cart"", ""check_policy"", ""check_policy"", ""view_item"", ""view_item"", ""view_item""]",UK,tablet,premium,0,2,2,660.5052896040252,37,0
user_1278,"[""view_item"", ""rage_click"", ""begin_checkout"", ""search"", ""view_returns"", ""begin_checkout"", ""search"", ""begin_checkout"", ""page_view"", ""purchase"", ""remove_from_cart"", ""add_to_cart"", ""purchase"", ""view_item"", ""view_returns"", ""page_view"", ""wishlist_add"", ""rage_click"", ""view_returns""]",IN,mobile,enterprise,1,0,2,371.6821442294014,96,0
user_1279,"[""contact_support"", ""wishlist_add"", ""rage_click"", ""view_item"", ""add_to_cart""]",BR,mobile,premium,0,1,2,8.438372721973295,51,0
user_1280,"[""view_returns"", ""view_item"", ""contact_support"", ""view_item"", ""page_view"", ""check_policy""]",UK,mobile,free,2,0,7,627.9442458869299,40,1
user_1281,"[""view_item"", ""contact_support"", ""begin_checkout"", ""begin_checkout"", ""add_to_cart"", ""add_to_cart"", ""wishlist_add"", ""add_to_cart"", ""purchase"", ""remove_from_cart"", ""add_to_cart"", ""view_item"", ""add_to_cart"", ""remove_from_cart"", ""purchase"", ""remove_from_cart""]",BR,mobile,enterprise,2,0,1,1135.894691058735,16,0
user_1282,"[""add_to_cart"", ""wishlist_add"", ""add_to_cart"", ""add_to_cart"", ""view_returns"", ""remove_from_cart"", ""page_view"", ""view_item"", ""contact_support"", ""view_item"", ""add_to_cart"", ""purchase""]",FR,desktop,free,1,0,3,209.06318046876805,16,0
user_1283,"[""wishlist_add"", ""page_view"", ""rage_click"", ""page_view"", ""contact_support"", ""view_item"", ""add_to_cart"", ""check_policy"", ""rage_click"", ""add_to_cart"", ""view_returns"", ""rage_click""]",FR,tablet,premium,0,1,2,113.33047446888588,13,1
user_1284,"[""check_policy"", ""remove_from_cart"", ""remove_from_cart"", ""remove_from_cart"", ""purchase"", ""remove_from_cart"", ""begin_checkout"", ""rage_click"", ""wishlist_add"", ""check_policy"", ""view_returns"", ""begin_checkout"", ""begin_checkout"", ""search""]",IN,mobile,premium,0,0,2,91.73933237720804,41,0
user_1285,"[""search"", ""wishlist_add"", ""view_returns"", ""rage_click"", ""view_item"", ""add_to_cart"", ""wishlist_add"", ""wishlist_add"", ""view_item"", ""contact_support"", ""check_policy""]",FR,tablet,premium,0,0,1,27.443691570963892,37,0
user_1286,"[""view_item"", ""wishlist_add"", ""view_item"", ""view_item"", ""wishlist_add"", ""remove_from_cart"", ""page_view"", ""view_item"", ""add_to_cart"", ""check_policy"", ""contact_support"", ""page_view"", ""purchase"", ""add_to_cart"", ""add_to_cart"", ""remove_from_cart""]",BR,tablet,enterprise,1,0,0,202.9515558234545,65,0
user_1287,"[""remove_from_cart"", ""check_policy"", ""add_to_cart"", ""view_returns"", ""view_returns"", ""search"", ""check_policy"", ""view_item"", ""begin_checkout"", ""purchase"", ""wishlist_add"", ""contact_support"", ""remove_from_cart"", ""contact_support"", ""begin_checkout"", ""rage_click"", ""search""]",US,tablet,premium,1,0,2,15.43220908135898,13,1
user_1288,"[""view_item"", ""search"", ""page_view"", ""view_item"", ""add_to_cart"", ""search"", ""view_item"", ""search"", ""add_to_cart"", ""contact_support"", ""search""]",JP,desktop,free,0,1,4,210.2553488477878,17,0
user_1289,"[""wishlist_add"", ""wishlist_add"", ""rage_click"", ""remove_from_cart"", ""wishlist_add"", ""rage_click"", ""search"", ""add_to_cart"", ""wishlist_add"", ""page_view"", ""search"", ""begin_checkout"", ""contact_support"", ""contact_support"", ""view_item""]",IN,desktop,free,0,2,0,87.3257338388256,23,1
user_1290,"[""view_item"", ""view_item"", ""add_to_cart"", ""begin_checkout"", ""remove_from_cart"", ""view_item"", ""search"", ""contact_support""]",FR,mobile,enterprise,0,0,0,194.12648319745236,39,0
user_1291,"[""purchase"", ""check_policy"", ""wishlist_add"", ""contact_support"", ""purchase"", ""check_policy""]",JP,tablet,free,2,0,1,162.58351801647046,12,1
user_1292,"[""purchase"", ""search"", ""add_to_cart"", ""page_view"", ""view_returns""]",UK,desktop,enterprise,0,0,1,109.2023514912549,11,0
user_1293,"[""contact_support"", ""view_returns"", ""contact_support"", ""search"", ""remove_from_cart"", ""remove_from_cart"", ""wishlist_add"", ""contact_support""]",IN,desktop,enterprise,1,0,0,178.60923979928114,19,0
user_1294,"[""purchase"", ""rage_click"", ""begin_checkout"", ""wishlist_add"", ""contact_support"", ""view_returns"", ""view_returns"", ""remove_from_cart""]",US,desktop,premium,1,0,0,192.75554896310643,79,0
user_1295,"[""search"", ""contact_support"", ""rage_click"", ""rage_click"", ""begin_checkout"", ""purchase"", ""begin_checkout"", ""add_to_cart"", ""search"", ""view_returns"", ""rage_click"", ""remove_from_cart"", ""rage_click"", ""rage_click"", ""check_policy"", ""view_returns"", ""add_to_cart"", ""begin_checkout"", ""add_to_cart""]",UK,mobile,free,2,0,2,538.1737063424252,80,0
user_1296,"[""purchase"", ""search"", ""add_to_cart"", ""rage_click"", ""wishlist_add"", ""page_view"", ""contact_support"", ""add_to_cart"", ""search"", ""contact_support"", ""search""]",JP,desktop,free,0,0,3,328.78974718318227,25,0
user_1297,"[""add_to_cart"", ""add_to_cart"", ""view_item"", ""rage_click"", ""search"", ""remove_from_cart"", ""contact_support"", ""purchase"", ""view_item"", ""rage_click"", ""check_policy""]",CN,tablet,free,0,0,0,170.30165993631994,79,0
user_1298,"[""begin_checkout"", ""check_policy"", ""remove_from_cart"", ""contact_support"", ""check_policy"", ""view_item"", ""check_policy"", ""remove_from_cart"", ""remove_from_cart"", ""page_view"", ""wishlist_add"", ""add_to_cart"", ""begin_checkout"", ""begin_checkout""]",BR,desktop,premium,1,0,4,706.9285041272176,89,0
user_1299,"[""remove_from_cart"", ""page_view"", ""rage_click"", ""page_view"", ""purchase"", ""check_policy""]",CN,desktop,enterprise,0,0,2,422.85756787421775,85,1
user_1300,"[""wishlist_add"", ""page_view"", ""check_policy"", ""add_to_cart"", ""contact_support"", ""wishlist_add"", ""wishlist_add""]",FR,mobile,free,0,0,2,23.621059757056557,95,0
user_1301,"[""wishlist_add"", ""purchase"", ""wishlist_add"", ""remove_from_cart"", ""wishlist_add"", ""search"", ""purchase"", ""search"", ""contact_support"", ""remove_from_cart""]",CN,tablet,free,0,0,1,50.08065788353515,88,1
user_1302,"[""view_returns"", ""rage_click"", ""view_item"", ""check_policy"", ""rage_click"", ""rage_click"", ""wishlist_add"", ""begin_checkout"", ""page_view"", ""purchase"", ""view_returns"", ""page_view"", ""view_item"", ""page_view"", ""begin_checkout"", ""view_item"", ""contact_support"", ""contact_support"", ""remove_from_cart""]",UK,desktop,free,0,0,2,25.55885136906563,31,1
user_1303,"[""check_policy"", ""view_returns"", ""begin_checkout"", ""view_item"", ""view_returns""]",IN,tablet,free,1,1,1,115.19770395786315,44,0
user_1304,"[""check_policy"", ""page_view"", ""wishlist_add"", ""purchase"", ""purchase""]",BR,tablet,premium,0,0,2,171.622399449152,88,0
user_1305,"[""begin_checkout"", ""view_item"", ""view_item"", ""rage_click"", ""begin_checkout"", ""begin_checkout"", ""check_policy"", ""purchase"", ""view_item"", ""search"", ""page_view"", ""begin_checkout"", ""remove_from_cart"", ""wishlist_add"", ""add_to_cart"", ""view_item"", ""contact_support"", ""view_item"", ""remove_from_cart""]",CN,desktop,enterprise,0,0,1,210.50258616855191,96,0
user_1306,"[""remove_from_cart"", ""add_to_cart"", ""rage_click"", ""check_policy"", ""search"", ""wishlist_add""]",DE,mobile,free,0,0,1,571.9737722683058,58,1
user_1307,"[""view_returns"", ""rage_click"", ""check_policy"", ""purchase"", ""remove_from_cart"", ""begin_checkout"", ""view_returns""]",US,tablet,free,0,0,1,5.435836836794039,11,1
user_1308,"[""view_item"", ""add_to_cart"", ""wishlist_add"", ""check_policy"", ""view_returns"", ""page_view"", ""check_policy""]",JP,desktop,enterprise,0,0,0,167.73618618149067,75,0
user_1309,"[""wishlist_add"", ""add_to_cart"", ""add_to_cart"", ""view_returns"", ""remove_from_cart"", ""view_returns"", ""begin_checkout"", ""add_to_cart"", ""remove_from_cart"", ""remove_from_cart"", ""view_returns"", ""purchase"", ""check_policy""]",IN,tablet,premium,0,0,2,158.7979002550608,28,0
user_1310,"[""purchase"", ""add_to_cart"", ""add_to_cart"", ""search"", ""add_to_cart"", ""wishlist_add"", ""contact_support"", ""view_item"", ""page_view"", ""search"", ""contact_support"", ""page_view"", ""remove_from_cart""]",BR,tablet,premium,1,0,0,883.9451595143728,78,0
user_1311,"[""begin_checkout"", ""wishlist_add"", ""rage_click"", ""wishlist_add"", ""view_returns"", ""wishlist_add"", ""rage_click""]",IN,tablet,premium,1,0,1,82.74064277715978,13,1
user_1312,"[""begin_checkout"", ""view_returns"", ""remove_from_cart"", ""begin_checkout"", ""wishlist_add"", ""add_to_cart"", ""begin_checkout"", ""wishlist_add"", ""add_to_cart"", ""begin_checkout"", ""search"", ""begin_checkout"", ""purchase"", ""rage_click"", ""page_view"", ""wishlist_add"", ""contact_support""]",FR,desktop,premium,0,0,0,39.17129776273209,91,1
user_1313,"[""purchase"", ""page_view"", ""purchase"", ""view_item"", ""view_returns"", ""search"", ""add_to_cart"", ""contact_support"", ""purchase"", ""purchase"", ""remove_from_cart"", ""begin_checkout"", ""view_item"", ""contact_support"", ""contact_support"", ""view_returns"", ""contact_support"", ""check_policy""]",UK,tablet,free,1,0,3,46.03635092874876,50,1
user_1314,"[""purchase"", ""check_policy"", ""wishlist_add"", ""page_view"", ""begin_checkout"", ""check_policy"", ""page_view"", ""view_item"", ""rage_click"", ""wishlist_add"", ""add_to_cart"", ""purchase"", ""check_policy"", ""rage_click""]",US,tablet,enterprise,1,1,2,220.27996824337922,65,0
user_1315,"[""remove_from_cart"", ""search"", ""wishlist_add"", ""view_item"", ""add_to_cart"", ""begin_checkout"", ""search"", ""view_item"", ""remove_from_cart""]",FR,mobile,enterprise,0,0,1,148.7337196881622,64,0
user_1316,"[""remove_from_cart"", ""check_policy"", ""wishlist_add"", ""add_to_cart"", ""contact_support""]",UK,desktop,enterprise,0,0,4,420.9003782562633,40,1
user_1317,"[""purchase"", ""purchase"", ""page_view"", ""begin_checkout"", ""add_to_cart"", ""contact_support"", ""page_view"", ""view_returns"", ""check_policy"", ""check_policy"", ""wishlist_add"", ""contact_support""]",CN,desktop,premium,2,0,1,117.10602754706595,31,1
user_1318,"[""contact_support"", ""contact_support"", ""remove_from_cart"", ""search"", ""purchase"", ""rage_click"", ""add_to_cart"", ""rage_click"", ""remove_from_cart"", ""begin_checkout"", ""check_policy"", ""purchase"", ""contact_support"", ""view_returns"", ""view_returns"", ""view_returns"", ""add_to_cart"", ""contact_support""]",BR,tablet,premium,0,0,0,41.076598095738895,84,0
user_1319,"[""check_policy"", ""rage_click"", ""contact_support"", ""contact_support"", ""wishlist_add"", ""remove_from_cart"", ""begin_checkout"", ""view_returns"", ""page_view"", ""wishlist_add""]",JP,mobile,enterprise,0,0,2,146.7563210068471,57,0
user_1320,"[""remove_from_cart"", ""begin_checkout"", ""search"", ""begin_checkout"", ""view_item"", ""view_returns"", ""view_item"", ""remove_from_cart"", ""wishlist_add"", ""begin_checkout""]",BR,tablet,free,1,0,1,643.765743627099,89,0
user_1321,"[""page_view"", ""purchase"", ""view_item"", ""begin_checkout"", ""purchase"", ""search"", ""view_returns"", ""rage_click"", ""wishlist_add"", ""purchase"", ""begin_checkout"", ""wishlist_add"", ""remove_from_cart"", ""view_item"", ""view_item"", ""check_policy"", ""begin_checkout"", ""check_policy""]",DE,tablet,premium,0,0,1,156.02376869428994,13,1
user_1322,"[""search"", ""page_view"", ""page_view"", ""begin_checkout"", ""view_item"", ""view_returns"", ""add_to_cart"", ""page_view"", ""view_item"", ""contact_support"", ""contact_support"", ""check_policy"", ""purchase"", ""wishlist_add"", ""view_returns"", ""check_policy"", ""contact_support""]",IN,desktop,free,0,0,1,538.0582097663204,30,0
user_1323,"[""view_returns"", ""add_to_cart"", ""purchase"", ""check_policy"", ""contact_support"", ""search"", ""page_view"", ""page_view"", ""check_policy"", ""search"", ""add_to_cart"", ""add_to_cart"", ""begin_checkout"", ""search"", ""purchase"", ""view_item"", ""add_to_cart""]",DE,mobile,enterprise,1,0,0,139.34013641858073,50,0
user_1324,"[""add_to_cart"", ""begin_checkout"", ""rage_click"", ""wishlist_add"", ""add_to_cart"", ""wishlist_add"", ""search"", ""purchase"", ""search"", ""begin_checkout""]",IN,tablet,premium,1,0,3,99.12911964605684,54,0
user_1325,"[""search"", ""purchase"", ""purchase"", ""page_view"", ""search"", ""rage_click"", ""begin_checkout"", ""page_view"", ""view_returns""]",BR,desktop,free,0,0,3,447.3134920490898,98,0
user_1326,"[""check_policy"", ""begin_checkout"", ""page_view"", ""rage_click"", ""search"", ""rage_click"", ""view_returns"", ""begin_checkout"", ""add_to_cart"", ""view_returns"", ""page_view""]",CN,tablet,premium,0,0,0,70.42615510128942,93,0
user_1327,"[""wishlist_add"", ""search"", ""check_policy"", ""remove_from_cart"", ""check_policy"", ""wishlist_add"", ""search""]",JP,tablet,enterprise,1,0,3,79.12354063556802,17,0
user_1328,"[""begin_checkout"", ""purchase"", ""check_policy"", ""contact_support"", ""wishlist_add"", ""check_policy"", ""check_policy"", ""check_policy"", ""search"", ""check_policy"", ""add_to_cart"", ""wishlist_add"", ""add_to_cart"", ""check_policy"", ""view_item"", ""view_item"", ""add_to_cart""]",US,mobile,enterprise,0,0,3,15.328890372108111,18,1
user_1329,"[""remove_from_cart"", ""purchase"", ""view_returns"", ""contact_support"", ""contact_support"", ""check_policy"", ""remove_from_cart"", ""view_item"", ""view_item"", ""remove_from_cart"", ""purchase"", ""add_to_cart"", ""purchase"", ""begin_checkout"", ""begin_checkout"", ""view_item"", ""view_returns"", ""begin_checkout""]",JP,mobile,enterprise,3,0,0,62.41948384012579,27,0
user_1330,"[""view_item"", ""check_policy"", ""rage_click"", ""rage_click"", ""page_view"", ""check_policy"", ""rage_click"", ""purchase"", ""page_view"", ""view_item"", ""remove_from_cart"", ""remove_from_cart"", ""view_item"", ""view_returns"", ""view_item""]",CN,mobile,free,0,1,1,142.83809053662088,40,0
user_1331,"[""remove_from_cart"", ""rage_click"", ""contact_support"", ""page_view"", ""view_returns"", ""wishlist_add"", ""begin_checkout""]",UK,tablet,premium,0,1,1,153.03411252881003,44,0
user_1332,"[""view_returns"", ""begin_checkout"", ""view_returns"", ""contact_support"", ""search"", ""view_returns"", ""rage_click"", ""view_item"", ""add_to_cart"", ""page_view"", ""remove_from_cart""]",BR,mobile,premium,0,0,1,163.74320121403406,39,0
user_1333,"[""begin_checkout"", ""search"", ""page_view"", ""view_returns"", ""view_item"", ""page_view"", ""view_item"", ""begin_checkout"", ""rage_click"", ""rage_click"", ""view_item"", ""view_item"", ""add_to_cart"", ""check_policy"", ""search"", ""add_to_cart"", ""page_view"", ""purchase"", ""add_to_cart""]",BR,desktop,premium,0,0,3,196.0008461001641,27,0
user_1334,"[""remove_from_cart"", ""page_view"", ""page_view"", ""wishlist_add"", ""view_item""]",BR,tablet,enterprise,0,1,3,254.52697905615068,92,0
user_1335,"[""view_returns"", ""view_item"", ""search"", ""view_item"", ""search"", ""search"", ""contact_support"", ""contact_support"", ""view_returns"", ""wishlist_add"", ""purchase"", ""wishlist_add"", ""search"", ""remove_from_cart""]",BR,mobile,free,0,0,0,63.004911521908426,50,0
user_1336,"[""page_view"", ""search"", ""add_to_cart"", ""wishlist_add"", ""rage_click"", ""begin_checkout"", ""purchase""]",US,tablet,enterprise,3,0,3,285.5319949624479,33,1
user_1337,"[""page_view"", ""contact_support"", ""page_view"", ""remove_from_cart"", ""add_to_cart"", ""search"", ""view_returns"", ""wishlist_add"", ""wishlist_add""]",DE,tablet,enterprise,1,0,0,123.09261017709439,95,1
user_1338,"[""search"", ""check_policy"", ""view_returns"", ""contact_support"", ""check_policy"", ""contact_support"", ""view_item"", ""remove_from_cart"", ""search"", ""purchase"", ""add_to_cart""]",CN,desktop,free,0,1,1,397.28979860421805,57,0
user_1339,"[""add_to_cart"", ""purchase"", ""page_view"", ""page_view"", ""begin_checkout"", ""page_view"", ""contact_support"", ""view_returns"", ""view_item"", ""purchase"", ""contact_support"", ""contact_support"", ""begin_checkout"", ""contact_support"", ""wishlist_add"", ""wishlist_add"", ""remove_from_cart"", ""page_view"", ""add_to_cart""]",UK,desktop,enterprise,1,0,3,244.39413849082777,23,1
user_1340,"[""wishlist_add"", ""remove_from_cart"", ""view_item"", ""wishlist_add"", ""view_item"", ""view_item"", ""search"", ""page_view"", ""contact_support"", ""view_item"", ""purchase"", ""add_to_cart"", ""contact_support"", ""begin_checkout"", ""page_view"", ""view_returns"", ""remove_from_cart""]",CN,desktop,enterprise,1,0,3,242.41164322397307,28,1
user_1341,"[""remove_from_cart"", ""view_item"", ""add_to_cart"", ""begin_checkout"", ""wishlist_add"", ""contact_support"", ""purchase"", ""check_policy"", ""remove_from_cart"", ""check_policy"", ""contact_support"", ""add_to_cart"", ""check_policy""]",FR,tablet,premium,0,0,2,347.0189495920963,69,1
user_1342,"[""view_returns"", ""rage_click"", ""check_policy"", ""view_returns"", ""view_returns"", ""view_item"", ""rage_click"", ""purchase""]",FR,tablet,free,0,0,1,121.49811169983236,31,0
user_1343,"[""remove_from_cart"", ""begin_checkout"", ""contact_support"", ""begin_checkout"", ""check_policy"", ""rage_click"", ""check_policy"", ""rage_click"", ""remove_from_cart"", ""contact_support"", ""contact_support"", ""remove_from_cart"", ""purchase"", ""view_returns"", ""rage_click""]",FR,desktop,free,1,0,2,168.23223135231063,39,1
user_1344,"[""page_view"", ""view_returns"", ""search"", ""check_policy"", ""rage_click""]",DE,tablet,premium,1,0,2,262.327250203823,24,0
user_1345,"[""add_to_cart"", ""contact_support"", ""wishlist_add"", ""begin_checkout"", ""add_to_cart"", ""begin_checkout"", ""contact_support"", ""page_view"", ""search"", ""remove_from_cart"", ""purchase"", ""view_item"", ""check_policy"", ""view_returns"", ""page_view""]",JP,desktop,free,1,0,1,164.22386491960108,30,1
user_1346,"[""remove_from_cart"", ""search"", ""remove_from_cart"", ""begin_checkout"", ""wishlist_add"", ""wishlist_add"", ""remove_from_cart"", ""rage_click"", ""check_policy"", ""view_item"", ""page_view"", ""rage_click"", ""page_view"", ""purchase"", ""view_item"", ""remove_from_cart"", ""purchase""]",US,desktop,premium,0,0,2,176.23505265053507,35,0
user_1347,"[""search"", ""purchase"", ""add_to_cart"", ""begin_checkout"", ""view_item"", ""check_policy"", ""add_to_cart"", ""page_view"", ""view_returns""]",BR,mobile,enterprise,1,0,2,95.43705321966682,21,0
user_1348,"[""add_to_cart"", ""check_policy"", ""rage_click"", ""view_returns"", ""add_to_cart"", ""view_item"", ""contact_support"", ""check_policy"", ""check_policy"", ""rage_click"", ""begin_checkout"", ""remove_from_cart""]",DE,desktop,free,1,0,5,101.6442039600278,16,0
user_1349,"[""remove_from_cart"", ""remove_from_cart"", ""wishlist_add"", ""wishlist_add"", ""view_item"", ""page_view"", ""remove_from_cart"", ""check_policy"", ""wishlist_add"", ""rage_click"", ""rage_click"", ""wishlist_add""]",IN,mobile,free,0,1,6,360.15105578299705,84,1
user_1350,"[""page_view"", ""begin_checkout"", ""check_policy"", ""check_policy"", ""contact_support"", ""purchase"", ""search"", ""contact_support"", ""remove_from_cart"", ""add_to_cart"", ""wishlist_add"", ""rage_click"", ""wishlist_add"", ""contact_support""]",UK,desktop,enterprise,0,0,1,1.2870997064334326,93,1
user_1351,"[""view_returns"", ""page_view"", ""check_policy"", ""wishlist_add"", ""purchase"", ""wishlist_add"", ""page_view"", ""remove_from_cart""]",UK,tablet,enterprise,1,0,0,30.042388590560684,44,0
user_1352,"[""begin_checkout"", ""search"", ""view_returns"", ""remove_from_cart"", ""add_to_cart"", ""view_item"", ""remove_from_cart"", ""search"", ""contact_support"", ""remove_from_cart"", ""contact_support"", ""begin_checkout"", ""check_policy"", ""rage_click"", ""view_item"", ""begin_checkout""]",FR,mobile,free,2,1,1,891.662675993479,77,0
user_1353,"[""contact_support"", ""rage_click"", ""wishlist_add"", ""add_to_cart"", ""page_view"", ""view_item"", ""purchase"", ""begin_checkout"", ""page_view"", ""page_view"", ""search"", ""remove_from_cart"", ""wishlist_add"", ""remove_from_cart"", ""purchase""]",IN,tablet,free,0,0,2,62.11392317867004,11,1
user_1354,"[""contact_support"", ""purchase"", ""page_view"", ""contact_support"", ""rage_click"", ""search"", ""check_policy"", ""check_policy"", ""search"", ""check_policy""]",US,tablet,free,1,0,0,162.44777124754074,29,0
user_1355,"[""view_item"", ""purchase"", ""check_policy"", ""add_to_cart"", ""remove_from_cart"", ""wishlist_add""]",FR,desktop,premium,0,0,2,568.5069277167291,56,0
user_1356,"[""check_policy"", ""check_policy"", ""remove_from_cart"", ""check_policy"", ""begin_checkout"", ""page_view"", ""contact_support""]",UK,desktop,free,0,0,1,0.030713329881468243,93,1
user_1357,"[""check_policy"", ""view_item"", ""view_item"", ""page_view"", ""view_item"", ""contact_support"", ""view_returns"", ""search""]",UK,tablet,free,0,0,1,777.7977651198439,21,1
user_1358,"[""view_returns"", ""page_view"", ""page_view"", ""wishlist_add"", ""contact_support"", ""remove_from_cart"", ""purchase"", ""view_returns"", ""view_item"", ""add_to_cart"", ""purchase"", ""contact_support""]",BR,desktop,enterprise,1,0,3,16.491686783420096,62,0
user_1359,"[""wishlist_add"", ""view_item"", ""check_policy"", ""remove_from_cart"", ""view_returns"", ""view_returns"", ""check_policy"", ""contact_support""]",JP,desktop,enterprise,0,0,1,56.213152304421556,26,0
user_1360,"[""remove_from_cart"", ""check_policy"", ""contact_support"", ""contact_support"", ""wishlist_add"", ""page_view"", ""remove_from_cart"", ""view_item"", ""rage_click"", ""begin_checkout"", ""add_to_cart"", ""remove_from_cart"", ""purchase""]",BR,desktop,premium,1,0,3,8.860635643962498,27,1
user_1361,"[""page_view"", ""check_policy"", ""view_returns"", ""check_policy"", ""check_policy"", ""rage_click"", ""remove_from_cart"", ""check_policy"", ""rage_click"", ""begin_checkout"", ""view_item"", ""begin_checkout"", ""remove_from_cart"", ""view_returns""]",JP,tablet,enterprise,0,0,2,219.89093129189274,33,1
user_1362,"[""begin_checkout"", ""rage_click"", ""rage_click"", ""add_to_cart"", ""contact_support"", ""purchase"", ""purchase"", ""remove_from_cart"", ""search"", ""contact_support"", ""add_to_cart"", ""page_view"", ""wishlist_add"", ""check_policy"", ""begin_checkout"", ""contact_support"", ""check_policy"", ""page_view"", ""view_returns""]",BR,mobile,free,1,0,0,859.9079833056132,81,0
user_1363,"[""check_policy"", ""wishlist_add"", ""add_to_cart"", ""add_to_cart"", ""contact_support"", ""rage_click"", ""view_item""]",JP,mobile,free,0,0,1,547.9735023187333,46,0
user_1364,"[""remove_from_cart"", ""purchase"", ""add_to_cart"", ""wishlist_add"", ""contact_support"", ""contact_support"", ""check_policy"", ""check_policy"", ""begin_checkout"", ""add_to_cart"", ""view_item"", ""remove_from_cart"", ""remove_from_cart"", ""search"", ""view_returns"", ""view_returns"", ""begin_checkout"", ""purchase""]",FR,tablet,premium,0,0,0,306.2859026277915,39,0
user_1365,"[""page_view"", ""begin_checkout"", ""remove_from_cart"", ""remove_from_cart"", ""search"", ""view_item"", ""contact_support"", ""page_view"", ""purchase"", ""check_policy"", ""begin_checkout"", ""view_returns""]",CN,desktop,enterprise,1,0,0,61.55007025543667,93,1
user_1366,"[""search"", ""search"", ""view_item"", ""search"", ""remove_from_cart"", ""search"", ""rage_click"", ""begin_checkout"", ""add_to_cart"", ""purchase"", ""add_to_cart"", ""begin_checkout"", ""add_to_cart""]",IN,desktop,enterprise,0,1,1,611.1379137531561,61,0
user_1367,"[""wishlist_add"", ""contact_support"", ""begin_checkout"", ""rage_click"", ""add_to_cart"", ""purchase"", ""view_returns"", ""check_policy"", ""purchase"", ""view_item""]",US,mobile,enterprise,0,1,3,421.67421526338813,32,0
user_1368,"[""check_policy"", ""view_returns"", ""page_view"", ""rage_click"", ""remove_from_cart"", ""view_returns"", ""contact_support"", ""check_policy"", ""contact_support"", ""check_policy"", ""view_item"", ""page_view"", ""remove_from_cart"", ""wishlist_add"", ""view_item"", ""view_returns"", ""contact_support"", ""check_policy"", ""view_returns""]",JP,tablet,premium,0,0,0,93.12057272793191,46,0
user_1369,"[""purchase"", ""page_view"", ""wishlist_add"", ""rage_click"", ""purchase"", ""wishlist_add"", ""contact_support"", ""page_view"", ""page_view"", ""view_returns"", ""purchase"", ""view_returns"", ""view_returns"", ""search"", ""view_returns""]",DE,tablet,enterprise,1,0,3,490.56392195162965,83,0
user_1370,"[""check_policy"", ""check_policy"", ""contact_support"", ""remove_from_cart"", ""rage_click"", ""wishlist_add"", ""view_item"", ""search"", ""rage_click"", ""contact_support"", ""add_to_cart"", ""view_item"", ""remove_from_cart"", ""begin_checkout""]",JP,desktop,enterprise,1,0,3,629.0406214993212,33,0
user_1371,"[""page_view"", ""contact_support"", ""search"", ""begin_checkout"", ""rage_click"", ""wishlist_add""]",FR,desktop,enterprise,1,0,1,359.42307819486825,89,0
user_1372,"[""begin_checkout"", ""wishlist_add"", ""search"", ""contact_support"", ""rage_click"", ""wishlist_add"", ""contact_support"", ""purchase"", ""add_to_cart"", ""remove_from_cart"", ""remove_from_cart"", ""page_view"", ""add_to_cart"", ""add_to_cart"", ""page_view"", ""rage_click""]",US,desktop,free,0,0,1,31.73623235677843,59,0
user_1373,"[""page_view"", ""rage_click"", ""page_view"", ""view_item"", ""view_item"", ""purchase"", ""check_policy"", ""search"", ""page_view"", ""add_to_cart"", ""view_item"", ""view_returns"", ""rage_click"", ""view_item"", ""view_item""]",JP,tablet,premium,0,0,0,1245.2143530863552,85,0
user_1374,"[""rage_click"", ""remove_from_cart"", ""begin_checkout"", ""search"", ""rage_click"", ""purchase"", ""contact_support"", ""wishlist_add"", ""rage_click"", ""rage_click"", ""check_policy"", ""wishlist_add"", ""contact_support"", ""rage_click""]",BR,mobile,free,0,0,1,23.71328329516039,29,0
user_1375,"[""begin_checkout"", ""wishlist_add"", ""view_returns"", ""contact_support"", ""remove_from_cart"", ""rage_click"", ""check_policy"", ""check_policy"", ""add_to_cart""]",US,tablet,premium,0,0,1,318.80620531643564,56,1
user_1376,"[""check_policy"", ""search"", ""search"", ""begin_checkout"", ""wishlist_add"", ""add_to_cart"", ""page_view"", ""check_policy""]",DE,tablet,enterprise,0,0,2,35.137249459782545,27,0
user_1377,"[""contact_support"", ""check_policy"", ""view_item"", ""wishlist_add"", ""remove_from_cart"", ""view_item"", ""view_returns"", ""check_policy"", ""page_view"", ""view_item""]",UK,tablet,free,0,0,0,707.4717073596603,35,1
user_1378,"[""remove_from_cart"", ""add_to_cart"", ""page_view"", ""wishlist_add"", ""view_item"", ""search""]",BR,mobile,enterprise,1,1,1,129.2245750456454,80,0
user_1379,"[""page_view"", ""rage_click"", ""check_policy"", ""view_item"", ""view_item"", ""begin_checkout"", ""begin_checkout"", ""remove_from_cart"", ""wishlist_add"", ""contact_support"", ""contact_support"", ""wishlist_add"", ""add_to_cart""]",US,desktop,enterprise,1,1,0,214.92659837905643,52,0
user_1380,"[""contact_support"", ""remove_from_cart"", ""view_item"", ""begin_checkout"", ""begin_checkout"", ""begin_checkout"", ""search"", ""search""]",CN,desktop,premium,0,1,1,59.08254451598664,56,0
user_1381,"[""page_view"", ""purchase"", ""search"", ""view_item"", ""check_policy"", ""remove_from_cart"", ""begin_checkout"", ""begin_checkout"", ""begin_checkout"", ""view_item"", ""begin_checkout"", ""add_to_cart"", ""remove_from_cart"", ""view_item""]",JP,tablet,enterprise,0,0,4,237.26914552774932,94,1
user_1382,"[""rage_click"", ""view_returns"", ""search"", ""wishlist_add"", ""add_to_cart"", ""page_view"", ""page_view"", ""purchase""]",BR,tablet,free,0,0,4,838.2781045581814,52,0
user_1383,"[""remove_from_cart"", ""page_view"", ""view_returns"", ""page_view"", ""begin_checkout"", ""purchase"", ""view_item""]",FR,mobile,premium,0,2,3,695.7151845248986,41,0
user_1384,"[""check_policy"", ""page_view"", ""remove_from_cart"", ""wishlist_add"", ""remove_from_cart"", ""begin_checkout"", ""page_view"", ""page_view"", ""check_policy"", ""rage_click"", ""page_view""]",CN,mobile,premium,0,0,1,19.808583696380985,16,0
user_1385,"[""purchase"", ""purchase"", ""view_item"", ""rage_click"", ""remove_from_cart"", ""check_policy""]",IN,desktop,free,1,1,1,142.5692633684909,96,0
user_1386,"[""search"", ""search"", ""add_to_cart"", ""view_returns"", ""check_policy"", ""rage_click"", ""add_to_cart"", ""page_view"", ""view_item"", ""wishlist_add""]",IN,tablet,enterprise,0,0,3,93.3594720447571,93,0
user_1387,"[""wishlist_add"", ""page_view"", ""search"", ""begin_checkout"", ""contact_support"", ""view_item"", ""add_to_cart"", ""view_returns"", ""contact_support"", ""begin_checkout"", ""remove_from_cart"", ""begin_checkout"", ""contact_support"", ""purchase"", ""wishlist_add""]",CN,mobile,enterprise,0,3,1,196.96443785108843,93,1
user_1388,"[""rage_click"", ""page_view"", ""remove_from_cart"", ""wishlist_add"", ""wishlist_add"", ""rage_click"", ""begin_checkout"", ""view_returns"", ""wishlist_add"", ""page_view"", ""remove_from_cart""]",FR,mobile,enterprise,1,0,1,538.2411803887697,41,0
user_1389,"[""wishlist_add"", ""rage_click"", ""page_view"", ""page_view"", ""remove_from_cart"", ""add_to_cart"", ""check_policy"", ""search"", ""add_to_cart"", ""page_view"", ""wishlist_add"", ""search"", ""contact_support"", ""view_item"", ""contact_support"", ""remove_from_cart""]",FR,tablet,enterprise,0,1,2,402.8001485286685,99,0
user_1390,"[""page_view"", ""wishlist_add"", ""view_returns"", ""check_policy"", ""view_returns""]",IN,tablet,enterprise,0,1,1,126.4683740813803,97,1
user_1391,"[""remove_from_cart"", ""purchase"", ""add_to_cart"", ""search"", ""view_returns"", ""remove_from_cart"", ""add_to_cart"", ""remove_from_cart"", ""purchase"", ""search"", ""check_policy"", ""check_policy"", ""wishlist_add"", ""remove_from_cart"", ""view_returns"", ""check_policy"", ""view_item""]",FR,tablet,premium,0,0,0,144.70343893328416,74,0
user_1392,"[""view_returns"", ""rage_click"", ""begin_checkout"", ""remove_from_cart"", ""remove_from_cart"", ""remove_from_cart"", ""purchase"", ""search"", ""remove_from_cart"", ""check_policy"", ""check_policy"", ""begin_checkout"", ""begin_checkout"", ""contact_support"", ""view_returns"", ""check_policy"", ""check_policy""]",CN,tablet,premium,1,0,2,318.6161240229625,67,0
user_1393,"[""check_policy"", ""check_policy"", ""contact_support"", ""view_item"", ""contact_support"", ""view_item"", ""contact_support"", ""check_policy"", ""contact_support"", ""check_policy""]",US,tablet,free,0,0,4,64.78528239081966,62,0
user_1394,"[""begin_checkout"", ""page_view"", ""view_item"", ""rage_click"", ""view_returns"", ""view_returns"", ""contact_support"", ""page_view"", ""purchase"", ""rage_click"", ""view_returns""]",FR,tablet,enterprise,0,0,2,32.51887570233267,99,0
user_1395,"[""remove_from_cart"", ""add_to_cart"", ""purchase"", ""rage_click"", ""view_returns"", ""contact_support"", ""remove_from_cart""]",UK,mobile,enterprise,1,0,0,83.35455985659218,43,0
user_1396,"[""view_item"", ""view_returns"", ""view_returns"", ""wishlist_add"", ""search"", ""purchase"", ""view_returns"", ""rage_click"", ""page_view"", ""rage_click"", ""view_item"", ""page_view"", ""view_returns"", ""view_returns"", ""search"", ""remove_from_cart"", ""view_returns"", ""check_policy"", ""view_item""]",CN,tablet,enterprise,0,0,0,39.72786324686851,99,0
user_1397,"[""contact_support"", ""remove_from_cart"", ""add_to_cart"", ""page_view"", ""begin_checkout"", ""contact_support"", ""view_returns"", ""wishlist_add"", ""rage_click""]",CN,desktop,free,0,0,1,130.1520800847428,78,1
user_1398,"[""wishlist_add"", ""search"", ""page_view"", ""page_view"", ""page_view"", ""view_item"", ""page_view"", ""remove_from_cart"", ""contact_support"", ""rage_click"", ""wishlist_add""]",CN,tablet,enterprise,0,0,1,832.0925464515099,65,0
user_1399,"[""remove_from_cart"", ""check_policy"", ""search"", ""rage_click"", ""check_policy"", ""page_view"", ""page_view"", ""remove_from_cart""]",DE,desktop,premium,0,0,0,38.452122928405366,75,1
user_1400,"[""page_view"", ""purchase"", ""contact_support"", ""view_item"", ""search"", ""begin_checkout"", ""view_returns"", ""add_to_cart""]",US,desktop,enterprise,0,0,2,511.65605402142256,41,0
user_1401,"[""check_policy"", ""rage_click"", ""page_view"", ""begin_checkout"", ""wishlist_add"", ""add_to_cart"", ""remove_from_cart"", ""remove_from_cart"", ""search"", ""wishlist_add"", ""check_policy"", ""contact_support"", ""search""]",US,desktop,free,0,0,0,229.4883714231331,59,0
user_1402,"[""search"", ""contact_support"", ""begin_checkout"", ""wishlist_add"", ""contact_support"", ""check_policy"", ""add_to_cart"", ""add_to_cart"", ""add_to_cart"", ""wishlist_add"", ""remove_from_cart"", ""purchase""]",FR,tablet,premium,0,0,0,300.6388107200687,33,0
user_1403,"[""begin_checkout"", ""view_returns"", ""wishlist_add"", ""begin_checkout"", ""search"", ""wishlist_add"", ""begin_checkout"", ""contact_support"", ""view_item"", ""wishlist_add"", ""search"", ""search"", ""begin_checkout"", ""wishlist_add"", ""check_policy"", ""view_item"", ""purchase"", ""check_policy"", ""begin_checkout""]",CN,tablet,premium,1,0,2,55.92864650759073,55,0
user_1404,"[""remove_from_cart"", ""contact_support"", ""page_view"", ""view_returns"", ""view_returns"", ""check_policy"", ""view_returns"", ""view_item"", ""add_to_cart"", ""rage_click"", ""page_view"", ""view_returns"", ""view_returns""]",BR,desktop,premium,0,0,1,49.24076899199502,12,0
user_1405,"[""search"", ""begin_checkout"", ""remove_from_cart"", ""contact_support"", ""contact_support"", ""contact_support"", ""contact_support"", ""purchase"", ""wishlist_add"", ""search"", ""page_view""]",CN,tablet,enterprise,0,0,1,53.287504501939466,19,0
user_1406,"[""begin_checkout"", ""remove_from_cart"", ""remove_from_cart"", ""check_policy"", ""rage_click"", ""view_returns"", ""search"", ""wishlist_add"", ""view_returns"", ""begin_checkout"", ""purchase"", ""view_item"", ""search"", ""add_to_cart"", ""begin_checkout"", ""view_item"", ""add_to_cart""]",FR,mobile,free,0,0,2,329.94048744698745,15,1
user_1407,"[""purchase"", ""begin_checkout"", ""contact_support"", ""remove_from_cart"", ""view_item"", ""wishlist_add"", ""search"", ""begin_checkout""]",US,mobile,free,0,0,1,413.24589987249783,61,1
user_1408,"[""search"", ""check_policy"", ""page_view"", ""remove_from_cart"", ""search"", ""begin_checkout"", ""view_returns"", ""wishlist_add"", ""wishlist_add""]",IN,mobile,enterprise,0,2,1,758.6385442412402,59,0
user_1409,"[""page_view"", ""begin_checkout"", ""contact_support"", ""page_view"", ""page_view"", ""view_item"", ""view_item"", ""rage_click"", ""remove_from_cart"", ""add_to_cart"", ""search"", ""page_view""]",FR,mobile,free,0,0,0,152.34522223033625,67,1
user_1410,"[""view_item"", ""purchase"", ""rage_click"", ""begin_checkout"", ""remove_from_cart"", ""begin_checkout"", ""rage_click"", ""wishlist_add"", ""check_policy"", ""view_returns"", ""remove_from_cart"", ""search"", ""view_returns"", ""purchase"", ""begin_checkout"", ""wishlist_add""]",IN,tablet,premium,0,1,3,185.95194406872736,61,1
user_1411,"[""purchase"", ""add_to_cart"", ""begin_checkout"", ""rage_click"", ""check_policy"", ""wishlist_add"", ""remove_from_cart"", ""check_policy"", ""begin_checkout"", ""search"", ""view_item""]",FR,desktop,premium,0,0,2,190.23433303949645,22,0
user_1412,"[""purchase"", ""check_policy"", ""view_returns"", ""purchase"", ""view_returns"", ""check_policy"", ""view_item"", ""purchase"", ""rage_click"", ""wishlist_add"", ""purchase"", ""remove_from_cart"", ""check_policy"", ""add_to_cart"", ""begin_checkout"", ""page_view"", ""contact_support""]",FR,tablet,free,1,0,0,94.37126862678072,68,0
user_1413,"[""view_returns"", ""rage_click"", ""rage_click"", ""contact_support"", ""view_item"", ""remove_from_cart"", ""begin_checkout""]",FR,mobile,free,0,1,2,119.35296320164294,48,1
user_1414,"[""add_to_cart"", ""search"", ""page_view"", ""purchase"", ""contact_support"", ""view_item"", ""rage_click"", ""page_view"", ""search"", ""rage_click"", ""check_policy"", ""search"", ""contact_support"", ""view_item"", ""purchase"", ""view_returns"", ""view_item"", ""begin_checkout"", ""wishlist_add""]",FR,tablet,enterprise,0,0,1,562.8429359022203,62,0
user_1415,"[""purchase"", ""add_to_cart"", ""wishlist_add"", ""view_item"", ""search"", ""purchase"", ""add_to_cart"", ""view_item"", ""page_view"", ""view_returns"", ""page_view"", ""wishlist_add"", ""begin_checkout"", ""search"", ""purchase""]",JP,tablet,enterprise,0,0,2,126.35132417449728,67,1
user_1416,"[""wishlist_add"", ""wishlist_add"", ""add_to_cart"", ""check_policy"", ""view_item"", ""check_policy"", ""view_item"", ""begin_checkout"", ""check_policy"", ""search"", ""search"", ""add_to_cart"", ""search"", ""remove_from_cart"", ""page_view""]",JP,mobile,enterprise,0,1,2,609.9875482404912,29,0
user_1417,"[""rage_click"", ""contact_support"", ""begin_checkout"", ""view_returns"", ""view_item"", ""add_to_cart"", ""check_policy""]",CN,desktop,enterprise,0,0,1,109.26861120090614,72,0
user_1418,"[""contact_support"", ""remove_from_cart"", ""rage_click"", ""check_policy"", ""search"", ""wishlist_add"", ""page_view"", ""remove_from_cart"", ""contact_support"", ""search"", ""purchase"", ""purchase"", ""contact_support"", ""purchase"", ""begin_checkout"", ""add_to_cart"", ""view_item"", ""add_to_cart""]",CN,tablet,enterprise,0,0,4,124.6015299535407,19,0
user_1419,"[""add_to_cart"", ""add_to_cart"", ""page_view"", ""view_item"", ""search"", ""wishlist_add"", ""add_to_cart"", ""view_item"", ""view_returns"", ""purchase"", ""check_policy"", ""page_view"", ""purchase""]",BR,tablet,enterprise,0,1,0,246.4857302552361,35,1
user_1420,"[""purchase"", ""add_to_cart"", ""check_policy"", ""add_to_cart"", ""rage_click"", ""add_to_cart""]",BR,mobile,premium,0,1,3,32.652251870636576,28,0
user_1421,"[""wishlist_add"", ""remove_from_cart"", ""view_returns"", ""view_item"", ""view_returns"", ""rage_click"", ""view_returns"", ""purchase"", ""contact_support"", ""page_view"", ""check_policy""]",JP,desktop,free,0,0,3,765.5535204311872,70,0
user_1422,"[""check_policy"", ""view_item"", ""view_returns"", ""view_item"", ""add_to_cart""]",US,mobile,enterprise,2,0,3,515.106667399565,86,0
user_1423,"[""wishlist_add"", ""add_to_cart"", ""page_view"", ""begin_checkout"", ""begin_checkout"", ""contact_support"", ""begin_checkout"", ""rage_click"", ""purchase"", ""purchase"", ""add_to_cart"", ""begin_checkout"", ""contact_support"", ""check_policy"", ""add_to_cart"", ""view_item"", ""begin_checkout""]",DE,mobile,premium,0,1,4,333.0571623645049,43,0
user_1424,"[""begin_checkout"", ""rage_click"", ""search"", ""contact_support"", ""page_view"", ""remove_from_cart"", ""contact_support""]",US,tablet,free,1,0,3,1329.9963247765716,93,0
user_1425,"[""begin_checkout"", ""view_item"", ""wishlist_add"", ""view_item"", ""page_view"", ""view_returns"", ""view_item"", ""add_to_cart"", ""wishlist_add"", ""view_item"", ""remove_from_cart"", ""page_view"", ""add_to_cart"", ""begin_checkout"", ""contact_support"", ""page_view"", ""remove_from_cart"", ""purchase"", ""remove_from_cart""]",BR,desktop,free,1,0,0,4.8386198677179255,53,0
user_1426,"[""check_policy"", ""purchase"", ""rage_click"", ""view_item"", ""contact_support"", ""view_returns"", ""view_returns"", ""search"", ""contact_support"", ""search"", ""remove_from_cart""]",CN,mobile,free,1,0,1,158.82945161489351,27,0
user_1427,"[""search"", ""purchase"", ""begin_checkout"", ""page_view"", ""add_to_cart"", ""check_policy"", ""view_returns"", ""view_item"", ""add_to_cart"", ""remove_from_cart""]",JP,tablet,enterprise,0,0,3,586.3041144387776,81,0
user_1428,"[""search"", ""begin_checkout"", ""add_to_cart"", ""begin_checkout"", ""view_returns"", ""view_returns"", ""view_item"", ""purchase"", ""remove_from_cart"", ""rage_click"", ""contact_support"", ""view_item"", ""view_returns"", ""page_view"", ""search"", ""purchase"", ""search"", ""search""]",US,mobile,enterprise,0,0,2,170.22793545319598,25,0
user_1429,"[""wishlist_add"", ""contact_support"", ""page_view"", ""view_item"", ""add_to_cart"", ""rage_click"", ""begin_checkout"", ""contact_support"", ""contact_support"", ""wishlist_add"", ""view_item"", ""contact_support"", ""begin_checkout"", ""begin_checkout"", ""page_view"", ""add_to_cart"", ""begin_checkout"", ""rage_click""]",DE,tablet,enterprise,0,0,1,1.576536240150389,96,0
user_1430,"[""page_view"", ""view_returns"", ""page_view"", ""rage_click"", ""purchase"", ""page_view"", ""view_returns"", ""begin_checkout"", ""check_policy"", ""check_policy"", ""check_policy"", ""purchase"", ""search"", ""view_returns""]",IN,desktop,free,0,0,0,51.50498494132607,86,0
user_1431,"[""wishlist_add"", ""view_item"", ""check_policy"", ""view_item"", ""purchase"", ""view_item"", ""contact_support"", ""purchase"", ""view_item"", ""page_view"", ""check_policy"", ""add_to_cart"", ""wishlist_add""]",FR,mobile,free,0,0,0,170.78674381280047,35,0
user_1432,"[""remove_from_cart"", ""purchase"", ""begin_checkout"", ""remove_from_cart"", ""rage_click"", ""purchase"", ""purchase"", ""view_item"", ""purchase"", ""check_policy"", ""view_returns"", ""view_returns"", ""rage_click"", ""contact_support"", ""search"", ""wishlist_add"", ""add_to_cart"", ""contact_support""]",UK,desktop,premium,0,1,4,330.7389831218557,74,1
user_1433,"[""check_policy"", ""check_policy"", ""page_view"", ""view_returns"", ""remove_from_cart"", ""begin_checkout"", ""purchase"", ""add_to_cart"", ""begin_checkout"", ""contact_support"", ""begin_checkout"", ""page_view"", ""add_to_cart"", ""add_to_cart"", ""page_view"", ""check_policy"", ""page_view"", ""check_policy"", ""remove_from_cart""]",JP,desktop,premium,1,0,0,53.25546999195549,75,0
user_1434,"[""check_policy"", ""begin_checkout"", ""check_policy"", ""rage_click"", ""contact_support"", ""purchase"", ""page_view"", ""purchase"", ""page_view"", ""wishlist_add"", ""remove_from_cart"", ""view_returns"", ""begin_checkout""]",JP,tablet,premium,0,0,1,178.28557306041276,86,0
user_1435,"[""begin_checkout"", ""contact_support"", ""search"", ""view_returns"", ""view_returns"", ""page_view"", ""begin_checkout"", ""wishlist_add"", ""begin_checkout"", ""view_returns"", ""page_view"", ""check_policy"", ""check_policy"", ""rage_click"", ""view_item"", ""add_to_cart"", ""remove_from_cart"", ""page_view"", ""check_policy""]",DE,mobile,premium,2,0,2,3.8613045043954406,36,0
user_1436,"[""contact_support"", ""add_to_cart"", ""add_to_cart"", ""add_to_cart"", ""view_returns"", ""rage_click"", ""contact_support"", ""view_item"", ""contact_support"", ""contact_support"", ""page_view"", ""rage_click"", ""purchase"", ""rage_click"", ""purchase"", ""view_item"", ""page_view"", ""view_returns""]",FR,mobile,free,0,0,0,194.73938839054455,13,0
user_1437,"[""page_view"", ""view_returns"", ""wishlist_add"", ""page_view"", ""view_returns"", ""page_view"", ""rage_click""]",FR,tablet,enterprise,0,0,3,678.791536014366,60,0
user_1438,"[""rage_click"", ""wishlist_add"", ""rage_click"", ""add_to_cart"", ""remove_from_cart"", ""begin_checkout"", ""purchase"", ""rage_click"", ""search"", ""wishlist_add"", ""remove_from_cart"", ""purchase"", ""page_view"", ""view_item"", ""view_returns"", ""remove_from_cart"", ""contact_support"", ""check_policy""]",UK,tablet,enterprise,0,1,1,272.472983541648,93,0
user_1439,"[""rage_click"", ""rage_click"", ""remove_from_cart"", ""view_returns"", ""purchase"", ""page_view"", ""check_policy"", ""page_view""]",IN,desktop,enterprise,2,0,1,174.2969853564323,12,1
user_1440,"[""view_returns"", ""rage_click"", ""add_to_cart"", ""page_view"", ""page_view"", ""check_policy"", ""begin_checkout""]",FR,mobile,enterprise,1,0,1,53.114008859403434,96,1
user_1441,"[""page_view"", ""purchase"", ""purchase"", ""remove_from_cart"", ""check_policy"", ""check_policy"", ""wishlist_add"", ""rage_click"", ""wishlist_add"", ""page_view"", ""begin_checkout"", ""contact_support"", ""add_to_cart"", ""check_policy"", ""remove_from_cart"", ""remove_from_cart"", ""wishlist_add""]",IN,mobile,premium,2,0,0,67.85140044709553,75,0
user_1442,"[""page_view"", ""contact_support"", ""view_item"", ""view_item"", ""page_view""]",DE,tablet,free,0,0,1,23.878576111574546,25,0
user_1443,"[""purchase"", ""purchase"", ""contact_support"", ""contact_support"", ""rage_click"", ""begin_checkout"", ""remove_from_cart"", ""search"", ""purchase"", ""view_returns"", ""page_view"", ""check_policy""]",IN,tablet,enterprise,0,0,0,406.917046990796,83,1
user_1444,"[""rage_click"", ""search"", ""view_returns"", ""check_policy"", ""add_to_cart"", ""view_item"", ""add_to_cart"", ""remove_from_cart"", ""remove_from_cart"", ""purchase"", ""wishlist_add"", ""check_policy""]",CN,tablet,free,2,0,2,24.081785442089107,37,0
user_1445,"[""remove_from_cart"", ""contact_support"", ""purchase"", ""rage_click"", ""purchase"", ""add_to_cart"", ""page_view"", ""search"", ""contact_support"", ""contact_support"", ""begin_checkout"", ""contact_support"", ""contact_support"", ""add_to_cart"", ""view_returns"", ""contact_support""]",FR,mobile,premium,0,0,0,145.32757459862182,53,0
user_1446,"[""page_view"", ""search"", ""view_item"", ""add_to_cart"", ""add_to_cart"", ""wishlist_add"", ""view_returns"", ""begin_checkout"", ""view_returns"", ""search"", ""search"", ""purchase"", ""wishlist_add"", ""view_item"", ""search"", ""remove_from_cart"", ""rage_click"", ""remove_from_cart"", ""begin_checkout""]",CN,mobile,premium,0,1,5,415.70199841556166,27,0
user_1447,"[""contact_support"", ""view_returns"", ""purchase"", ""contact_support"", ""check_policy"", ""purchase"", ""begin_checkout"", ""begin_checkout"", ""add_to_cart""]",BR,desktop,enterprise,1,1,3,374.29664456601574,11,0
user_1448,"[""contact_support"", ""begin_checkout"", ""check_policy"", ""view_item"", ""rage_click"", ""view_returns"", ""begin_checkout"", ""view_item"", ""purchase"", ""view_returns"", ""check_policy""]",BR,tablet,enterprise,0,0,2,258.4925907038664,87,1
user_1449,"[""remove_from_cart"", ""add_to_cart"", ""check_policy"", ""view_item"", ""begin_checkout"", ""check_policy"", ""page_view"", ""remove_from_cart"", ""view_item"", ""purchase"", ""wishlist_add"", ""page_view""]",CN,desktop,premium,0,0,3,254.10478392685155,53,0
user_1450,"[""add_to_cart"", ""wishlist_add"", ""page_view"", ""view_returns"", ""check_policy"", ""view_item"", ""check_policy"", ""add_to_cart"", ""rage_click"", ""view_returns"", ""begin_checkout""]",DE,mobile,premium,2,0,0,28.401381681094293,29,0
user_1451,"[""add_to_cart"", ""page_view"", ""page_view"", ""search"", ""view_item"", ""view_returns"", ""page_view"", ""search"", ""wishlist_add"", ""begin_checkout"", ""rage_click""]",JP,desktop,free,0,0,4,57.68075910515528,65,1
user_1452,"[""rage_click"", ""view_item"", ""check_policy"", ""search"", ""page_view"", ""add_to_cart"", ""purchase"", ""rage_click"", ""contact_support"", ""view_item"", ""check_policy"", ""remove_from_cart"", ""view_item"", ""add_to_cart"", ""purchase"", ""contact_support""]",JP,desktop,premium,2,0,0,229.55054092093943,32,0
user_1453,"[""view_returns"", ""contact_support"", ""search"", ""rage_click"", ""remove_from_cart"", ""wishlist_add"", ""remove_from_cart"", ""rage_click"", ""view_returns"", ""wishlist_add"", ""view_item"", ""view_returns"", ""page_view""]",JP,desktop,free,0,0,0,128.35017824746782,69,0
user_1454,"[""rage_click"", ""view_returns"", ""search"", ""begin_checkout"", ""begin_checkout"", ""add_to_cart"", ""begin_checkout"", ""remove_from_cart"", ""page_view"", ""rage_click"", ""contact_support"", ""remove_from_cart"", ""add_to_cart""]",US,tablet,premium,0,0,0,5.735611302005151,80,0
user_1455,"[""page_view"", ""begin_checkout"", ""check_policy"", ""view_item"", ""contact_support"", ""rage_click"", ""wishlist_add"", ""purchase"", ""view_item"", ""view_returns""]",JP,mobile,free,0,0,2,480.09399981373923,54,0
user_1456,"[""page_view"", ""wishlist_add"", ""page_view"", ""page_view"", ""wishlist_add"", ""remove_from_cart"", ""remove_from_cart"", ""view_returns"", ""page_view"", ""contact_support"", ""add_to_cart"", ""search""]",DE,tablet,premium,0,0,2,318.23308771924826,56,0
user_1457,"[""rage_click"", ""contact_support"", ""wishlist_add"", ""rage_click"", ""check_policy""]",UK,desktop,premium,0,0,1,118.26207600167362,87,0
user_1458,"[""wishlist_add"", ""view_returns"", ""page_view"", ""begin_checkout"", ""view_item"", ""page_view"", ""add_to_cart"", ""check_policy"", ""page_view"", ""search"", ""view_item"", ""view_item"", ""remove_from_cart"", ""wishlist_add"", ""add_to_cart"", ""add_to_cart"", ""contact_support""]",BR,tablet,free,0,0,3,31.01048287637387,46,1
user_1459,"[""add_to_cart"", ""search"", ""check_policy"", ""begin_checkout"", ""remove_from_cart"", ""wishlist_add"", ""add_to_cart"", ""wishlist_add"", ""remove_from_cart""]",FR,mobile,free,1,1,1,268.35933022941396,17,1
user_1460,"[""wishlist_add"", ""view_item"", ""page_view"", ""add_to_cart"", ""search"", ""view_item"", ""page_view"", ""page_view"", ""view_item"", ""rage_click"", ""begin_checkout"", ""rage_click"", ""view_returns"", ""search"", ""purchase"", ""page_view"", ""contact_support"", ""begin_checkout""]",JP,mobile,enterprise,0,0,1,128.5661907201468,14,0
user_1461,"[""page_view"", ""check_policy"", ""contact_support"", ""search"", ""view_returns"", ""view_returns"", ""check_policy"", ""view_item"", ""begin_checkout"", ""remove_from_cart"", ""begin_checkout"", ""contact_support"", ""rage_click"", ""remove_from_cart"", ""wishlist_add"", ""view_returns""]",US,desktop,enterprise,0,0,0,88.46813916494624,32,1
user_1462,"[""view_item"", ""purchase"", ""begin_checkout"", ""view_item"", ""wishlist_add"", ""contact_support"", ""remove_from_cart"", ""check_policy"", ""page_view"", ""rage_click"", ""contact_support"", ""wishlist_add""]",BR,desktop,premium,0,0,4,383.46804708368506,19,0
user_1463,"[""wishlist_add"", ""begin_checkout"", ""check_policy"", ""view_returns"", ""view_item""]",IN,tablet,premium,0,1,6,119.31608055851402,36,0
user_1464,"[""view_item"", ""remove_from_cart"", ""purchase"", ""purchase"", ""wishlist_add"", ""view_item"", ""search"", ""remove_from_cart""]",BR,mobile,free,1,0,5,43.87159088597576,10,0
user_1465,"[""page_view"", ""view_item"", ""add_to_cart"", ""search"", ""begin_checkout"", ""search"", ""view_returns"", ""purchase""]",CN,mobile,premium,0,1,0,197.13354586382331,80,0
user_1466,"[""purchase"", ""check_policy"", ""purchase"", ""contact_support"", ""purchase"", ""page_view"", ""add_to_cart""]",US,tablet,enterprise,0,1,0,528.8917640535295,17,0
user_1467,"[""remove_from_cart"", ""wishlist_add"", ""remove_from_cart"", ""check_policy"", ""rage_click"", ""search"", ""view_item"", ""rage_click"", ""add_to_cart"", ""purchase"", ""remove_from_cart""]",DE,mobile,free,1,0,0,568.4543388780725,20,0
user_1468,"[""rage_click"", ""search"", ""purchase"", ""view_returns"", ""view_item""]",UK,desktop,premium,0,1,2,567.825192914025,37,1
user_1469,"[""purchase"", ""view_item"", ""view_item"", ""remove_from_cart"", ""remove_from_cart"", ""add_to_cart"", ""view_returns"", ""check_policy"", ""view_item"", ""add_to_cart"", ""contact_support""]",JP,desktop,free,0,1,2,163.894309308728,43,0
user_1470,"[""begin_checkout"", ""view_item"", ""add_to_cart"", ""view_returns"", ""remove_from_cart"", ""view_item"", ""view_item"", ""purchase"", ""view_returns"", ""check_policy"", ""remove_from_cart"", ""view_item"", ""rage_click""]",JP,tablet,enterprise,0,0,1,469.53188933732395,52,0
user_1471,"[""rage_click"", ""begin_checkout"", ""wishlist_add"", ""wishlist_add"", ""search"", ""search"", ""check_policy"", ""wishlist_add""]",US,tablet,enterprise,1,0,3,569.5978867869246,93,0
user_1472,"[""view_item"", ""purchase"", ""check_policy"", ""search"", ""purchase"", ""add_to_cart"", ""contact_support"", ""view_returns"", ""add_to_cart""]",IN,tablet,enterprise,1,0,0,184.59940156808455,37,0
user_1473,"[""begin_checkout"", ""rage_click"", ""search"", ""begin_checkout"", ""check_policy"", ""search"", ""check_policy"", ""begin_checkout"", ""view_item"", ""begin_checkout"", ""check_policy"", ""check_policy"", ""remove_from_cart"", ""page_view"", ""purchase"", ""add_to_cart"", ""search"", ""begin_checkout""]",DE,desktop,premium,1,0,1,115.14310716878866,58,0
user_1474,"[""view_item"", ""wishlist_add"", ""check_policy"", ""begin_checkout"", ""check_policy"", ""rage_click"", ""remove_from_cart"", ""begin_checkout""]",US,tablet,premium,1,0,1,363.1628487356713,70,0
user_1475,"[""contact_support"", ""search"", ""remove_from_cart"", ""begin_checkout"", ""begin_checkout"", ""view_returns"", ""remove_from_cart"", ""remove_from_cart"", ""check_policy"", ""search"", ""begin_checkout"", ""purchase"", ""purchase""]",US,mobile,premium,0,2,3,704.492198343907,46,0
user_1476,"[""purchase"", ""contact_support"", ""begin_checkout"", ""begin_checkout"", ""rage_click"", ""view_returns"", ""remove_from_cart"", ""check_policy"", ""view_returns"", ""wishlist_add"", ""rage_click"", ""begin_checkout"", ""add_to_cart"", ""remove_from_cart"", ""contact_support"", ""purchase""]",UK,tablet,premium,0,0,0,1074.3034647204888,12,0
user_1477,"[""search"", ""begin_checkout"", ""rage_click"", ""search"", ""search"", ""add_to_cart"", ""view_item"", ""purchase"", ""check_policy"", ""begin_checkout"", ""page_view"", ""add_to_cart"", ""add_to_cart"", ""wishlist_add""]",DE,mobile,premium,1,0,2,102.84209603946529,18,0
user_1478,"[""remove_from_cart"", ""contact_support"", ""purchase"", ""begin_checkout"", ""page_view"", ""purchase"", ""rage_click"", ""search"", ""page_view"", ""view_returns"", ""view_returns"", ""add_to_cart"", ""rage_click"", ""search"", ""search"", ""view_returns"", ""add_to_cart"", ""contact_support""]",UK,desktop,premium,0,0,7,938.238258280154,95,1
user_1479,"[""add_to_cart"", ""begin_checkout"", ""rage_click"", ""wishlist_add"", ""remove_from_cart"", ""purchase"", ""add_to_cart"", ""add_to_cart"", ""begin_checkout""]",DE,mobile,enterprise,0,1,1,207.51381099885919,98,0
user_1480,"[""view_returns"", ""add_to_cart"", ""view_returns"", ""search"", ""view_returns"", ""add_to_cart"", ""contact_support"", ""contact_support"", ""view_item"", ""contact_support"", ""view_item"", ""rage_click""]",JP,mobile,enterprise,1,0,1,109.59999777691868,11,1
user_1481,"[""purchase"", ""check_policy"", ""view_returns"", ""wishlist_add"", ""page_view"", ""view_returns"", ""add_to_cart"", ""add_to_cart"", ""purchase"", ""remove_from_cart"", ""remove_from_cart""]",FR,mobile,premium,0,0,1,1336.9761847121292,32,1
user_1482,"[""contact_support"", ""rage_click"", ""view_returns"", ""add_to_cart"", ""page_view"", ""page_view"", ""page_view"", ""remove_from_cart""]",CN,desktop,enterprise,2,1,1,630.6484491760808,60,0
user_1483,"[""purchase"", ""remove_from_cart"", ""search"", ""search"", ""add_to_cart"", ""view_returns"", ""view_returns"", ""purchase"", ""rage_click"", ""wishlist_add"", ""contact_support"", ""page_view"", ""view_returns"", ""purchase"", ""page_view"", ""remove_from_cart"", ""begin_checkout"", ""check_policy""]",FR,mobile,free,1,1,0,353.7026922387257,26,0
user_1484,"[""rage_click"", ""wishlist_add"", ""wishlist_add"", ""purchase"", ""contact_support"", ""rage_click"", ""remove_from_cart"", ""view_returns"", ""add_to_cart"", ""remove_from_cart"", ""contact_support"", ""remove_from_cart""]",IN,mobile,premium,0,0,6,675.9734672416637,34,0
user_1485,"[""rage_click"", ""purchase"", ""page_view"", ""begin_checkout"", ""rage_click"", ""begin_checkout"", ""purchase"", ""add_to_cart"", ""view_returns"", ""contact_support""]",IN,tablet,free,2,0,2,343.2284185245318,85,0
user_1486,"[""remove_from_cart"", ""remove_from_cart"", ""search"", ""wishlist_add"", ""begin_checkout"", ""contact_support"", ""rage_click"", ""view_returns"", ""check_policy"", ""begin_checkout"", ""rage_click"", ""rage_click"", ""contact_support"", ""contact_support"", ""view_item""]",BR,tablet,premium,0,0,0,174.16194719837256,36,0
user_1487,"[""view_returns"", ""page_view"", ""begin_checkout"", ""view_returns"", ""view_item"", ""view_item"", ""view_returns"", ""contact_support""]",DE,tablet,premium,0,0,1,887.2395105247762,29,0
user_1488,"[""rage_click"", ""check_policy"", ""view_returns"", ""begin_checkout"", ""page_view"", ""remove_from_cart"", ""view_item"", ""add_to_cart"", ""wishlist_add"", ""add_to_cart"", ""rage_click"", ""contact_support"", ""remove_from_cart"", ""view_item"", ""add_to_cart"", ""add_to_cart""]",FR,mobile,enterprise,2,0,1,991.066159176286,82,0
user_1489,"[""check_policy"", ""view_returns"", ""search"", ""purchase"", ""remove_from_cart"", ""purchase"", ""search"", ""page_view"", ""contact_support"", ""view_returns"", ""page_view"", ""begin_checkout"", ""view_item"", ""purchase"", ""rage_click"", ""begin_checkout"", ""remove_from_cart"", ""view_item""]",US,mobile,free,1,0,2,113.13987830973089,96,0
user_1490,"[""add_to_cart"", ""purchase"", ""view_returns"", ""view_returns"", ""begin_checkout"", ""begin_checkout"", ""contact_support"", ""add_to_cart"", ""check_policy"", ""purchase"", ""page_view"", ""remove_from_cart"", ""purchase"", ""search"", ""purchase"", ""search""]",JP,desktop,enterprise,1,1,1,131.27038066191008,45,0
user_1491,"[""wishlist_add"", ""wishlist_add"", ""add_to_cart"", ""purchase"", ""wishlist_add"", ""contact_support"", ""purchase"", ""wishlist_add"", ""rage_click"", ""rage_click"", ""view_item"", ""remove_from_cart"", ""rage_click"", ""remove_from_cart"", ""view_returns"", ""contact_support"", ""wishlist_add"", ""add_to_cart""]",IN,mobile,premium,0,1,2,144.7299789928659,37,1
user_1492,"[""rage_click"", ""search"", ""contact_support"", ""view_returns"", ""page_view"", ""contact_support"", ""view_item""]",CN,mobile,free,0,0,0,518.0376055510247,38,0
user_1493,"[""search"", ""view_item"", ""add_to_cart"", ""view_returns"", ""search"", ""search"", ""wishlist_add""]",CN,desktop,premium,1,1,1,469.8354491840859,51,0
user_1494,"[""purchase"", ""check_policy"", ""contact_support"", ""contact_support"", ""purchase"", ""page_view"", ""search"", ""add_to_cart"", ""page_view"", ""wishlist_add"", ""contact_support"", ""wishlist_add"", ""rage_click"", ""rage_click"", ""begin_checkout"", ""remove_from_cart"", ""wishlist_add"", ""rage_click""]",BR,mobile,enterprise,0,0,1,1224.400748777371,67,1
user_1495,"[""add_to_cart"", ""begin_checkout"", ""add_to_cart"", ""contact_support"", ""view_item"", ""page_view"", ""wishlist_add"", ""contact_support"", ""view_item"", ""view_returns"", ""search"", ""view_returns"", ""add_to_cart""]",CN,desktop,premium,1,0,2,187.76640245647596,41,1
user_1496,"[""check_policy"", ""view_item"", ""rage_click"", ""add_to_cart"", ""view_item"", ""wishlist_add"", ""add_to_cart"", ""view_item"", ""view_returns"", ""begin_checkout"", ""add_to_cart""]",JP,desktop,premium,0,1,1,400.41481944183255,21,0
user_1497,"[""search"", ""search"", ""view_returns"", ""check_policy"", ""purchase"", ""page_view"", ""contact_support"", ""page_view"", ""page_view""]",FR,tablet,enterprise,0,1,2,582.8873401340741,39,0
user_1498,"[""contact_support"", ""view_returns"", ""view_returns"", ""check_policy"", ""purchase"", ""remove_from_cart"", ""page_view"", ""rage_click"", ""page_view"", ""remove_from_cart"", ""add_to_cart"", ""check_policy"", ""begin_checkout"", ""begin_checkout"", ""remove_from_cart"", ""page_view"", ""begin_checkout"", ""remove_from_cart""]",CN,mobile,premium,1,0,0,75.01202688744834,69,0
user_1499,"[""contact_support"", ""view_returns"", ""view_item"", ""view_returns"", ""page_view"", ""remove_from_cart"", ""add_to_cart"", ""begin_checkout"", ""begin_checkout"", ""begin_checkout"", ""wishlist_add"", ""remove_from_cart"", ""view_returns"", ""add_to_cart"", ""wishlist_add"", ""remove_from_cart"", ""page_view"", ""check_policy""]",IN,tablet,free,0,1,0,290.71402405874426,20,0
user_1500,"[""view_item"", ""search"", ""check_policy"", ""page_view"", ""search""]",CN,mobile,enterprise,0,0,1,238.02797236723868,93,0
user_1501,"[""purchase"", ""purchase"", ""purchase"", ""search"", ""view_item"", ""view_item"", ""purchase""]",DE,tablet,premium,1,0,0,407.40188647340426,20,0
user_1502,"[""begin_checkout"", ""check_policy"", ""check_policy"", ""begin_checkout"", ""view_returns"", ""contact_support"", ""purchase"", ""begin_checkout"", ""remove_from_cart"", ""check_policy"", ""remove_from_cart"", ""begin_checkout"", ""begin_checkout"", ""page_view""]",US,desktop,enterprise,0,0,3,356.6543128528601,89,0
user_1503,"[""page_view"", ""add_to_cart"", ""search"", ""add_to_cart"", ""view_item"", ""wishlist_add"", ""view_item"", ""purchase"", ""page_view"", ""purchase"", ""begin_checkout"", ""purchase"", ""begin_checkout"", ""check_policy"", ""page_view"", ""add_to_cart"", ""purchase"", ""page_view"", ""search""]",DE,desktop,premium,1,0,2,502.66147313137816,59,1
user_1504,"[""check_policy"", ""remove_from_cart"", ""add_to_cart"", ""contact_support"", ""rage_click"", ""page_view"", ""view_returns"", ""page_view"", ""begin_checkout"", ""contact_support"", ""view_returns"", ""purchase"", ""check_policy"", ""search"", ""view_returns""]",FR,desktop,enterprise,0,0,4,111.81742691216277,10,0
user_1505,"[""purchase"", ""search"", ""purchase"", ""search"", ""purchase"", ""begin_checkout"", ""view_returns"", ""view_item"", ""check_policy"", ""remove_from_cart"", ""page_view"", ""begin_checkout"", ""add_to_cart"", ""remove_from_cart"", ""check_policy"", ""begin_checkout"", ""remove_from_cart""]",JP,desktop,enterprise,1,0,2,73.14028296042366,98,0
user_1506,"[""purchase"", ""search"", ""contact_support"", ""purchase"", ""check_policy""]",JP,mobile,free,2,0,2,490.732611883793,36,1
user_1507,"[""remove_from_cart"", ""wishlist_add"", ""rage_click"", ""wishlist_add"", ""contact_support""]",DE,mobile,enterprise,0,0,0,134.15035540613437,41,0
user_1508,"[""view_item"", ""remove_from_cart"", ""purchase"", ""remove_from_cart"", ""contact_support"", ""check_policy"", ""wishlist_add"", ""add_to_cart"", ""purchase"", ""wishlist_add""]",UK,tablet,free,2,0,2,101.72358340921855,15,0
user_1509,"[""add_to_cart"", ""wishlist_add"", ""add_to_cart"", ""view_item"", ""search"", ""add_to_cart"", ""wishlist_add"", ""contact_support""]",DE,mobile,enterprise,0,0,1,123.21198272878124,50,0
user_1510,"[""add_to_cart"", ""rage_click"", ""remove_from_cart"", ""add_to_cart"", ""view_returns""]",IN,mobile,enterprise,1,1,2,20.597375400584685,45,1
user_1511,"[""begin_checkout"", ""page_view"", ""check_policy"", ""begin_checkout"", ""view_item""]",UK,tablet,premium,0,0,1,445.0324049752342,48,0
user_1512,"[""page_view"", ""search"", ""check_policy"", ""wishlist_add"", ""page_view"", ""add_to_cart"", ""search"", ""purchase"", ""purchase"", ""check_policy"", ""search"", ""search"", ""page_view"", ""check_policy"", ""view_item"", ""purchase""]",BR,desktop,premium,1,1,1,376.74793832728517,96,0
user_1513,"[""view_returns"", ""begin_checkout"", ""contact_support"", ""add_to_cart"", ""search"", ""view_returns"", ""view_returns"", ""remove_from_cart"", ""view_returns"", ""begin_checkout"", ""search"", ""begin_checkout"", ""add_to_cart"", ""check_policy"", ""search"", ""search"", ""rage_click""]",DE,tablet,premium,1,0,1,241.35266945796556,39,1
user_1514,"[""page_view"", ""page_view"", ""contact_support"", ""wishlist_add"", ""wishlist_add"", ""search"", ""begin_checkout"", ""page_view"", ""remove_from_cart"", ""wishlist_add"", ""page_view"", ""view_item"", ""view_item""]",UK,tablet,enterprise,0,0,2,377.7240931869169,95,0
user_1515,"[""view_returns"", ""view_item"", ""rage_click"", ""wishlist_add"", ""rage_click"", ""view_item"", ""page_view"", ""contact_support""]",UK,desktop,enterprise,1,1,0,140.10634441947855,66,1
user_1516,"[""contact_support"", ""rage_click"", ""view_item"", ""view_returns"", ""add_to_cart"", ""page_view"", ""search"", ""page_view"", ""contact_support"", ""view_item"", ""check_policy"", ""wishlist_add"", ""purchase"", ""wishlist_add"", ""search"", ""view_item"", ""remove_from_cart"", ""view_item"", ""page_view""]",CN,tablet,free,0,0,1,105.0243376390607,20,1
user_1517,"[""add_to_cart"", ""remove_from_cart"", ""contact_support"", ""begin_checkout"", ""begin_checkout"", ""check_policy"", ""contact_support"", ""view_returns"", ""rage_click"", ""wishlist_add"", ""check_policy"", ""begin_checkout"", ""rage_click"", ""view_returns"", ""contact_support"", ""rage_click""]",BR,tablet,free,0,0,2,594.8055174245851,99,0
user_1518,"[""view_returns"", ""purchase"", ""remove_from_cart"", ""rage_click"", ""wishlist_add"", ""rage_click"", ""contact_support"", ""contact_support"", ""rage_click"", ""contact_support"", ""add_to_cart"", ""search"", ""wishlist_add"", ""add_to_cart""]",CN,tablet,free,0,0,3,164.69045205429967,96,0
user_1519,"[""purchase"", ""purchase"", ""purchase"", ""begin_checkout"", ""begin_checkout"", ""view_item"", ""check_policy"", ""wishlist_add"", ""remove_from_cart"", ""add_to_cart"", ""view_returns"", ""remove_from_cart"", ""search"", ""remove_from_cart"", ""view_returns""]",UK,mobile,premium,0,0,0,65.41403300866659,12,1
user_1520,"[""rage_click"", ""check_policy"", ""wishlist_add"", ""view_item"", ""search""]",UK,desktop,premium,2,0,1,414.74319532711917,57,0
user_1521,"[""purchase"", ""view_returns"", ""search"", ""begin_checkout"", ""purchase"", ""wishlist_add"", ""contact_support"", ""view_returns"", ""purchase"", ""wishlist_add"", ""rage_click"", ""wishlist_add"", ""rage_click"", ""rage_click"", ""purchase"", ""wishlist_add""]",US,desktop,free,1,1,0,122.78404727794138,15,1
user_1522,"[""wishlist_add"", ""rage_click"", ""add_to_cart"", ""begin_checkout"", ""view_item"", ""wishlist_add"", ""view_returns"", ""search"", ""remove_from_cart"", ""purchase"", ""purchase"", ""begin_checkout"", ""wishlist_add"", ""wishlist_add"", ""page_view"", ""search"", ""check_policy"", ""contact_support"", ""view_returns""]",IN,tablet,enterprise,0,0,1,71.42055074541928,16,0
user_1523,"[""contact_support"", ""check_policy"", ""remove_from_cart"", ""purchase"", ""rage_click""]",UK,mobile,premium,0,0,2,8.277433441885382,53,0
user_1524,"[""begin_checkout"", ""view_returns"", ""begin_checkout"", ""view_item"", ""remove_from_cart"", ""view_item"", ""check_policy"", ""check_policy"", ""add_to_cart"", ""check_policy"", ""page_view"", ""page_view"", ""rage_click"", ""purchase"", ""wishlist_add"", ""begin_checkout"", ""purchase"", ""purchase"", ""page_view""]",IN,desktop,premium,0,0,2,1058.0461235753046,70,0
user_1525,"[""rage_click"", ""remove_from_cart"", ""add_to_cart"", ""page_view"", ""view_item"", ""add_to_cart"", ""remove_from_cart"", ""check_policy"", ""purchase""]",CN,desktop,free,0,0,4,188.93308094832466,63,0
user_1526,"[""view_returns"", ""rage_click"", ""purchase"", ""check_policy"", ""remove_from_cart"", ""view_item"", ""rage_click"", ""rage_click"", ""remove_from_cart"", ""wishlist_add"", ""add_to_cart"", ""contact_support"", ""search"", ""purchase"", ""add_to_cart""]",UK,tablet,premium,0,0,2,52.93448576980177,60,0
user_1527,"[""remove_from_cart"", ""page_view"", ""view_item"", ""add_to_cart"", ""view_returns""]",JP,tablet,free,0,0,1,425.41125740745287,95,0
user_1528,"[""remove_from_cart"", ""remove_from_cart"", ""contact_support"", ""rage_click"", ""check_policy"", ""view_item"", ""add_to_cart"", ""remove_from_cart"", ""remove_from_cart"", ""contact_support"", ""view_returns"", ""contact_support"", ""contact_support"", ""purchase""]",US,tablet,premium,0,1,3,655.8438962600051,57,0
user_1529,"[""search"", ""rage_click"", ""contact_support"", ""view_returns"", ""rage_click"", ""begin_checkout"", ""add_to_cart""]",UK,desktop,enterprise,3,0,1,225.21254502155483,70,0
user_1530,"[""wishlist_add"", ""begin_checkout"", ""rage_click"", ""rage_click"", ""add_to_cart"", ""check_policy"", ""purchase"", ""remove_from_cart""]",CN,tablet,enterprise,1,2,2,8.630806945182433,49,1
user_1531,"[""contact_support"", ""view_item"", ""search"", ""check_policy"", ""remove_from_cart"", ""view_item"", ""search"", ""purchase"", ""search""]",CN,tablet,premium,1,0,1,136.3066324503982,12,1
user_1532,"[""view_item"", ""contact_support"", ""view_item"", ""check_policy"", ""page_view"", ""check_policy"", ""contact_support"", ""begin_checkout"", ""page_view"", ""purchase"", ""check_policy"", ""page_view"", ""rage_click"", ""check_policy"", ""page_view"", ""add_to_cart""]",FR,tablet,free,0,0,3,83.55788868925545,39,0
user_1533,"[""remove_from_cart"", ""view_item"", ""page_view"", ""remove_from_cart"", ""check_policy"", ""search"", ""remove_from_cart"", ""rage_click"", ""view_returns""]",CN,mobile,premium,0,1,2,303.5081874333202,33,0
user_1534,"[""begin_checkout"", ""wishlist_add"", ""page_view"", ""rage_click"", ""view_item"", ""purchase"", ""contact_support"", ""begin_checkout"", ""contact_support"", ""view_returns"", ""search"", ""add_to_cart""]",IN,tablet,free,0,0,1,219.4777266337823,76,0
user_1535,"[""purchase"", ""contact_support"", ""add_to_cart"", ""wishlist_add"", ""wishlist_add"", ""wishlist_add"", ""check_policy"", ""search"", ""remove_from_cart"", ""begin_checkout""]",US,desktop,premium,0,1,0,131.8944025797188,11,0
user_1536,"[""purchase"", ""contact_support"", ""remove_from_cart"", ""view_returns"", ""rage_click"", ""contact_support"", ""begin_checkout"", ""view_item"", ""purchase"", ""search"", ""wishlist_add"", ""view_returns"", ""begin_checkout""]",IN,tablet,enterprise,1,0,1,313.6680556187915,53,0
user_1537,"[""view_returns"", ""rage_click"", ""page_view"", ""view_returns"", ""contact_support""]",CN,desktop,enterprise,0,0,2,263.43074389392905,49,1
user_1538,"[""view_item"", ""remove_from_cart"", ""view_item"", ""view_item"", ""contact_support"", ""add_to_cart"", ""view_returns"", ""remove_from_cart"", ""check_policy"", ""wishlist_add"", ""contact_support"", ""add_to_cart"", ""contact_support"", ""wishlist_add"", ""search"", ""add_to_cart""]",JP,mobile,premium,0,0,2,710.9064682557339,28,0
user_1539,"[""wishlist_add"", ""purchase"", ""purchase"", ""page_view"", ""check_policy"", ""wishlist_add""]",DE,mobile,premium,1,0,1,272.4989653125021,72,1
user_1540,"[""remove_from_cart"", ""search"", ""wishlist_add"", ""add_to_cart"", ""view_returns"", ""view_item"", ""rage_click"", ""view_returns"", ""view_returns"", ""add_to_cart"", ""remove_from_cart"", ""view_item"", ""view_item"", ""remove_from_cart"", ""purchase"", ""begin_checkout"", ""page_view"", ""contact_support""]",JP,tablet,premium,0,0,0,212.60734011212813,33,1
user_1541,"[""purchase"", ""add_to_cart"", ""add_to_cart"", ""check_policy"", ""page_view""]",BR,desktop,enterprise,1,0,1,520.6195550446951,59,0
user_1542,"[""contact_support"", ""add_to_cart"", ""view_returns"", ""page_view"", ""contact_support""]",IN,tablet,enterprise,3,1,0,67.85181635881845,29,0
user_1543,"[""remove_from_cart"", ""rage_click"", ""remove_from_cart"", ""contact_support"", ""view_returns"", ""check_policy"", ""add_to_cart"", ""check_policy"", ""check_policy"", ""contact_support"", ""add_to_cart"", ""view_item"", ""rage_click"", ""page_view"", ""check_policy"", ""remove_from_cart"", ""view_item""]",JP,tablet,free,0,0,1,83.74144987242803,66,0
user_1544,"[""view_item"", ""view_returns"", ""check_policy"", ""wishlist_add"", ""check_policy"", ""begin_checkout"", ""contact_support"", ""view_returns"", ""view_item"", ""view_item"", ""begin_checkout"", ""page_view"", ""purchase"", ""remove_from_cart"", ""purchase"", ""check_policy"", ""add_to_cart"", ""search"", ""view_returns""]",US,desktop,premium,0,0,2,459.15077853374476,59,0
user_1545,"[""page_view"", ""purchase"", ""check_policy"", ""search"", ""remove_from_cart"", ""view_item"", ""contact_support"", ""rage_click"", ""check_policy"", ""page_view"", ""view_returns""]",US,desktop,premium,0,0,3,175.20724819950848,67,0
user_1546,"[""add_to_cart"", ""remove_from_cart"", ""wishlist_add"", ""begin_checkout"", ""page_view"", ""purchase"", ""contact_support"", ""purchase"", ""view_item"", ""search"", ""contact_support"", ""purchase"", ""view_returns"", ""purchase"", ""remove_from_cart"", ""remove_from_cart"", ""rage_click"", ""purchase"", ""view_returns""]",FR,desktop,enterprise,0,0,1,157.90152932058155,40,0
user_1547,"[""check_policy"", ""add_to_cart"", ""contact_support"", ""page_view"", ""begin_checkout"", ""contact_support"", ""contact_support"", ""view_item"", ""wishlist_add"", ""contact_support"", ""view_item"", ""check_policy""]",CN,desktop,premium,3,0,2,654.3172682909881,46,0
user_1548,"[""add_to_cart"", ""view_returns"", ""rage_click"", ""view_returns"", ""purchase"", ""begin_checkout"", ""add_to_cart"", ""add_to_cart"", ""check_policy"", ""begin_checkout"", ""wishlist_add"", ""purchase"", ""purchase"", ""rage_click"", ""page_view""]",FR,desktop,free,1,0,0,282.5664462171849,13,0
user_1549,"[""contact_support"", ""begin_checkout"", ""purchase"", ""purchase"", ""page_view"", ""add_to_cart"", ""wishlist_add"", ""purchase"", ""search"", ""search"", ""rage_click"", ""purchase""]",US,mobile,premium,0,0,2,487.22713209812747,67,0
user_1550,"[""wishlist_add"", ""purchase"", ""page_view"", ""rage_click"", ""remove_from_cart"", ""view_item"", ""page_view"", ""add_to_cart"", ""add_to_cart"", ""begin_checkout"", ""page_view"", ""check_policy"", ""page_view"", ""remove_from_cart"", ""purchase"", ""page_view"", ""check_policy"", ""contact_support"", ""check_policy""]",CN,mobile,enterprise,1,0,0,497.96505503690594,19,0
user_1551,"[""remove_from_cart"", ""purchase"", ""search"", ""check_policy"", ""remove_from_cart"", ""contact_support"", ""search""]",US,mobile,premium,0,1,2,38.359099651453214,72,0
user_1552,"[""rage_click"", ""rage_click"", ""wishlist_add"", ""contact_support"", ""purchase"", ""view_item"", ""view_item"", ""search"", ""remove_from_cart"", ""rage_click"", ""add_to_cart"", ""purchase"", ""view_item""]",US,desktop,enterprise,1,0,2,318.1370243431612,45,0
user_1553,"[""page_view"", ""wishlist_add"", ""begin_checkout"", ""view_returns"", ""contact_support"", ""contact_support"", ""view_item"", ""contact_support"", ""rage_click"", ""wishlist_add"", ""view_returns"", ""add_to_cart"", ""page_view"", ""remove_from_cart"", ""view_returns"", ""add_to_cart"", ""contact_support"", ""wishlist_add"", ""view_item""]",DE,desktop,free,1,0,0,914.2108799620034,64,0
user_1554,"[""remove_from_cart"", ""purchase"", ""begin_checkout"", ""view_item"", ""contact_support"", ""view_item"", ""rage_click"", ""search"", ""contact_support"", ""view_item"", ""view_returns""]",JP,desktop,free,1,1,2,196.19356926068653,66,1
user_1555,"[""page_view"", ""page_view"", ""remove_from_cart"", ""view_item"", ""wishlist_add"", ""page_view"", ""rage_click"", ""add_to_cart"", ""page_view"", ""view_item"", ""view_returns"", ""begin_checkout""]",FR,tablet,premium,0,0,1,395.2347667484857,94,1
user_1556,"[""check_policy"", ""purchase"", ""page_view"", ""purchase"", ""search"", ""check_policy"", ""remove_from_cart"", ""view_returns"", ""view_returns"", ""check_policy"", ""search"", ""view_item"", ""purchase"", ""purchase"", ""wishlist_add""]",IN,mobile,premium,0,2,2,250.9202645725685,52,0
user_1557,"[""wishlist_add"", ""check_policy"", ""purchase"", ""view_item"", ""view_returns"", ""remove_from_cart"", ""rage_click"", ""view_returns"", ""add_to_cart"", ""add_to_cart"", ""view_returns"", ""view_item"", ""rage_click"", ""remove_from_cart"", ""purchase"", ""add_to_cart"", ""add_to_cart"", ""add_to_cart"", ""search""]",FR,mobile,enterprise,2,0,3,68.76583200013705,74,0
user_1558,"[""contact_support"", ""wishlist_add"", ""wishlist_add"", ""view_item"", ""view_returns"", ""rage_click"", ""view_returns"", ""contact_support"", ""add_to_cart"", ""check_policy"", ""search"", ""contact_support"", ""view_item"", ""remove_from_cart"", ""wishlist_add"", ""purchase"", ""search""]",UK,tablet,free,2,1,3,65.14607525680154,21,1
user_1559,"[""rage_click"", ""contact_support"", ""remove_from_cart"", ""begin_checkout"", ""remove_from_cart"", ""view_returns"", ""view_returns"", ""add_to_cart"", ""page_view""]",BR,tablet,free,1,0,3,170.65994491708892,71,0
user_1560,"[""view_item"", ""view_item"", ""add_to_cart"", ""view_returns"", ""add_to_cart"", ""check_policy"", ""contact_support"", ""contact_support"", ""rage_click"", ""view_returns""]",DE,mobile,free,0,0,1,197.90825164889426,33,0
user_1561,"[""check_policy"", ""check_policy"", ""view_returns"", ""contact_support"", ""begin_checkout""]",US,desktop,free,0,0,2,209.82953177905884,11,1
user_1562,"[""rage_click"", ""rage_click"", ""view_returns"", ""purchase"", ""purchase"", ""page_view"", ""purchase"", ""remove_from_cart"", ""remove_from_cart"", ""view_item"", ""search"", ""remove_from_cart"", ""begin_checkout"", ""wishlist_add""]",US,mobile,premium,0,0,2,930.332886823067,56,0
user_1563,"[""begin_checkout"", ""remove_from_cart"", ""page_view"", ""contact_support"", ""view_returns"", ""add_to_cart"", ""view_item"", ""rage_click"", ""check_policy""]",DE,desktop,premium,1,0,0,31.69301474408769,65,0
user_1564,"[""view_item"", ""rage_click"", ""contact_support"", ""rage_click"", ""search"", ""rage_click"", ""contact_support"", ""contact_support"", ""remove_from_cart"", ""contact_support"", ""add_to_cart"", ""purchase"", ""add_to_cart""]",CN,mobile,enterprise,1,0,2,143.6657200444387,93,1
user_1565,"[""rage_click"", ""add_to_cart"", ""view_item"", ""view_returns"", ""purchase"", ""view_returns"", ""check_policy"", ""add_to_cart"", ""view_returns"", ""contact_support"", ""page_view"", ""page_view"", ""contact_support"", ""view_returns"", ""rage_click""]",FR,mobile,free,0,0,2,216.80210990156914,25,0
user_1566,"[""purchase"", ""begin_checkout"", ""view_item"", ""search"", ""rage_click"", ""purchase"", ""view_returns"", ""rage_click"", ""rage_click"", ""view_returns"", ""wishlist_add"", ""contact_support"", ""view_returns"", ""add_to_cart""]",US,tablet,premium,1,0,2,989.9667086285946,43,1
user_1567,"[""add_to_cart"", ""view_item"", ""page_view"", ""remove_from_cart"", ""view_item"", ""view_item"", ""search"", ""search"", ""begin_checkout"", ""remove_from_cart"", ""page_view"", ""rage_click"", ""remove_from_cart"", ""begin_checkout"", ""check_policy"", ""view_item"", ""view_returns""]",BR,tablet,premium,0,0,2,210.5442796439093,86,0
user_1568,"[""view_item"", ""search"", ""contact_support"", ""begin_checkout"", ""wishlist_add"", ""view_item"", ""view_item"", ""remove_from_cart"", ""remove_from_cart"", ""view_returns"", ""purchase"", ""contact_support"", ""view_returns"", ""check_policy"", ""contact_support""]",UK,desktop,free,1,1,2,447.864315294501,27,0
user_1569,"[""view_item"", ""rage_click"", ""view_item"", ""page_view"", ""view_returns"", ""contact_support"", ""rage_click"", ""page_view""]",FR,desktop,premium,0,1,1,415.0232862913614,38,0
user_1570,"[""view_item"", ""purchase"", ""search"", ""begin_checkout"", ""page_view"", ""view_item"", ""view_item"", ""contact_support"", ""contact_support"", ""purchase"", ""search""]",JP,mobile,enterprise,0,0,0,250.7203272082887,63,1
user_1571,"[""page_view"", ""search"", ""remove_from_cart"", ""wishlist_add"", ""contact_support"", ""search"", ""begin_checkout"", ""view_item"", ""view_item"", ""check_policy"", ""check_policy"", ""purchase"", ""page_view"", ""wishlist_add"", ""wishlist_add"", ""add_to_cart""]",IN,tablet,enterprise,0,0,0,42.02116718271583,60,0
user_1572,"[""contact_support"", ""page_view"", ""view_item"", ""view_returns"", ""check_policy"", ""rage_click"", ""contact_support"", ""wishlist_add"", ""wishlist_add"", ""remove_from_cart"", ""remove_from_cart"", ""check_policy"", ""page_view""]",IN,desktop,free,0,1,0,74.06136802207402,23,0
user_1573,"[""wishlist_add"", ""rage_click"", ""view_item"", ""page_view"", ""check_policy"", ""purchase"", ""wishlist_add"", ""add_to_cart"", ""page_view"", ""wishlist_add"", ""begin_checkout"", ""contact_support"", ""remove_from_cart"", ""begin_checkout""]",BR,desktop,enterprise,0,0,1,82.38642406533683,67,1
user_1574,"[""page_view"", ""begin_checkout"", ""purchase"", ""begin_checkout"", ""view_item""]",DE,desktop,premium,0,0,4,11.828030382735157,44,0
user_1575,"[""begin_checkout"", ""search"", ""search"", ""begin_checkout"", ""contact_support"", ""rage_click"", ""add_to_cart"", ""begin_checkout"", ""wishlist_add"", ""begin_checkout"", ""view_item"", ""search"", ""remove_from_cart""]",FR,mobile,enterprise,2,1,2,143.0325963775444,18,0
user_1576,"[""search"", ""view_item"", ""begin_checkout"", ""contact_support"", ""wishlist_add"", ""view_item"", ""contact_support"", ""rage_click"", ""contact_support"", ""purchase"", ""view_returns"", ""rage_click"", ""view_returns"", ""begin_checkout"", ""begin_checkout""]",IN,desktop,premium,0,0,2,282.8779935118998,46,0
user_1577,"[""page_view"", ""search"", ""view_returns"", ""view_item"", ""purchase"", ""rage_click"", ""add_to_cart"", ""view_item"", ""contact_support"", ""begin_checkout""]",JP,desktop,free,0,2,1,46.73881436960534,21,0
user_1578,"[""rage_click"", ""purchase"", ""view_returns"", ""view_returns"", ""check_policy"", ""begin_checkout"", ""view_item"", ""contact_support"", ""contact_support"", ""begin_checkout"", ""wishlist_add"", ""check_policy"", ""wishlist_add"", ""wishlist_add"", ""check_policy""]",UK,tablet,free,1,0,1,57.72466255226147,94,1
user_1579,"[""view_item"", ""check_policy"", ""purchase"", ""check_policy"", ""search"", ""view_returns"", ""remove_from_cart"", ""page_view"", ""view_returns"", ""view_returns"", ""add_to_cart"", ""add_to_cart"", ""begin_checkout"", ""add_to_cart"", ""begin_checkout""]",CN,tablet,premium,0,0,2,368.26080309354313,91,0
user_1580,"[""view_returns"", ""page_view"", ""view_item"", ""view_item"", ""wishlist_add"", ""remove_from_cart"", ""rage_click"", ""view_item"", ""wishlist_add"", ""search"", ""wishlist_add"", ""rage_click"", ""check_policy"", ""contact_support"", ""view_returns"", ""page_view"", ""begin_checkout"", ""rage_click"", ""wishlist_add""]",IN,tablet,premium,0,1,0,55.629135292924175,20,0
user_1581,"[""view_item"", ""purchase"", ""view_item"", ""add_to_cart"", ""view_returns"", ""add_to_cart"", ""view_item"", ""purchase""]",DE,mobile,enterprise,1,1,1,43.62413949818741,36,0
user_1582,"[""add_to_cart"", ""page_view"", ""wishlist_add"", ""add_to_cart"", ""purchase"", ""add_to_cart"", ""rage_click"", ""check_policy"", ""begin_checkout"", ""view_item"", ""rage_click"", ""begin_checkout"", ""check_policy"", ""rage_click"", ""remove_from_cart"", ""rage_click"", ""page_view"", ""wishlist_add""]",CN,tablet,premium,0,2,9,1142.8654648880715,97,0
user_1583,"[""view_item"", ""view_returns"", ""begin_checkout"", ""add_to_cart"", ""view_item"", ""view_returns"", ""check_policy"", ""rage_click"", ""view_returns"", ""search""]",IN,tablet,free,1,0,0,4.453477020844119,52,0
user_1584,"[""view_item"", ""view_item"", ""view_item"", ""search"", ""wishlist_add"", ""purchase"", ""check_policy"", ""wishlist_add""]",BR,tablet,premium,1,0,2,118.09423990541038,59,0
user_1585,"[""view_item"", ""remove_from_cart"", ""add_to_cart"", ""search"", ""remove_from_cart"", ""begin_checkout"", ""check_policy"", ""rage_click"", ""search"", ""view_item""]",US,tablet,enterprise,1,0,3,10.668463179741199,29,1
user_1586,"[""add_to_cart"", ""rage_click"", ""contact_support"", ""wishlist_add"", ""remove_from_cart"", ""add_to_cart"", ""contact_support"", ""purchase"", ""contact_support"", ""rage_click"", ""check_policy"", ""remove_from_cart""]",CN,desktop,enterprise,0,0,1,546.1369438001035,22,1
user_1587,"[""contact_support"", ""remove_from_cart"", ""add_to_cart"", ""wishlist_add"", ""add_to_cart"", ""wishlist_add"", ""rage_click""]",US,mobile,premium,0,0,1,262.78637087803287,56,0
user_1588,"[""rage_click"", ""wishlist_add"", ""contact_support"", ""begin_checkout"", ""check_policy"", ""begin_checkout"", ""page_view"", ""view_item""]",BR,desktop,enterprise,0,2,0,14.741901233479666,17,0
user_1589,"[""begin_checkout"", ""purchase"", ""check_policy"", ""view_item"", ""contact_support"", ""rage_click"", ""purchase"", ""view_item"", ""view_item"", ""add_to_cart"", ""page_view"", ""rage_click"", ""contact_support"", ""search"", ""remove_from_cart""]",IN,desktop,enterprise,0,0,0,286.635914161003,78,0
user_1590,"[""check_policy"", ""page_view"", ""add_to_cart"", ""add_to_cart"", ""view_item"", ""view_returns"", ""begin_checkout"", ""page_view"", ""wishlist_add""]",JP,mobile,free,0,0,2,39.4074613299707,80,0
user_1591,"[""page_view"", ""purchase"", ""rage_click"", ""search"", ""check_policy"", ""begin_checkout""]",FR,desktop,premium,0,1,2,205.39458340903934,73,0
user_1592,"[""add_to_cart"", ""wishlist_add"", ""wishlist_add"", ""view_returns"", ""contact_support"", ""remove_from_cart"", ""rage_click"", ""begin_checkout"", ""purchase"", ""begin_checkout"", ""contact_support"", ""wishlist_add"", ""search"", ""check_policy"", ""check_policy"", ""page_view""]",UK,tablet,free,0,2,3,332.06554749305155,53,0
user_1593,"[""check_policy"", ""view_returns"", ""remove_from_cart"", ""purchase"", ""search"", ""wishlist_add""]",JP,mobile,free,1,0,2,48.22921147817212,21,0
user_1594,"[""add_to_cart"", ""check_policy"", ""search"", ""add_to_cart"", ""search"", ""check_policy"", ""wishlist_add"", ""search"", ""wishlist_add"", ""search"", ""view_returns"", ""add_to_cart"", ""view_item"", ""wishlist_add""]",UK,desktop,enterprise,1,1,4,206.17959843326256,13,0
user_1595,"[""remove_from_cart"", ""view_returns"", ""view_item"", ""remove_from_cart"", ""view_item"", ""view_item"", ""view_item"", ""page_view"", ""remove_from_cart"", ""view_item""]",CN,desktop,free,0,0,1,183.42090630344313,49,1
user_1596,"[""rage_click"", ""search"", ""search"", ""check_policy"", ""purchase"", ""wishlist_add"", ""add_to_cart"", ""wishlist_add"", ""check_policy"", ""page_view"", ""rage_click"", ""remove_from_cart"", ""purchase""]",UK,tablet,premium,0,0,5,742.1917111728362,28,0
user_1597,"[""search"", ""add_to_cart"", ""remove_from_cart"", ""search"", ""contact_support"", ""add_to_cart"", ""purchase"", ""page_view"", ""view_returns"", ""view_returns""]",CN,desktop,premium,1,1,2,1634.8393886172319,63,0
user_1598,"[""purchase"", ""page_view"", ""add_to_cart"", ""page_view"", ""begin_checkout"", ""add_to_cart"", ""view_item"", ""add_to_cart"", ""rage_click"", ""search"", ""view_returns"", ""add_to_cart"", ""search""]",UK,desktop,premium,1,0,3,318.80660338933654,10,0
user_1599,"[""begin_checkout"", ""wishlist_add"", ""wishlist_add"", ""wishlist_add"", ""page_view"", ""remove_from_cart""]",DE,desktop,free,0,1,1,579.0152002376244,22,0
